The system is: Linux - 6.8.0-1049-oracle - aarch64
Compiling the C compiler identification source file "CMakeCCompilerId.c" succeeded.
Compiler: /usr/bin/cc 
Build flags: 
Id flags:  

The output was:
0


Compilation of the C compiler identification source "CMakeCCompilerId.c" produced "a.out"

The C compiler identification is GNU, found in "/home/dev/workspace/workspace/build/CMakeFiles/3.25.1/CompilerIdC/a.out"

Detecting C compiler ABI info compiled with the following output:
Change Dir: /home/dev/workspace/workspace/build/CMakeFiles/CMakeScratch/TryCompile-iylrWv

Run Build Command(s):/usr/bin/gmake -f Makefile cmTC_7d5b2/fast && /usr/bin/gmake  -f CMakeFiles/cmTC_7d5b2.dir/build.make CMakeFiles/cmTC_7d5b2.dir/build
gmake[1]: Entering directory '/home/dev/workspace/workspace/build/CMakeFiles/CMakeScratch/TryCompile-iylrWv'
Building C object CMakeFiles/cmTC_7d5b2.dir/CMakeCCompilerABI.c.o
/usr/bin/cc   -v -o CMakeFiles/cmTC_7d5b2.dir/CMakeCCompilerABI.c.o -c /usr/share/cmake-3.25/Modules/CMakeCCompilerABI.c
Using built-in specs.
COLLECT_GCC=/usr/bin/cc
Target: aarch64-linux-gnu
Configured with: ../src/configure -v --with-pkgversion='Debian 12.2.0-14+deb12u1' --with-bugurl=file:///usr/share/doc/gcc-12/README.Bugs --enable-languages=c,ada,c++,go,d,fortran,objc,obj-c++,m2 --prefix=/usr --with-gcc-major-version-only --program-suffix=-12 --program-prefix=aarch64-linux-gnu- --enable-shared --enable-linker-build-id --libexecdir=/usr/lib --without-included-gettext --enable-threads=posix --libdir=/usr/lib --enable-nls --enable-clocale=gnu --enable-libstdcxx-debug --enable-libstdcxx-time=yes --with-default-libstdcxx-abi=new --enable-gnu-unique-object --disable-libquadmath --disable-libquadmath-support --enable-plugin --enable-default-pie --with-system-zlib --enable-libphobos-checking=release --with-target-system-zlib=auto --enable-objc-gc=auto --enable-multiarch --enable-fix-cortex-a53-843419 --disable-werror --enable-checking=release --build=aarch64-linux-gnu --host=aarch64-linux-gnu --target=aarch64-linux-gnu
Thread model: posix
Supported LTO compression algorithms: zlib zstd
gcc version 12.2.0 (Debian 12.2.0-14+deb12u1) 
COLLECT_GCC_OPTIONS='-v' '-o' 'CMakeFiles/cmTC_7d5b2.dir/CMakeCCompilerABI.c.o' '-c' '-mlittle-endian' '-mabi=lp64' '-dumpdir' 'CMakeFiles/cmTC_7d5b2.dir/'
 /usr/lib/gcc/aarch64-linux-gnu/12/cc1 -quiet -v -imultiarch aarch64-linux-gnu /usr/share/cmake-3.25/Modules/CMakeCCompilerABI.c -quiet -dumpdir CMakeFiles/cmTC_7d5b2.dir/ -dumpbase CMakeCCompilerABI.c.c -dumpbase-ext .c -mlittle-endian -mabi=lp64 -version -fasynchronous-unwind-tables -o /tmp/ccycWP3s.s
GNU C17 (Debian 12.2.0-14+deb12u1) version 12.2.0 (aarch64-linux-gnu)
	compiled by GNU C version 12.2.0, GMP version 6.2.1, MPFR version 4.2.0, MPC version 1.3.1, isl version isl-0.25-GMP

GGC heuristics: --param ggc-min-expand=100 --param ggc-min-heapsize=131072
ignoring nonexistent directory "/usr/local/include/aarch64-linux-gnu"
ignoring nonexistent directory "/usr/lib/gcc/aarch64-linux-gnu/12/include-fixed"
ignoring nonexistent directory "/usr/lib/gcc/aarch64-linux-gnu/12/../../../../aarch64-linux-gnu/include"
#include "..." search starts here:
#include <...> search starts here:
 /usr/lib/gcc/aarch64-linux-gnu/12/include
 /usr/local/include
 /usr/include/aarch64-linux-gnu
 /usr/include
End of search list.
GNU C17 (Debian 12.2.0-14+deb12u1) version 12.2.0 (aarch64-linux-gnu)
	compiled by GNU C version 12.2.0, GMP version 6.2.1, MPFR version 4.2.0, MPC version 1.3.1, isl version isl-0.25-GMP

GGC heuristics: --param ggc-min-expand=100 --param ggc-min-heapsize=131072
Compiler executable checksum: 353d9f3bda0709922bce3bd32cc6f6a4
COLLECT_GCC_OPTIONS='-v' '-o' 'CMakeFiles/cmTC_7d5b2.dir/CMakeCCompilerABI.c.o' '-c' '-mlittle-endian' '-mabi=lp64' '-dumpdir' 'CMakeFiles/cmTC_7d5b2.dir/'
 as -v -EL -mabi=lp64 -o CMakeFiles/cmTC_7d5b2.dir/CMakeCCompilerABI.c.o /tmp/ccycWP3s.s
GNU assembler version 2.40 (aarch64-linux-gnu) using BFD version (GNU Binutils for Debian) 2.40
COMPILER_PATH=/usr/lib/gcc/aarch64-linux-gnu/12/:/usr/lib/gcc/aarch64-linux-gnu/12/:/usr/lib/gcc/aarch64-linux-gnu/:/usr/lib/gcc/aarch64-linux-gnu/12/:/usr/lib/gcc/aarch64-linux-gnu/
LIBRARY_PATH=/usr/lib/gcc/aarch64-linux-gnu/12/:/usr/lib/gcc/aarch64-linux-gnu/12/../../../aarch64-linux-gnu/:/usr/lib/gcc/aarch64-linux-gnu/12/../../../../lib/:/lib/aarch64-linux-gnu/:/lib/../lib/:/usr/lib/aarch64-linux-gnu/:/usr/lib/../lib/:/usr/lib/gcc/aarch64-linux-gnu/12/../../../:/lib/:/usr/lib/
COLLECT_GCC_OPTIONS='-v' '-o' 'CMakeFiles/cmTC_7d5b2.dir/CMakeCCompilerABI.c.o' '-c' '-mlittle-endian' '-mabi=lp64' '-dumpdir' 'CMakeFiles/cmTC_7d5b2.dir/CMakeCCompilerABI.c.'
Linking C executable cmTC_7d5b2
/usr/bin/cmake -E cmake_link_script CMakeFiles/cmTC_7d5b2.dir/link.txt --verbose=1
/usr/bin/cc  -v CMakeFiles/cmTC_7d5b2.dir/CMakeCCompilerABI.c.o -o cmTC_7d5b2 
Using built-in specs.
COLLECT_GCC=/usr/bin/cc
COLLECT_LTO_WRAPPER=/usr/lib/gcc/aarch64-linux-gnu/12/lto-wrapper
Target: aarch64-linux-gnu
Configured with: ../src/configure -v --with-pkgversion='Debian 12.2.0-14+deb12u1' --with-bugurl=file:///usr/share/doc/gcc-12/README.Bugs --enable-languages=c,ada,c++,go,d,fortran,objc,obj-c++,m2 --prefix=/usr --with-gcc-major-version-only --program-suffix=-12 --program-prefix=aarch64-linux-gnu- --enable-shared --enable-linker-build-id --libexecdir=/usr/lib --without-included-gettext --enable-threads=posix --libdir=/usr/lib --enable-nls --enable-clocale=gnu --enable-libstdcxx-debug --enable-libstdcxx-time=yes --with-default-libstdcxx-abi=new --enable-gnu-unique-object --disable-libquadmath --disable-libquadmath-support --enable-plugin --enable-default-pie --with-system-zlib --enable-libphobos-checking=release --with-target-system-zlib=auto --enable-objc-gc=auto --enable-multiarch --enable-fix-cortex-a53-843419 --disable-werror --enable-checking=release --build=aarch64-linux-gnu --host=aarch64-linux-gnu --target=aarch64-linux-gnu
Thread model: posix
Supported LTO compression algorithms: zlib zstd
gcc version 12.2.0 (Debian 12.2.0-14+deb12u1) 
COMPILER_PATH=/usr/lib/gcc/aarch64-linux-gnu/12/:/usr/lib/gcc/aarch64-linux-gnu/12/:/usr/lib/gcc/aarch64-linux-gnu/:/usr/lib/gcc/aarch64-linux-gnu/12/:/usr/lib/gcc/aarch64-linux-gnu/
LIBRARY_PATH=/usr/lib/gcc/aarch64-linux-gnu/12/:/usr/lib/gcc/aarch64-linux-gnu/12/../../../aarch64-linux-gnu/:/usr/lib/gcc/aarch64-linux-gnu/12/../../../../lib/:/lib/aarch64-linux-gnu/:/lib/../lib/:/usr/lib/aarch64-linux-gnu/:/usr/lib/../lib/:/usr/lib/gcc/aarch64-linux-gnu/12/../../../:/lib/:/usr/lib/
COLLECT_GCC_OPTIONS='-v' '-o' 'cmTC_7d5b2' '-mlittle-endian' '-mabi=lp64' '-dumpdir' 'cmTC_7d5b2.'
 /usr/lib/gcc/aarch64-linux-gnu/12/collect2 -plugin /usr/lib/gcc/aarch64-linux-gnu/12/liblto_plugin.so -plugin-opt=/usr/lib/gcc/aarch64-linux-gnu/12/lto-wrapper -plugin-opt=-fresolution=/tmp/ccMojNG4.res -plugin-opt=-pass-through=-lgcc -plugin-opt=-pass-through=-lgcc_s -plugin-opt=-pass-through=-lc -plugin-opt=-pass-through=-lgcc -plugin-opt=-pass-through=-lgcc_s --build-id --eh-frame-hdr --hash-style=gnu --as-needed -dynamic-linker /lib/ld-linux-aarch64.so.1 -X -EL -maarch64linux --fix-cortex-a53-843419 -pie -o cmTC_7d5b2 /usr/lib/gcc/aarch64-linux-gnu/12/../../../aarch64-linux-gnu/Scrt1.o /usr/lib/gcc/aarch64-linux-gnu/12/../../../aarch64-linux-gnu/crti.o /usr/lib/gcc/aarch64-linux-gnu/12/crtbeginS.o -L/usr/lib/gcc/aarch64-linux-gnu/12 -L/usr/lib/gcc/aarch64-linux-gnu/12/../../../aarch64-linux-gnu -L/usr/lib/gcc/aarch64-linux-gnu/12/../../../../lib -L/lib/aarch64-linux-gnu -L/lib/../lib -L/usr/lib/aarch64-linux-gnu -L/usr/lib/../lib -L/usr/lib/gcc/aarch64-linux-gnu/12/../../.. CMakeFiles/cmTC_7d5b2.dir/CMakeCCompilerABI.c.o -lgcc --push-state --as-needed -lgcc_s --pop-state -lc -lgcc --push-state --as-needed -lgcc_s --pop-state /usr/lib/gcc/aarch64-linux-gnu/12/crtendS.o /usr/lib/gcc/aarch64-linux-gnu/12/../../../aarch64-linux-gnu/crtn.o
COLLECT_GCC_OPTIONS='-v' '-o' 'cmTC_7d5b2' '-mlittle-endian' '-mabi=lp64' '-dumpdir' 'cmTC_7d5b2.'
gmake[1]: Leaving directory '/home/dev/workspace/workspace/build/CMakeFiles/CMakeScratch/TryCompile-iylrWv'



Parsed C implicit include dir info from above output: rv=done
  found start of include info
  found start of implicit include info
    add: [/usr/lib/gcc/aarch64-linux-gnu/12/include]
    add: [/usr/local/include]
    add: [/usr/include/aarch64-linux-gnu]
    add: [/usr/include]
  end of search list found
  collapse include dir [/usr/lib/gcc/aarch64-linux-gnu/12/include] ==> [/usr/lib/gcc/aarch64-linux-gnu/12/include]
  collapse include dir [/usr/local/include] ==> [/usr/local/include]
  collapse include dir [/usr/include/aarch64-linux-gnu] ==> [/usr/include/aarch64-linux-gnu]
  collapse include dir [/usr/include] ==> [/usr/include]
  implicit include dirs: [/usr/lib/gcc/aarch64-linux-gnu/12/include;/usr/local/include;/usr/include/aarch64-linux-gnu;/usr/include]


Parsed C implicit link information from above output:
  link line regex: [^( *|.*[/\])(ld|CMAKE_LINK_STARTFILE-NOTFOUND|([^/\]+-)?ld|collect2)[^/\]*( |$)]
  ignore line: [Change Dir: /home/dev/workspace/workspace/build/CMakeFiles/CMakeScratch/TryCompile-iylrWv]
  ignore line: []
  ignore line: [Run Build Command(s):/usr/bin/gmake -f Makefile cmTC_7d5b2/fast && /usr/bin/gmake  -f CMakeFiles/cmTC_7d5b2.dir/build.make CMakeFiles/cmTC_7d5b2.dir/build]
  ignore line: [gmake[1]: Entering directory '/home/dev/workspace/workspace/build/CMakeFiles/CMakeScratch/TryCompile-iylrWv']
  ignore line: [Building C object CMakeFiles/cmTC_7d5b2.dir/CMakeCCompilerABI.c.o]
  ignore line: [/usr/bin/cc   -v -o CMakeFiles/cmTC_7d5b2.dir/CMakeCCompilerABI.c.o -c /usr/share/cmake-3.25/Modules/CMakeCCompilerABI.c]
  ignore line: [Using built-in specs.]
  ignore line: [COLLECT_GCC=/usr/bin/cc]
  ignore line: [Target: aarch64-linux-gnu]
  ignore line: [Configured with: ../src/configure -v --with-pkgversion='Debian 12.2.0-14+deb12u1' --with-bugurl=file:///usr/share/doc/gcc-12/README.Bugs --enable-languages=c ada c++ go d fortran objc obj-c++ m2 --prefix=/usr --with-gcc-major-version-only --program-suffix=-12 --program-prefix=aarch64-linux-gnu- --enable-shared --enable-linker-build-id --libexecdir=/usr/lib --without-included-gettext --enable-threads=posix --libdir=/usr/lib --enable-nls --enable-clocale=gnu --enable-libstdcxx-debug --enable-libstdcxx-time=yes --with-default-libstdcxx-abi=new --enable-gnu-unique-object --disable-libquadmath --disable-libquadmath-support --enable-plugin --enable-default-pie --with-system-zlib --enable-libphobos-checking=release --with-target-system-zlib=auto --enable-objc-gc=auto --enable-multiarch --enable-fix-cortex-a53-843419 --disable-werror --enable-checking=release --build=aarch64-linux-gnu --host=aarch64-linux-gnu --target=aarch64-linux-gnu]
  ignore line: [Thread model: posix]
  ignore line: [Supported LTO compression algorithms: zlib zstd]
  ignore line: [gcc version 12.2.0 (Debian 12.2.0-14+deb12u1) ]
  ignore line: [COLLECT_GCC_OPTIONS='-v' '-o' 'CMakeFiles/cmTC_7d5b2.dir/CMakeCCompilerABI.c.o' '-c' '-mlittle-endian' '-mabi=lp64' '-dumpdir' 'CMakeFiles/cmTC_7d5b2.dir/']
  ignore line: [ /usr/lib/gcc/aarch64-linux-gnu/12/cc1 -quiet -v -imultiarch aarch64-linux-gnu /usr/share/cmake-3.25/Modules/CMakeCCompilerABI.c -quiet -dumpdir CMakeFiles/cmTC_7d5b2.dir/ -dumpbase CMakeCCompilerABI.c.c -dumpbase-ext .c -mlittle-endian -mabi=lp64 -version -fasynchronous-unwind-tables -o /tmp/ccycWP3s.s]
  ignore line: [GNU C17 (Debian 12.2.0-14+deb12u1) version 12.2.0 (aarch64-linux-gnu)]
  ignore line: [	compiled by GNU C version 12.2.0  GMP version 6.2.1  MPFR version 4.2.0  MPC version 1.3.1  isl version isl-0.25-GMP]
  ignore line: []
  ignore line: [GGC heuristics: --param ggc-min-expand=100 --param ggc-min-heapsize=131072]
  ignore line: [ignoring nonexistent directory "/usr/local/include/aarch64-linux-gnu"]
  ignore line: [ignoring nonexistent directory "/usr/lib/gcc/aarch64-linux-gnu/12/include-fixed"]
  ignore line: [ignoring nonexistent directory "/usr/lib/gcc/aarch64-linux-gnu/12/../../../../aarch64-linux-gnu/include"]
  ignore line: [#include "..." search starts here:]
  ignore line: [#include <...> search starts here:]
  ignore line: [ /usr/lib/gcc/aarch64-linux-gnu/12/include]
  ignore line: [ /usr/local/include]
  ignore line: [ /usr/include/aarch64-linux-gnu]
  ignore line: [ /usr/include]
  ignore line: [End of search list.]
  ignore line: [GNU C17 (Debian 12.2.0-14+deb12u1) version 12.2.0 (aarch64-linux-gnu)]
  ignore line: [	compiled by GNU C version 12.2.0  GMP version 6.2.1  MPFR version 4.2.0  MPC version 1.3.1  isl version isl-0.25-GMP]
  ignore line: []
  ignore line: [GGC heuristics: --param ggc-min-expand=100 --param ggc-min-heapsize=131072]
  ignore line: [Compiler executable checksum: 353d9f3bda0709922bce3bd32cc6f6a4]
  ignore line: [COLLECT_GCC_OPTIONS='-v' '-o' 'CMakeFiles/cmTC_7d5b2.dir/CMakeCCompilerABI.c.o' '-c' '-mlittle-endian' '-mabi=lp64' '-dumpdir' 'CMakeFiles/cmTC_7d5b2.dir/']
  ignore line: [ as -v -EL -mabi=lp64 -o CMakeFiles/cmTC_7d5b2.dir/CMakeCCompilerABI.c.o /tmp/ccycWP3s.s]
  ignore line: [GNU assembler version 2.40 (aarch64-linux-gnu) using BFD version (GNU Binutils for Debian) 2.40]
  ignore line: [COMPILER_PATH=/usr/lib/gcc/aarch64-linux-gnu/12/:/usr/lib/gcc/aarch64-linux-gnu/12/:/usr/lib/gcc/aarch64-linux-gnu/:/usr/lib/gcc/aarch64-linux-gnu/12/:/usr/lib/gcc/aarch64-linux-gnu/]
  ignore line: [LIBRARY_PATH=/usr/lib/gcc/aarch64-linux-gnu/12/:/usr/lib/gcc/aarch64-linux-gnu/12/../../../aarch64-linux-gnu/:/usr/lib/gcc/aarch64-linux-gnu/12/../../../../lib/:/lib/aarch64-linux-gnu/:/lib/../lib/:/usr/lib/aarch64-linux-gnu/:/usr/lib/../lib/:/usr/lib/gcc/aarch64-linux-gnu/12/../../../:/lib/:/usr/lib/]
  ignore line: [COLLECT_GCC_OPTIONS='-v' '-o' 'CMakeFiles/cmTC_7d5b2.dir/CMakeCCompilerABI.c.o' '-c' '-mlittle-endian' '-mabi=lp64' '-dumpdir' 'CMakeFiles/cmTC_7d5b2.dir/CMakeCCompilerABI.c.']
  ignore line: [Linking C executable cmTC_7d5b2]
  ignore line: [/usr/bin/cmake -E cmake_link_script CMakeFiles/cmTC_7d5b2.dir/link.txt --verbose=1]
  ignore line: [/usr/bin/cc  -v CMakeFiles/cmTC_7d5b2.dir/CMakeCCompilerABI.c.o -o cmTC_7d5b2 ]
  ignore line: [Using built-in specs.]
  ignore line: [COLLECT_GCC=/usr/bin/cc]
  ignore line: [COLLECT_LTO_WRAPPER=/usr/lib/gcc/aarch64-linux-gnu/12/lto-wrapper]
  ignore line: [Target: aarch64-linux-gnu]
  ignore line: [Configured with: ../src/configure -v --with-pkgversion='Debian 12.2.0-14+deb12u1' --with-bugurl=file:///usr/share/doc/gcc-12/README.Bugs --enable-languages=c ada c++ go d fortran objc obj-c++ m2 --prefix=/usr --with-gcc-major-version-only --program-suffix=-12 --program-prefix=aarch64-linux-gnu- --enable-shared --enable-linker-build-id --libexecdir=/usr/lib --without-included-gettext --enable-threads=posix --libdir=/usr/lib --enable-nls --enable-clocale=gnu --enable-libstdcxx-debug --enable-libstdcxx-time=yes --with-default-libstdcxx-abi=new --enable-gnu-unique-object --disable-libquadmath --disable-libquadmath-support --enable-plugin --enable-default-pie --with-system-zlib --enable-libphobos-checking=release --with-target-system-zlib=auto --enable-objc-gc=auto --enable-multiarch --enable-fix-cortex-a53-843419 --disable-werror --enable-checking=release --build=aarch64-linux-gnu --host=aarch64-linux-gnu --target=aarch64-linux-gnu]
  ignore line: [Thread model: posix]
  ignore line: [Supported LTO compression algorithms: zlib zstd]
  ignore line: [gcc version 12.2.0 (Debian 12.2.0-14+deb12u1) ]
  ignore line: [COMPILER_PATH=/usr/lib/gcc/aarch64-linux-gnu/12/:/usr/lib/gcc/aarch64-linux-gnu/12/:/usr/lib/gcc/aarch64-linux-gnu/:/usr/lib/gcc/aarch64-linux-gnu/12/:/usr/lib/gcc/aarch64-linux-gnu/]
  ignore line: [LIBRARY_PATH=/usr/lib/gcc/aarch64-linux-gnu/12/:/usr/lib/gcc/aarch64-linux-gnu/12/../../../aarch64-linux-gnu/:/usr/lib/gcc/aarch64-linux-gnu/12/../../../../lib/:/lib/aarch64-linux-gnu/:/lib/../lib/:/usr/lib/aarch64-linux-gnu/:/usr/lib/../lib/:/usr/lib/gcc/aarch64-linux-gnu/12/../../../:/lib/:/usr/lib/]
  ignore line: [COLLECT_GCC_OPTIONS='-v' '-o' 'cmTC_7d5b2' '-mlittle-endian' '-mabi=lp64' '-dumpdir' 'cmTC_7d5b2.']
  link line: [ /usr/lib/gcc/aarch64-linux-gnu/12/collect2 -plugin /usr/lib/gcc/aarch64-linux-gnu/12/liblto_plugin.so -plugin-opt=/usr/lib/gcc/aarch64-linux-gnu/12/lto-wrapper -plugin-opt=-fresolution=/tmp/ccMojNG4.res -plugin-opt=-pass-through=-lgcc -plugin-opt=-pass-through=-lgcc_s -plugin-opt=-pass-through=-lc -plugin-opt=-pass-through=-lgcc -plugin-opt=-pass-through=-lgcc_s --build-id --eh-frame-hdr --hash-style=gnu --as-needed -dynamic-linker /lib/ld-linux-aarch64.so.1 -X -EL -maarch64linux --fix-cortex-a53-843419 -pie -o cmTC_7d5b2 /usr/lib/gcc/aarch64-linux-gnu/12/../../../aarch64-linux-gnu/Scrt1.o /usr/lib/gcc/aarch64-linux-gnu/12/../../../aarch64-linux-gnu/crti.o /usr/lib/gcc/aarch64-linux-gnu/12/crtbeginS.o -L/usr/lib/gcc/aarch64-linux-gnu/12 -L/usr/lib/gcc/aarch64-linux-gnu/12/../../../aarch64-linux-gnu -L/usr/lib/gcc/aarch64-linux-gnu/12/../../../../lib -L/lib/aarch64-linux-gnu -L/lib/../lib -L/usr/lib/aarch64-linux-gnu -L/usr/lib/../lib -L/usr/lib/gcc/aarch64-linux-gnu/12/../../.. CMakeFiles/cmTC_7d5b2.dir/CMakeCCompilerABI.c.o -lgcc --push-state --as-needed -lgcc_s --pop-state -lc -lgcc --push-state --as-needed -lgcc_s --pop-state /usr/lib/gcc/aarch64-linux-gnu/12/crtendS.o /usr/lib/gcc/aarch64-linux-gnu/12/../../../aarch64-linux-gnu/crtn.o]
    arg [/usr/lib/gcc/aarch64-linux-gnu/12/collect2] ==> ignore
    arg [-plugin] ==> ignore
    arg [/usr/lib/gcc/aarch64-linux-gnu/12/liblto_plugin.so] ==> ignore
    arg [-plugin-opt=/usr/lib/gcc/aarch64-linux-gnu/12/lto-wrapper] ==> ignore
    arg [-plugin-opt=-fresolution=/tmp/ccMojNG4.res] ==> ignore
    arg [-plugin-opt=-pass-through=-lgcc] ==> ignore
    arg [-plugin-opt=-pass-through=-lgcc_s] ==> ignore
    arg [-plugin-opt=-pass-through=-lc] ==> ignore
    arg [-plugin-opt=-pass-through=-lgcc] ==> ignore
    arg [-plugin-opt=-pass-through=-lgcc_s] ==> ignore
    arg [--build-id] ==> ignore
    arg [--eh-frame-hdr] ==> ignore
    arg [--hash-style=gnu] ==> ignore
    arg [--as-needed] ==> ignore
    arg [-dynamic-linker] ==> ignore
    arg [/lib/ld-linux-aarch64.so.1] ==> ignore
    arg [-X] ==> ignore
    arg [-EL] ==> ignore
    arg [-maarch64linux] ==> ignore
    arg [--fix-cortex-a53-843419] ==> ignore
    arg [-pie] ==> ignore
    arg [-o] ==> ignore
    arg [cmTC_7d5b2] ==> ignore
    arg [/usr/lib/gcc/aarch64-linux-gnu/12/../../../aarch64-linux-gnu/Scrt1.o] ==> obj [/usr/lib/gcc/aarch64-linux-gnu/12/../../../aarch64-linux-gnu/Scrt1.o]
    arg [/usr/lib/gcc/aarch64-linux-gnu/12/../../../aarch64-linux-gnu/crti.o] ==> obj [/usr/lib/gcc/aarch64-linux-gnu/12/../../../aarch64-linux-gnu/crti.o]
    arg [/usr/lib/gcc/aarch64-linux-gnu/12/crtbeginS.o] ==> obj [/usr/lib/gcc/aarch64-linux-gnu/12/crtbeginS.o]
    arg [-L/usr/lib/gcc/aarch64-linux-gnu/12] ==> dir [/usr/lib/gcc/aarch64-linux-gnu/12]
    arg [-L/usr/lib/gcc/aarch64-linux-gnu/12/../../../aarch64-linux-gnu] ==> dir [/usr/lib/gcc/aarch64-linux-gnu/12/../../../aarch64-linux-gnu]
    arg [-L/usr/lib/gcc/aarch64-linux-gnu/12/../../../../lib] ==> dir [/usr/lib/gcc/aarch64-linux-gnu/12/../../../../lib]
    arg [-L/lib/aarch64-linux-gnu] ==> dir [/lib/aarch64-linux-gnu]
    arg [-L/lib/../lib] ==> dir [/lib/../lib]
    arg [-L/usr/lib/aarch64-linux-gnu] ==> dir [/usr/lib/aarch64-linux-gnu]
    arg [-L/usr/lib/../lib] ==> dir [/usr/lib/../lib]
    arg [-L/usr/lib/gcc/aarch64-linux-gnu/12/../../..] ==> dir [/usr/lib/gcc/aarch64-linux-gnu/12/../../..]
    arg [CMakeFiles/cmTC_7d5b2.dir/CMakeCCompilerABI.c.o] ==> ignore
    arg [-lgcc] ==> lib [gcc]
    arg [--push-state] ==> ignore
    arg [--as-needed] ==> ignore
    arg [-lgcc_s] ==> lib [gcc_s]
    arg [--pop-state] ==> ignore
    arg [-lc] ==> lib [c]
    arg [-lgcc] ==> lib [gcc]
    arg [--push-state] ==> ignore
    arg [--as-needed] ==> ignore
    arg [-lgcc_s] ==> lib [gcc_s]
    arg [--pop-state] ==> ignore
    arg [/usr/lib/gcc/aarch64-linux-gnu/12/crtendS.o] ==> obj [/usr/lib/gcc/aarch64-linux-gnu/12/crtendS.o]
    arg [/usr/lib/gcc/aarch64-linux-gnu/12/../../../aarch64-linux-gnu/crtn.o] ==> obj [/usr/lib/gcc/aarch64-linux-gnu/12/../../../aarch64-linux-gnu/crtn.o]
  collapse obj [/usr/lib/gcc/aarch64-linux-gnu/12/../../../aarch64-linux-gnu/Scrt1.o] ==> [/usr/lib/aarch64-linux-gnu/Scrt1.o]
  collapse obj [/usr/lib/gcc/aarch64-linux-gnu/12/../../../aarch64-linux-gnu/crti.o] ==> [/usr/lib/aarch64-linux-gnu/crti.o]
  collapse obj [/usr/lib/gcc/aarch64-linux-gnu/12/../../../aarch64-linux-gnu/crtn.o] ==> [/usr/lib/aarch64-linux-gnu/crtn.o]
  collapse library dir [/usr/lib/gcc/aarch64-linux-gnu/12] ==> [/usr/lib/gcc/aarch64-linux-gnu/12]
  collapse library dir [/usr/lib/gcc/aarch64-linux-gnu/12/../../../aarch64-linux-gnu] ==> [/usr/lib/aarch64-linux-gnu]
  collapse library dir [/usr/lib/gcc/aarch64-linux-gnu/12/../../../../lib] ==> [/usr/lib]
  collapse library dir [/lib/aarch64-linux-gnu] ==> [/lib/aarch64-linux-gnu]
  collapse library dir [/lib/../lib] ==> [/lib]
  collapse library dir [/usr/lib/aarch64-linux-gnu] ==> [/usr/lib/aarch64-linux-gnu]
  collapse library dir [/usr/lib/../lib] ==> [/usr/lib]
  collapse library dir [/usr/lib/gcc/aarch64-linux-gnu/12/../../..] ==> [/usr/lib]
  implicit libs: [gcc;gcc_s;c;gcc;gcc_s]
  implicit objs: [/usr/lib/aarch64-linux-gnu/Scrt1.o;/usr/lib/aarch64-linux-gnu/crti.o;/usr/lib/gcc/aarch64-linux-gnu/12/crtbeginS.o;/usr/lib/gcc/aarch64-linux-gnu/12/crtendS.o;/usr/lib/aarch64-linux-gnu/crtn.o]
  implicit dirs: [/usr/lib/gcc/aarch64-linux-gnu/12;/usr/lib/aarch64-linux-gnu;/usr/lib;/lib/aarch64-linux-gnu;/lib]
  implicit fwks: []


The system is: Linux - 6.8.0-1049-oracle - aarch64
Compiling the C compiler identification source file "CMakeCCompilerId.c" succeeded.
Compiler: /usr/bin/cc 
Build flags: 
Id flags:  

The output was:
0


Compilation of the C compiler identification source "CMakeCCompilerId.c" produced "a.out"

The C compiler identification is GNU, found in "/home/dev/workspace/workspace/build/CMakeFiles/3.25.1/CompilerIdC/a.out"

Detecting C compiler ABI info compiled with the following output:
Change Dir: /home/dev/workspace/workspace/build/CMakeFiles/CMakeScratch/TryCompile-hfP4u3

Run Build Command(s):/usr/bin/gmake -f Makefile cmTC_9f448/fast && /usr/bin/gmake  -f CMakeFiles/cmTC_9f448.dir/build.make CMakeFiles/cmTC_9f448.dir/build
gmake[1]: Entering directory '/home/dev/workspace/workspace/build/CMakeFiles/CMakeScratch/TryCompile-hfP4u3'
Building C object CMakeFiles/cmTC_9f448.dir/CMakeCCompilerABI.c.o
/usr/bin/cc   -v -o CMakeFiles/cmTC_9f448.dir/CMakeCCompilerABI.c.o -c /usr/share/cmake-3.25/Modules/CMakeCCompilerABI.c
Using built-in specs.
COLLECT_GCC=/usr/bin/cc
Target: aarch64-linux-gnu
Configured with: ../src/configure -v --with-pkgversion='Debian 12.2.0-14+deb12u1' --with-bugurl=file:///usr/share/doc/gcc-12/README.Bugs --enable-languages=c,ada,c++,go,d,fortran,objc,obj-c++,m2 --prefix=/usr --with-gcc-major-version-only --program-suffix=-12 --program-prefix=aarch64-linux-gnu- --enable-shared --enable-linker-build-id --libexecdir=/usr/lib --without-included-gettext --enable-threads=posix --libdir=/usr/lib --enable-nls --enable-clocale=gnu --enable-libstdcxx-debug --enable-libstdcxx-time=yes --with-default-libstdcxx-abi=new --enable-gnu-unique-object --disable-libquadmath --disable-libquadmath-support --enable-plugin --enable-default-pie --with-system-zlib --enable-libphobos-checking=release --with-target-system-zlib=auto --enable-objc-gc=auto --enable-multiarch --enable-fix-cortex-a53-843419 --disable-werror --enable-checking=release --build=aarch64-linux-gnu --host=aarch64-linux-gnu --target=aarch64-linux-gnu
Thread model: posix
Supported LTO compression algorithms: zlib zstd
gcc version 12.2.0 (Debian 12.2.0-14+deb12u1) 
COLLECT_GCC_OPTIONS='-v' '-o' 'CMakeFiles/cmTC_9f448.dir/CMakeCCompilerABI.c.o' '-c' '-mlittle-endian' '-mabi=lp64' '-dumpdir' 'CMakeFiles/cmTC_9f448.dir/'
 /usr/lib/gcc/aarch64-linux-gnu/12/cc1 -quiet -v -imultiarch aarch64-linux-gnu /usr/share/cmake-3.25/Modules/CMakeCCompilerABI.c -quiet -dumpdir CMakeFiles/cmTC_9f448.dir/ -dumpbase CMakeCCompilerABI.c.c -dumpbase-ext .c -mlittle-endian -mabi=lp64 -version -fasynchronous-unwind-tables -o /tmp/ccnAKZ3E.s
GNU C17 (Debian 12.2.0-14+deb12u1) version 12.2.0 (aarch64-linux-gnu)
	compiled by GNU C version 12.2.0, GMP version 6.2.1, MPFR version 4.2.0, MPC version 1.3.1, isl version isl-0.25-GMP

GGC heuristics: --param ggc-min-expand=100 --param ggc-min-heapsize=131072
ignoring nonexistent directory "/usr/local/include/aarch64-linux-gnu"
ignoring nonexistent directory "/usr/lib/gcc/aarch64-linux-gnu/12/include-fixed"
ignoring nonexistent directory "/usr/lib/gcc/aarch64-linux-gnu/12/../../../../aarch64-linux-gnu/include"
#include "..." search starts here:
#include <...> search starts here:
 /usr/lib/gcc/aarch64-linux-gnu/12/include
 /usr/local/include
 /usr/include/aarch64-linux-gnu
 /usr/include
End of search list.
GNU C17 (Debian 12.2.0-14+deb12u1) version 12.2.0 (aarch64-linux-gnu)
	compiled by GNU C version 12.2.0, GMP version 6.2.1, MPFR version 4.2.0, MPC version 1.3.1, isl version isl-0.25-GMP

GGC heuristics: --param ggc-min-expand=100 --param ggc-min-heapsize=131072
Compiler executable checksum: 353d9f3bda0709922bce3bd32cc6f6a4
COLLECT_GCC_OPTIONS='-v' '-o' 'CMakeFiles/cmTC_9f448.dir/CMakeCCompilerABI.c.o' '-c' '-mlittle-endian' '-mabi=lp64' '-dumpdir' 'CMakeFiles/cmTC_9f448.dir/'
 as -v -EL -mabi=lp64 -o CMakeFiles/cmTC_9f448.dir/CMakeCCompilerABI.c.o /tmp/ccnAKZ3E.s
GNU assembler version 2.40 (aarch64-linux-gnu) using BFD version (GNU Binutils for Debian) 2.40
COMPILER_PATH=/usr/lib/gcc/aarch64-linux-gnu/12/:/usr/lib/gcc/aarch64-linux-gnu/12/:/usr/lib/gcc/aarch64-linux-gnu/:/usr/lib/gcc/aarch64-linux-gnu/12/:/usr/lib/gcc/aarch64-linux-gnu/
LIBRARY_PATH=/usr/lib/gcc/aarch64-linux-gnu/12/:/usr/lib/gcc/aarch64-linux-gnu/12/../../../aarch64-linux-gnu/:/usr/lib/gcc/aarch64-linux-gnu/12/../../../../lib/:/lib/aarch64-linux-gnu/:/lib/../lib/:/usr/lib/aarch64-linux-gnu/:/usr/lib/../lib/:/usr/lib/gcc/aarch64-linux-gnu/12/../../../:/lib/:/usr/lib/
COLLECT_GCC_OPTIONS='-v' '-o' 'CMakeFiles/cmTC_9f448.dir/CMakeCCompilerABI.c.o' '-c' '-mlittle-endian' '-mabi=lp64' '-dumpdir' 'CMakeFiles/cmTC_9f448.dir/CMakeCCompilerABI.c.'
Linking C executable cmTC_9f448
/usr/bin/cmake -E cmake_link_script CMakeFiles/cmTC_9f448.dir/link.txt --verbose=1
/usr/bin/cc  -v CMakeFiles/cmTC_9f448.dir/CMakeCCompilerABI.c.o -o cmTC_9f448 
Using built-in specs.
COLLECT_GCC=/usr/bin/cc
COLLECT_LTO_WRAPPER=/usr/lib/gcc/aarch64-linux-gnu/12/lto-wrapper
Target: aarch64-linux-gnu
Configured with: ../src/configure -v --with-pkgversion='Debian 12.2.0-14+deb12u1' --with-bugurl=file:///usr/share/doc/gcc-12/README.Bugs --enable-languages=c,ada,c++,go,d,fortran,objc,obj-c++,m2 --prefix=/usr --with-gcc-major-version-only --program-suffix=-12 --program-prefix=aarch64-linux-gnu- --enable-shared --enable-linker-build-id --libexecdir=/usr/lib --without-included-gettext --enable-threads=posix --libdir=/usr/lib --enable-nls --enable-clocale=gnu --enable-libstdcxx-debug --enable-libstdcxx-time=yes --with-default-libstdcxx-abi=new --enable-gnu-unique-object --disable-libquadmath --disable-libquadmath-support --enable-plugin --enable-default-pie --with-system-zlib --enable-libphobos-checking=release --with-target-system-zlib=auto --enable-objc-gc=auto --enable-multiarch --enable-fix-cortex-a53-843419 --disable-werror --enable-checking=release --build=aarch64-linux-gnu --host=aarch64-linux-gnu --target=aarch64-linux-gnu
Thread model: posix
Supported LTO compression algorithms: zlib zstd
gcc version 12.2.0 (Debian 12.2.0-14+deb12u1) 
COMPILER_PATH=/usr/lib/gcc/aarch64-linux-gnu/12/:/usr/lib/gcc/aarch64-linux-gnu/12/:/usr/lib/gcc/aarch64-linux-gnu/:/usr/lib/gcc/aarch64-linux-gnu/12/:/usr/lib/gcc/aarch64-linux-gnu/
LIBRARY_PATH=/usr/lib/gcc/aarch64-linux-gnu/12/:/usr/lib/gcc/aarch64-linux-gnu/12/../../../aarch64-linux-gnu/:/usr/lib/gcc/aarch64-linux-gnu/12/../../../../lib/:/lib/aarch64-linux-gnu/:/lib/../lib/:/usr/lib/aarch64-linux-gnu/:/usr/lib/../lib/:/usr/lib/gcc/aarch64-linux-gnu/12/../../../:/lib/:/usr/lib/
COLLECT_GCC_OPTIONS='-v' '-o' 'cmTC_9f448' '-mlittle-endian' '-mabi=lp64' '-dumpdir' 'cmTC_9f448.'
 /usr/lib/gcc/aarch64-linux-gnu/12/collect2 -plugin /usr/lib/gcc/aarch64-linux-gnu/12/liblto_plugin.so -plugin-opt=/usr/lib/gcc/aarch64-linux-gnu/12/lto-wrapper -plugin-opt=-fresolution=/tmp/ccMk40zJ.res -plugin-opt=-pass-through=-lgcc -plugin-opt=-pass-through=-lgcc_s -plugin-opt=-pass-through=-lc -plugin-opt=-pass-through=-lgcc -plugin-opt=-pass-through=-lgcc_s --build-id --eh-frame-hdr --hash-style=gnu --as-needed -dynamic-linker /lib/ld-linux-aarch64.so.1 -X -EL -maarch64linux --fix-cortex-a53-843419 -pie -o cmTC_9f448 /usr/lib/gcc/aarch64-linux-gnu/12/../../../aarch64-linux-gnu/Scrt1.o /usr/lib/gcc/aarch64-linux-gnu/12/../../../aarch64-linux-gnu/crti.o /usr/lib/gcc/aarch64-linux-gnu/12/crtbeginS.o -L/usr/lib/gcc/aarch64-linux-gnu/12 -L/usr/lib/gcc/aarch64-linux-gnu/12/../../../aarch64-linux-gnu -L/usr/lib/gcc/aarch64-linux-gnu/12/../../../../lib -L/lib/aarch64-linux-gnu -L/lib/../lib -L/usr/lib/aarch64-linux-gnu -L/usr/lib/../lib -L/usr/lib/gcc/aarch64-linux-gnu/12/../../.. CMakeFiles/cmTC_9f448.dir/CMakeCCompilerABI.c.o -lgcc --push-state --as-needed -lgcc_s --pop-state -lc -lgcc --push-state --as-needed -lgcc_s --pop-state /usr/lib/gcc/aarch64-linux-gnu/12/crtendS.o /usr/lib/gcc/aarch64-linux-gnu/12/../../../aarch64-linux-gnu/crtn.o
COLLECT_GCC_OPTIONS='-v' '-o' 'cmTC_9f448' '-mlittle-endian' '-mabi=lp64' '-dumpdir' 'cmTC_9f448.'
gmake[1]: Leaving directory '/home/dev/workspace/workspace/build/CMakeFiles/CMakeScratch/TryCompile-hfP4u3'



Parsed C implicit include dir info from above output: rv=done
  found start of include info
  found start of implicit include info
    add: [/usr/lib/gcc/aarch64-linux-gnu/12/include]
    add: [/usr/local/include]
    add: [/usr/include/aarch64-linux-gnu]
    add: [/usr/include]
  end of search list found
  collapse include dir [/usr/lib/gcc/aarch64-linux-gnu/12/include] ==> [/usr/lib/gcc/aarch64-linux-gnu/12/include]
  collapse include dir [/usr/local/include] ==> [/usr/local/include]
  collapse include dir [/usr/include/aarch64-linux-gnu] ==> [/usr/include/aarch64-linux-gnu]
  collapse include dir [/usr/include] ==> [/usr/include]
  implicit include dirs: [/usr/lib/gcc/aarch64-linux-gnu/12/include;/usr/local/include;/usr/include/aarch64-linux-gnu;/usr/include]


Parsed C implicit link information from above output:
  link line regex: [^( *|.*[/\])(ld|CMAKE_LINK_STARTFILE-NOTFOUND|([^/\]+-)?ld|collect2)[^/\]*( |$)]
  ignore line: [Change Dir: /home/dev/workspace/workspace/build/CMakeFiles/CMakeScratch/TryCompile-hfP4u3]
  ignore line: []
  ignore line: [Run Build Command(s):/usr/bin/gmake -f Makefile cmTC_9f448/fast && /usr/bin/gmake  -f CMakeFiles/cmTC_9f448.dir/build.make CMakeFiles/cmTC_9f448.dir/build]
  ignore line: [gmake[1]: Entering directory '/home/dev/workspace/workspace/build/CMakeFiles/CMakeScratch/TryCompile-hfP4u3']
  ignore line: [Building C object CMakeFiles/cmTC_9f448.dir/CMakeCCompilerABI.c.o]
  ignore line: [/usr/bin/cc   -v -o CMakeFiles/cmTC_9f448.dir/CMakeCCompilerABI.c.o -c /usr/share/cmake-3.25/Modules/CMakeCCompilerABI.c]
  ignore line: [Using built-in specs.]
  ignore line: [COLLECT_GCC=/usr/bin/cc]
  ignore line: [Target: aarch64-linux-gnu]
  ignore line: [Configured with: ../src/configure -v --with-pkgversion='Debian 12.2.0-14+deb12u1' --with-bugurl=file:///usr/share/doc/gcc-12/README.Bugs --enable-languages=c ada c++ go d fortran objc obj-c++ m2 --prefix=/usr --with-gcc-major-version-only --program-suffix=-12 --program-prefix=aarch64-linux-gnu- --enable-shared --enable-linker-build-id --libexecdir=/usr/lib --without-included-gettext --enable-threads=posix --libdir=/usr/lib --enable-nls --enable-clocale=gnu --enable-libstdcxx-debug --enable-libstdcxx-time=yes --with-default-libstdcxx-abi=new --enable-gnu-unique-object --disable-libquadmath --disable-libquadmath-support --enable-plugin --enable-default-pie --with-system-zlib --enable-libphobos-checking=release --with-target-system-zlib=auto --enable-objc-gc=auto --enable-multiarch --enable-fix-cortex-a53-843419 --disable-werror --enable-checking=release --build=aarch64-linux-gnu --host=aarch64-linux-gnu --target=aarch64-linux-gnu]
  ignore line: [Thread model: posix]
  ignore line: [Supported LTO compression algorithms: zlib zstd]
  ignore line: [gcc version 12.2.0 (Debian 12.2.0-14+deb12u1) ]
  ignore line: [COLLECT_GCC_OPTIONS='-v' '-o' 'CMakeFiles/cmTC_9f448.dir/CMakeCCompilerABI.c.o' '-c' '-mlittle-endian' '-mabi=lp64' '-dumpdir' 'CMakeFiles/cmTC_9f448.dir/']
  ignore line: [ /usr/lib/gcc/aarch64-linux-gnu/12/cc1 -quiet -v -imultiarch aarch64-linux-gnu /usr/share/cmake-3.25/Modules/CMakeCCompilerABI.c -quiet -dumpdir CMakeFiles/cmTC_9f448.dir/ -dumpbase CMakeCCompilerABI.c.c -dumpbase-ext .c -mlittle-endian -mabi=lp64 -version -fasynchronous-unwind-tables -o /tmp/ccnAKZ3E.s]
  ignore line: [GNU C17 (Debian 12.2.0-14+deb12u1) version 12.2.0 (aarch64-linux-gnu)]
  ignore line: [	compiled by GNU C version 12.2.0  GMP version 6.2.1  MPFR version 4.2.0  MPC version 1.3.1  isl version isl-0.25-GMP]
  ignore line: []
  ignore line: [GGC heuristics: --param ggc-min-expand=100 --param ggc-min-heapsize=131072]
  ignore line: [ignoring nonexistent directory "/usr/local/include/aarch64-linux-gnu"]
  ignore line: [ignoring nonexistent directory "/usr/lib/gcc/aarch64-linux-gnu/12/include-fixed"]
  ignore line: [ignoring nonexistent directory "/usr/lib/gcc/aarch64-linux-gnu/12/../../../../aarch64-linux-gnu/include"]
  ignore line: [#include "..." search starts here:]
  ignore line: [#include <...> search starts here:]
  ignore line: [ /usr/lib/gcc/aarch64-linux-gnu/12/include]
  ignore line: [ /usr/local/include]
  ignore line: [ /usr/include/aarch64-linux-gnu]
  ignore line: [ /usr/include]
  ignore line: [End of search list.]
  ignore line: [GNU C17 (Debian 12.2.0-14+deb12u1) version 12.2.0 (aarch64-linux-gnu)]
  ignore line: [	compiled by GNU C version 12.2.0  GMP version 6.2.1  MPFR version 4.2.0  MPC version 1.3.1  isl version isl-0.25-GMP]
  ignore line: []
  ignore line: [GGC heuristics: --param ggc-min-expand=100 --param ggc-min-heapsize=131072]
  ignore line: [Compiler executable checksum: 353d9f3bda0709922bce3bd32cc6f6a4]
  ignore line: [COLLECT_GCC_OPTIONS='-v' '-o' 'CMakeFiles/cmTC_9f448.dir/CMakeCCompilerABI.c.o' '-c' '-mlittle-endian' '-mabi=lp64' '-dumpdir' 'CMakeFiles/cmTC_9f448.dir/']
  ignore line: [ as -v -EL -mabi=lp64 -o CMakeFiles/cmTC_9f448.dir/CMakeCCompilerABI.c.o /tmp/ccnAKZ3E.s]
  ignore line: [GNU assembler version 2.40 (aarch64-linux-gnu) using BFD version (GNU Binutils for Debian) 2.40]
  ignore line: [COMPILER_PATH=/usr/lib/gcc/aarch64-linux-gnu/12/:/usr/lib/gcc/aarch64-linux-gnu/12/:/usr/lib/gcc/aarch64-linux-gnu/:/usr/lib/gcc/aarch64-linux-gnu/12/:/usr/lib/gcc/aarch64-linux-gnu/]
  ignore line: [LIBRARY_PATH=/usr/lib/gcc/aarch64-linux-gnu/12/:/usr/lib/gcc/aarch64-linux-gnu/12/../../../aarch64-linux-gnu/:/usr/lib/gcc/aarch64-linux-gnu/12/../../../../lib/:/lib/aarch64-linux-gnu/:/lib/../lib/:/usr/lib/aarch64-linux-gnu/:/usr/lib/../lib/:/usr/lib/gcc/aarch64-linux-gnu/12/../../../:/lib/:/usr/lib/]
  ignore line: [COLLECT_GCC_OPTIONS='-v' '-o' 'CMakeFiles/cmTC_9f448.dir/CMakeCCompilerABI.c.o' '-c' '-mlittle-endian' '-mabi=lp64' '-dumpdir' 'CMakeFiles/cmTC_9f448.dir/CMakeCCompilerABI.c.']
  ignore line: [Linking C executable cmTC_9f448]
  ignore line: [/usr/bin/cmake -E cmake_link_script CMakeFiles/cmTC_9f448.dir/link.txt --verbose=1]
  ignore line: [/usr/bin/cc  -v CMakeFiles/cmTC_9f448.dir/CMakeCCompilerABI.c.o -o cmTC_9f448 ]
  ignore line: [Using built-in specs.]
  ignore line: [COLLECT_GCC=/usr/bin/cc]
  ignore line: [COLLECT_LTO_WRAPPER=/usr/lib/gcc/aarch64-linux-gnu/12/lto-wrapper]
  ignore line: [Target: aarch64-linux-gnu]
  ignore line: [Configured with: ../src/configure -v --with-pkgversion='Debian 12.2.0-14+deb12u1' --with-bugurl=file:///usr/share/doc/gcc-12/README.Bugs --enable-languages=c ada c++ go d fortran objc obj-c++ m2 --prefix=/usr --with-gcc-major-version-only --program-suffix=-12 --program-prefix=aarch64-linux-gnu- --enable-shared --enable-linker-build-id --libexecdir=/usr/lib --without-included-gettext --enable-threads=posix --libdir=/usr/lib --enable-nls --enable-clocale=gnu --enable-libstdcxx-debug --enable-libstdcxx-time=yes --with-default-libstdcxx-abi=new --enable-gnu-unique-object --disable-libquadmath --disable-libquadmath-support --enable-plugin --enable-default-pie --with-system-zlib --enable-libphobos-checking=release --with-target-system-zlib=auto --enable-objc-gc=auto --enable-multiarch --enable-fix-cortex-a53-843419 --disable-werror --enable-checking=release --build=aarch64-linux-gnu --host=aarch64-linux-gnu --target=aarch64-linux-gnu]
  ignore line: [Thread model: posix]
  ignore line: [Supported LTO compression algorithms: zlib zstd]
  ignore line: [gcc version 12.2.0 (Debian 12.2.0-14+deb12u1) ]
  ignore line: [COMPILER_PATH=/usr/lib/gcc/aarch64-linux-gnu/12/:/usr/lib/gcc/aarch64-linux-gnu/12/:/usr/lib/gcc/aarch64-linux-gnu/:/usr/lib/gcc/aarch64-linux-gnu/12/:/usr/lib/gcc/aarch64-linux-gnu/]
  ignore line: [LIBRARY_PATH=/usr/lib/gcc/aarch64-linux-gnu/12/:/usr/lib/gcc/aarch64-linux-gnu/12/../../../aarch64-linux-gnu/:/usr/lib/gcc/aarch64-linux-gnu/12/../../../../lib/:/lib/aarch64-linux-gnu/:/lib/../lib/:/usr/lib/aarch64-linux-gnu/:/usr/lib/../lib/:/usr/lib/gcc/aarch64-linux-gnu/12/../../../:/lib/:/usr/lib/]
  ignore line: [COLLECT_GCC_OPTIONS='-v' '-o' 'cmTC_9f448' '-mlittle-endian' '-mabi=lp64' '-dumpdir' 'cmTC_9f448.']
  link line: [ /usr/lib/gcc/aarch64-linux-gnu/12/collect2 -plugin /usr/lib/gcc/aarch64-linux-gnu/12/liblto_plugin.so -plugin-opt=/usr/lib/gcc/aarch64-linux-gnu/12/lto-wrapper -plugin-opt=-fresolution=/tmp/ccMk40zJ.res -plugin-opt=-pass-through=-lgcc -plugin-opt=-pass-through=-lgcc_s -plugin-opt=-pass-through=-lc -plugin-opt=-pass-through=-lgcc -plugin-opt=-pass-through=-lgcc_s --build-id --eh-frame-hdr --hash-style=gnu --as-needed -dynamic-linker /lib/ld-linux-aarch64.so.1 -X -EL -maarch64linux --fix-cortex-a53-843419 -pie -o cmTC_9f448 /usr/lib/gcc/aarch64-linux-gnu/12/../../../aarch64-linux-gnu/Scrt1.o /usr/lib/gcc/aarch64-linux-gnu/12/../../../aarch64-linux-gnu/crti.o /usr/lib/gcc/aarch64-linux-gnu/12/crtbeginS.o -L/usr/lib/gcc/aarch64-linux-gnu/12 -L/usr/lib/gcc/aarch64-linux-gnu/12/../../../aarch64-linux-gnu -L/usr/lib/gcc/aarch64-linux-gnu/12/../../../../lib -L/lib/aarch64-linux-gnu -L/lib/../lib -L/usr/lib/aarch64-linux-gnu -L/usr/lib/../lib -L/usr/lib/gcc/aarch64-linux-gnu/12/../../.. CMakeFiles/cmTC_9f448.dir/CMakeCCompilerABI.c.o -lgcc --push-state --as-needed -lgcc_s --pop-state -lc -lgcc --push-state --as-needed -lgcc_s --pop-state /usr/lib/gcc/aarch64-linux-gnu/12/crtendS.o /usr/lib/gcc/aarch64-linux-gnu/12/../../../aarch64-linux-gnu/crtn.o]
    arg [/usr/lib/gcc/aarch64-linux-gnu/12/collect2] ==> ignore
    arg [-plugin] ==> ignore
    arg [/usr/lib/gcc/aarch64-linux-gnu/12/liblto_plugin.so] ==> ignore
    arg [-plugin-opt=/usr/lib/gcc/aarch64-linux-gnu/12/lto-wrapper] ==> ignore
    arg [-plugin-opt=-fresolution=/tmp/ccMk40zJ.res] ==> ignore
    arg [-plugin-opt=-pass-through=-lgcc] ==> ignore
    arg [-plugin-opt=-pass-through=-lgcc_s] ==> ignore
    arg [-plugin-opt=-pass-through=-lc] ==> ignore
    arg [-plugin-opt=-pass-through=-lgcc] ==> ignore
    arg [-plugin-opt=-pass-through=-lgcc_s] ==> ignore
    arg [--build-id] ==> ignore
    arg [--eh-frame-hdr] ==> ignore
    arg [--hash-style=gnu] ==> ignore
    arg [--as-needed] ==> ignore
    arg [-dynamic-linker] ==> ignore
    arg [/lib/ld-linux-aarch64.so.1] ==> ignore
    arg [-X] ==> ignore
    arg [-EL] ==> ignore
    arg [-maarch64linux] ==> ignore
    arg [--fix-cortex-a53-843419] ==> ignore
    arg [-pie] ==> ignore
    arg [-o] ==> ignore
    arg [cmTC_9f448] ==> ignore
    arg [/usr/lib/gcc/aarch64-linux-gnu/12/../../../aarch64-linux-gnu/Scrt1.o] ==> obj [/usr/lib/gcc/aarch64-linux-gnu/12/../../../aarch64-linux-gnu/Scrt1.o]
    arg [/usr/lib/gcc/aarch64-linux-gnu/12/../../../aarch64-linux-gnu/crti.o] ==> obj [/usr/lib/gcc/aarch64-linux-gnu/12/../../../aarch64-linux-gnu/crti.o]
    arg [/usr/lib/gcc/aarch64-linux-gnu/12/crtbeginS.o] ==> obj [/usr/lib/gcc/aarch64-linux-gnu/12/crtbeginS.o]
    arg [-L/usr/lib/gcc/aarch64-linux-gnu/12] ==> dir [/usr/lib/gcc/aarch64-linux-gnu/12]
    arg [-L/usr/lib/gcc/aarch64-linux-gnu/12/../../../aarch64-linux-gnu] ==> dir [/usr/lib/gcc/aarch64-linux-gnu/12/../../../aarch64-linux-gnu]
    arg [-L/usr/lib/gcc/aarch64-linux-gnu/12/../../../../lib] ==> dir [/usr/lib/gcc/aarch64-linux-gnu/12/../../../../lib]
    arg [-L/lib/aarch64-linux-gnu] ==> dir [/lib/aarch64-linux-gnu]
    arg [-L/lib/../lib] ==> dir [/lib/../lib]
    arg [-L/usr/lib/aarch64-linux-gnu] ==> dir [/usr/lib/aarch64-linux-gnu]
    arg [-L/usr/lib/../lib] ==> dir [/usr/lib/../lib]
    arg [-L/usr/lib/gcc/aarch64-linux-gnu/12/../../..] ==> dir [/usr/lib/gcc/aarch64-linux-gnu/12/../../..]
    arg [CMakeFiles/cmTC_9f448.dir/CMakeCCompilerABI.c.o] ==> ignore
    arg [-lgcc] ==> lib [gcc]
    arg [--push-state] ==> ignore
    arg [--as-needed] ==> ignore
    arg [-lgcc_s] ==> lib [gcc_s]
    arg [--pop-state] ==> ignore
    arg [-lc] ==> lib [c]
    arg [-lgcc] ==> lib [gcc]
    arg [--push-state] ==> ignore
    arg [--as-needed] ==> ignore
    arg [-lgcc_s] ==> lib [gcc_s]
    arg [--pop-state] ==> ignore
    arg [/usr/lib/gcc/aarch64-linux-gnu/12/crtendS.o] ==> obj [/usr/lib/gcc/aarch64-linux-gnu/12/crtendS.o]
    arg [/usr/lib/gcc/aarch64-linux-gnu/12/../../../aarch64-linux-gnu/crtn.o] ==> obj [/usr/lib/gcc/aarch64-linux-gnu/12/../../../aarch64-linux-gnu/crtn.o]
  collapse obj [/usr/lib/gcc/aarch64-linux-gnu/12/../../../aarch64-linux-gnu/Scrt1.o] ==> [/usr/lib/aarch64-linux-gnu/Scrt1.o]
  collapse obj [/usr/lib/gcc/aarch64-linux-gnu/12/../../../aarch64-linux-gnu/crti.o] ==> [/usr/lib/aarch64-linux-gnu/crti.o]
  collapse obj [/usr/lib/gcc/aarch64-linux-gnu/12/../../../aarch64-linux-gnu/crtn.o] ==> [/usr/lib/aarch64-linux-gnu/crtn.o]
  collapse library dir [/usr/lib/gcc/aarch64-linux-gnu/12] ==> [/usr/lib/gcc/aarch64-linux-gnu/12]
  collapse library dir [/usr/lib/gcc/aarch64-linux-gnu/12/../../../aarch64-linux-gnu] ==> [/usr/lib/aarch64-linux-gnu]
  collapse library dir [/usr/lib/gcc/aarch64-linux-gnu/12/../../../../lib] ==> [/usr/lib]
  collapse library dir [/lib/aarch64-linux-gnu] ==> [/lib/aarch64-linux-gnu]
  collapse library dir [/lib/../lib] ==> [/lib]
  collapse library dir [/usr/lib/aarch64-linux-gnu] ==> [/usr/lib/aarch64-linux-gnu]
  collapse library dir [/usr/lib/../lib] ==> [/usr/lib]
  collapse library dir [/usr/lib/gcc/aarch64-linux-gnu/12/../../..] ==> [/usr/lib]
  implicit libs: [gcc;gcc_s;c;gcc;gcc_s]
  implicit objs: [/usr/lib/aarch64-linux-gnu/Scrt1.o;/usr/lib/aarch64-linux-gnu/crti.o;/usr/lib/gcc/aarch64-linux-gnu/12/crtbeginS.o;/usr/lib/gcc/aarch64-linux-gnu/12/crtendS.o;/usr/lib/aarch64-linux-gnu/crtn.o]
  implicit dirs: [/usr/lib/gcc/aarch64-linux-gnu/12;/usr/lib/aarch64-linux-gnu;/usr/lib;/lib/aarch64-linux-gnu;/lib]
  implicit fwks: []


The system is: Linux - 6.8.0-1049-oracle - aarch64
Compiling the C compiler identification source file "CMakeCCompilerId.c" succeeded.
Compiler: /usr/bin/cc 
Build flags: 
Id flags:  

The output was:
0


Compilation of the C compiler identification source "CMakeCCompilerId.c" produced "a.out"

The C compiler identification is GNU, found in "/home/dev/workspace/workspace/build/CMakeFiles/3.25.1/CompilerIdC/a.out"

Detecting C compiler ABI info compiled with the following output:
Change Dir: /home/dev/workspace/workspace/build/CMakeFiles/CMakeScratch/TryCompile-FcopHp

Run Build Command(s):/usr/bin/gmake -f Makefile cmTC_c0ff6/fast && /usr/bin/gmake  -f CMakeFiles/cmTC_c0ff6.dir/build.make CMakeFiles/cmTC_c0ff6.dir/build
gmake[1]: Entering directory '/home/dev/workspace/workspace/build/CMakeFiles/CMakeScratch/TryCompile-FcopHp'
Building C object CMakeFiles/cmTC_c0ff6.dir/CMakeCCompilerABI.c.o
/usr/bin/cc   -v -o CMakeFiles/cmTC_c0ff6.dir/CMakeCCompilerABI.c.o -c /usr/share/cmake-3.25/Modules/CMakeCCompilerABI.c
Using built-in specs.
COLLECT_GCC=/usr/bin/cc
Target: aarch64-linux-gnu
Configured with: ../src/configure -v --with-pkgversion='Debian 12.2.0-14+deb12u1' --with-bugurl=file:///usr/share/doc/gcc-12/README.Bugs --enable-languages=c,ada,c++,go,d,fortran,objc,obj-c++,m2 --prefix=/usr --with-gcc-major-version-only --program-suffix=-12 --program-prefix=aarch64-linux-gnu- --enable-shared --enable-linker-build-id --libexecdir=/usr/lib --without-included-gettext --enable-threads=posix --libdir=/usr/lib --enable-nls --enable-clocale=gnu --enable-libstdcxx-debug --enable-libstdcxx-time=yes --with-default-libstdcxx-abi=new --enable-gnu-unique-object --disable-libquadmath --disable-libquadmath-support --enable-plugin --enable-default-pie --with-system-zlib --enable-libphobos-checking=release --with-target-system-zlib=auto --enable-objc-gc=auto --enable-multiarch --enable-fix-cortex-a53-843419 --disable-werror --enable-checking=release --build=aarch64-linux-gnu --host=aarch64-linux-gnu --target=aarch64-linux-gnu
Thread model: posix
Supported LTO compression algorithms: zlib zstd
gcc version 12.2.0 (Debian 12.2.0-14+deb12u1) 
COLLECT_GCC_OPTIONS='-v' '-o' 'CMakeFiles/cmTC_c0ff6.dir/CMakeCCompilerABI.c.o' '-c' '-mlittle-endian' '-mabi=lp64' '-dumpdir' 'CMakeFiles/cmTC_c0ff6.dir/'
 /usr/lib/gcc/aarch64-linux-gnu/12/cc1 -quiet -v -imultiarch aarch64-linux-gnu /usr/share/cmake-3.25/Modules/CMakeCCompilerABI.c -quiet -dumpdir CMakeFiles/cmTC_c0ff6.dir/ -dumpbase CMakeCCompilerABI.c.c -dumpbase-ext .c -mlittle-endian -mabi=lp64 -version -fasynchronous-unwind-tables -o /tmp/ccog73he.s
GNU C17 (Debian 12.2.0-14+deb12u1) version 12.2.0 (aarch64-linux-gnu)
	compiled by GNU C version 12.2.0, GMP version 6.2.1, MPFR version 4.2.0, MPC version 1.3.1, isl version isl-0.25-GMP

GGC heuristics: --param ggc-min-expand=100 --param ggc-min-heapsize=131072
ignoring nonexistent directory "/usr/local/include/aarch64-linux-gnu"
ignoring nonexistent directory "/usr/lib/gcc/aarch64-linux-gnu/12/include-fixed"
ignoring nonexistent directory "/usr/lib/gcc/aarch64-linux-gnu/12/../../../../aarch64-linux-gnu/include"
#include "..." search starts here:
#include <...> search starts here:
 /usr/lib/gcc/aarch64-linux-gnu/12/include
 /usr/local/include
 /usr/include/aarch64-linux-gnu
 /usr/include
End of search list.
GNU C17 (Debian 12.2.0-14+deb12u1) version 12.2.0 (aarch64-linux-gnu)
	compiled by GNU C version 12.2.0, GMP version 6.2.1, MPFR version 4.2.0, MPC version 1.3.1, isl version isl-0.25-GMP

GGC heuristics: --param ggc-min-expand=100 --param ggc-min-heapsize=131072
Compiler executable checksum: 353d9f3bda0709922bce3bd32cc6f6a4
COLLECT_GCC_OPTIONS='-v' '-o' 'CMakeFiles/cmTC_c0ff6.dir/CMakeCCompilerABI.c.o' '-c' '-mlittle-endian' '-mabi=lp64' '-dumpdir' 'CMakeFiles/cmTC_c0ff6.dir/'
 as -v -EL -mabi=lp64 -o CMakeFiles/cmTC_c0ff6.dir/CMakeCCompilerABI.c.o /tmp/ccog73he.s
GNU assembler version 2.40 (aarch64-linux-gnu) using BFD version (GNU Binutils for Debian) 2.40
COMPILER_PATH=/usr/lib/gcc/aarch64-linux-gnu/12/:/usr/lib/gcc/aarch64-linux-gnu/12/:/usr/lib/gcc/aarch64-linux-gnu/:/usr/lib/gcc/aarch64-linux-gnu/12/:/usr/lib/gcc/aarch64-linux-gnu/
LIBRARY_PATH=/usr/lib/gcc/aarch64-linux-gnu/12/:/usr/lib/gcc/aarch64-linux-gnu/12/../../../aarch64-linux-gnu/:/usr/lib/gcc/aarch64-linux-gnu/12/../../../../lib/:/lib/aarch64-linux-gnu/:/lib/../lib/:/usr/lib/aarch64-linux-gnu/:/usr/lib/../lib/:/usr/lib/gcc/aarch64-linux-gnu/12/../../../:/lib/:/usr/lib/
COLLECT_GCC_OPTIONS='-v' '-o' 'CMakeFiles/cmTC_c0ff6.dir/CMakeCCompilerABI.c.o' '-c' '-mlittle-endian' '-mabi=lp64' '-dumpdir' 'CMakeFiles/cmTC_c0ff6.dir/CMakeCCompilerABI.c.'
Linking C executable cmTC_c0ff6
/usr/bin/cmake -E cmake_link_script CMakeFiles/cmTC_c0ff6.dir/link.txt --verbose=1
/usr/bin/cc  -v CMakeFiles/cmTC_c0ff6.dir/CMakeCCompilerABI.c.o -o cmTC_c0ff6 
Using built-in specs.
COLLECT_GCC=/usr/bin/cc
COLLECT_LTO_WRAPPER=/usr/lib/gcc/aarch64-linux-gnu/12/lto-wrapper
Target: aarch64-linux-gnu
Configured with: ../src/configure -v --with-pkgversion='Debian 12.2.0-14+deb12u1' --with-bugurl=file:///usr/share/doc/gcc-12/README.Bugs --enable-languages=c,ada,c++,go,d,fortran,objc,obj-c++,m2 --prefix=/usr --with-gcc-major-version-only --program-suffix=-12 --program-prefix=aarch64-linux-gnu- --enable-shared --enable-linker-build-id --libexecdir=/usr/lib --without-included-gettext --enable-threads=posix --libdir=/usr/lib --enable-nls --enable-clocale=gnu --enable-libstdcxx-debug --enable-libstdcxx-time=yes --with-default-libstdcxx-abi=new --enable-gnu-unique-object --disable-libquadmath --disable-libquadmath-support --enable-plugin --enable-default-pie --with-system-zlib --enable-libphobos-checking=release --with-target-system-zlib=auto --enable-objc-gc=auto --enable-multiarch --enable-fix-cortex-a53-843419 --disable-werror --enable-checking=release --build=aarch64-linux-gnu --host=aarch64-linux-gnu --target=aarch64-linux-gnu
Thread model: posix
Supported LTO compression algorithms: zlib zstd
gcc version 12.2.0 (Debian 12.2.0-14+deb12u1) 
COMPILER_PATH=/usr/lib/gcc/aarch64-linux-gnu/12/:/usr/lib/gcc/aarch64-linux-gnu/12/:/usr/lib/gcc/aarch64-linux-gnu/:/usr/lib/gcc/aarch64-linux-gnu/12/:/usr/lib/gcc/aarch64-linux-gnu/
LIBRARY_PATH=/usr/lib/gcc/aarch64-linux-gnu/12/:/usr/lib/gcc/aarch64-linux-gnu/12/../../../aarch64-linux-gnu/:/usr/lib/gcc/aarch64-linux-gnu/12/../../../../lib/:/lib/aarch64-linux-gnu/:/lib/../lib/:/usr/lib/aarch64-linux-gnu/:/usr/lib/../lib/:/usr/lib/gcc/aarch64-linux-gnu/12/../../../:/lib/:/usr/lib/
COLLECT_GCC_OPTIONS='-v' '-o' 'cmTC_c0ff6' '-mlittle-endian' '-mabi=lp64' '-dumpdir' 'cmTC_c0ff6.'
 /usr/lib/gcc/aarch64-linux-gnu/12/collect2 -plugin /usr/lib/gcc/aarch64-linux-gnu/12/liblto_plugin.so -plugin-opt=/usr/lib/gcc/aarch64-linux-gnu/12/lto-wrapper -plugin-opt=-fresolution=/tmp/cclxyklr.res -plugin-opt=-pass-through=-lgcc -plugin-opt=-pass-through=-lgcc_s -plugin-opt=-pass-through=-lc -plugin-opt=-pass-through=-lgcc -plugin-opt=-pass-through=-lgcc_s --build-id --eh-frame-hdr --hash-style=gnu --as-needed -dynamic-linker /lib/ld-linux-aarch64.so.1 -X -EL -maarch64linux --fix-cortex-a53-843419 -pie -o cmTC_c0ff6 /usr/lib/gcc/aarch64-linux-gnu/12/../../../aarch64-linux-gnu/Scrt1.o /usr/lib/gcc/aarch64-linux-gnu/12/../../../aarch64-linux-gnu/crti.o /usr/lib/gcc/aarch64-linux-gnu/12/crtbeginS.o -L/usr/lib/gcc/aarch64-linux-gnu/12 -L/usr/lib/gcc/aarch64-linux-gnu/12/../../../aarch64-linux-gnu -L/usr/lib/gcc/aarch64-linux-gnu/12/../../../../lib -L/lib/aarch64-linux-gnu -L/lib/../lib -L/usr/lib/aarch64-linux-gnu -L/usr/lib/../lib -L/usr/lib/gcc/aarch64-linux-gnu/12/../../.. CMakeFiles/cmTC_c0ff6.dir/CMakeCCompilerABI.c.o -lgcc --push-state --as-needed -lgcc_s --pop-state -lc -lgcc --push-state --as-needed -lgcc_s --pop-state /usr/lib/gcc/aarch64-linux-gnu/12/crtendS.o /usr/lib/gcc/aarch64-linux-gnu/12/../../../aarch64-linux-gnu/crtn.o
COLLECT_GCC_OPTIONS='-v' '-o' 'cmTC_c0ff6' '-mlittle-endian' '-mabi=lp64' '-dumpdir' 'cmTC_c0ff6.'
gmake[1]: Leaving directory '/home/dev/workspace/workspace/build/CMakeFiles/CMakeScratch/TryCompile-FcopHp'



Parsed C implicit include dir info from above output: rv=done
  found start of include info
  found start of implicit include info
    add: [/usr/lib/gcc/aarch64-linux-gnu/12/include]
    add: [/usr/local/include]
    add: [/usr/include/aarch64-linux-gnu]
    add: [/usr/include]
  end of search list found
  collapse include dir [/usr/lib/gcc/aarch64-linux-gnu/12/include] ==> [/usr/lib/gcc/aarch64-linux-gnu/12/include]
  collapse include dir [/usr/local/include] ==> [/usr/local/include]
  collapse include dir [/usr/include/aarch64-linux-gnu] ==> [/usr/include/aarch64-linux-gnu]
  collapse include dir [/usr/include] ==> [/usr/include]
  implicit include dirs: [/usr/lib/gcc/aarch64-linux-gnu/12/include;/usr/local/include;/usr/include/aarch64-linux-gnu;/usr/include]


Parsed C implicit link information from above output:
  link line regex: [^( *|.*[/\])(ld|CMAKE_LINK_STARTFILE-NOTFOUND|([^/\]+-)?ld|collect2)[^/\]*( |$)]
  ignore line: [Change Dir: /home/dev/workspace/workspace/build/CMakeFiles/CMakeScratch/TryCompile-FcopHp]
  ignore line: []
  ignore line: [Run Build Command(s):/usr/bin/gmake -f Makefile cmTC_c0ff6/fast && /usr/bin/gmake  -f CMakeFiles/cmTC_c0ff6.dir/build.make CMakeFiles/cmTC_c0ff6.dir/build]
  ignore line: [gmake[1]: Entering directory '/home/dev/workspace/workspace/build/CMakeFiles/CMakeScratch/TryCompile-FcopHp']
  ignore line: [Building C object CMakeFiles/cmTC_c0ff6.dir/CMakeCCompilerABI.c.o]
  ignore line: [/usr/bin/cc   -v -o CMakeFiles/cmTC_c0ff6.dir/CMakeCCompilerABI.c.o -c /usr/share/cmake-3.25/Modules/CMakeCCompilerABI.c]
  ignore line: [Using built-in specs.]
  ignore line: [COLLECT_GCC=/usr/bin/cc]
  ignore line: [Target: aarch64-linux-gnu]
  ignore line: [Configured with: ../src/configure -v --with-pkgversion='Debian 12.2.0-14+deb12u1' --with-bugurl=file:///usr/share/doc/gcc-12/README.Bugs --enable-languages=c ada c++ go d fortran objc obj-c++ m2 --prefix=/usr --with-gcc-major-version-only --program-suffix=-12 --program-prefix=aarch64-linux-gnu- --enable-shared --enable-linker-build-id --libexecdir=/usr/lib --without-included-gettext --enable-threads=posix --libdir=/usr/lib --enable-nls --enable-clocale=gnu --enable-libstdcxx-debug --enable-libstdcxx-time=yes --with-default-libstdcxx-abi=new --enable-gnu-unique-object --disable-libquadmath --disable-libquadmath-support --enable-plugin --enable-default-pie --with-system-zlib --enable-libphobos-checking=release --with-target-system-zlib=auto --enable-objc-gc=auto --enable-multiarch --enable-fix-cortex-a53-843419 --disable-werror --enable-checking=release --build=aarch64-linux-gnu --host=aarch64-linux-gnu --target=aarch64-linux-gnu]
  ignore line: [Thread model: posix]
  ignore line: [Supported LTO compression algorithms: zlib zstd]
  ignore line: [gcc version 12.2.0 (Debian 12.2.0-14+deb12u1) ]
  ignore line: [COLLECT_GCC_OPTIONS='-v' '-o' 'CMakeFiles/cmTC_c0ff6.dir/CMakeCCompilerABI.c.o' '-c' '-mlittle-endian' '-mabi=lp64' '-dumpdir' 'CMakeFiles/cmTC_c0ff6.dir/']
  ignore line: [ /usr/lib/gcc/aarch64-linux-gnu/12/cc1 -quiet -v -imultiarch aarch64-linux-gnu /usr/share/cmake-3.25/Modules/CMakeCCompilerABI.c -quiet -dumpdir CMakeFiles/cmTC_c0ff6.dir/ -dumpbase CMakeCCompilerABI.c.c -dumpbase-ext .c -mlittle-endian -mabi=lp64 -version -fasynchronous-unwind-tables -o /tmp/ccog73he.s]
  ignore line: [GNU C17 (Debian 12.2.0-14+deb12u1) version 12.2.0 (aarch64-linux-gnu)]
  ignore line: [	compiled by GNU C version 12.2.0  GMP version 6.2.1  MPFR version 4.2.0  MPC version 1.3.1  isl version isl-0.25-GMP]
  ignore line: []
  ignore line: [GGC heuristics: --param ggc-min-expand=100 --param ggc-min-heapsize=131072]
  ignore line: [ignoring nonexistent directory "/usr/local/include/aarch64-linux-gnu"]
  ignore line: [ignoring nonexistent directory "/usr/lib/gcc/aarch64-linux-gnu/12/include-fixed"]
  ignore line: [ignoring nonexistent directory "/usr/lib/gcc/aarch64-linux-gnu/12/../../../../aarch64-linux-gnu/include"]
  ignore line: [#include "..." search starts here:]
  ignore line: [#include <...> search starts here:]
  ignore line: [ /usr/lib/gcc/aarch64-linux-gnu/12/include]
  ignore line: [ /usr/local/include]
  ignore line: [ /usr/include/aarch64-linux-gnu]
  ignore line: [ /usr/include]
  ignore line: [End of search list.]
  ignore line: [GNU C17 (Debian 12.2.0-14+deb12u1) version 12.2.0 (aarch64-linux-gnu)]
  ignore line: [	compiled by GNU C version 12.2.0  GMP version 6.2.1  MPFR version 4.2.0  MPC version 1.3.1  isl version isl-0.25-GMP]
  ignore line: []
  ignore line: [GGC heuristics: --param ggc-min-expand=100 --param ggc-min-heapsize=131072]
  ignore line: [Compiler executable checksum: 353d9f3bda0709922bce3bd32cc6f6a4]
  ignore line: [COLLECT_GCC_OPTIONS='-v' '-o' 'CMakeFiles/cmTC_c0ff6.dir/CMakeCCompilerABI.c.o' '-c' '-mlittle-endian' '-mabi=lp64' '-dumpdir' 'CMakeFiles/cmTC_c0ff6.dir/']
  ignore line: [ as -v -EL -mabi=lp64 -o CMakeFiles/cmTC_c0ff6.dir/CMakeCCompilerABI.c.o /tmp/ccog73he.s]
  ignore line: [GNU assembler version 2.40 (aarch64-linux-gnu) using BFD version (GNU Binutils for Debian) 2.40]
  ignore line: [COMPILER_PATH=/usr/lib/gcc/aarch64-linux-gnu/12/:/usr/lib/gcc/aarch64-linux-gnu/12/:/usr/lib/gcc/aarch64-linux-gnu/:/usr/lib/gcc/aarch64-linux-gnu/12/:/usr/lib/gcc/aarch64-linux-gnu/]
  ignore line: [LIBRARY_PATH=/usr/lib/gcc/aarch64-linux-gnu/12/:/usr/lib/gcc/aarch64-linux-gnu/12/../../../aarch64-linux-gnu/:/usr/lib/gcc/aarch64-linux-gnu/12/../../../../lib/:/lib/aarch64-linux-gnu/:/lib/../lib/:/usr/lib/aarch64-linux-gnu/:/usr/lib/../lib/:/usr/lib/gcc/aarch64-linux-gnu/12/../../../:/lib/:/usr/lib/]
  ignore line: [COLLECT_GCC_OPTIONS='-v' '-o' 'CMakeFiles/cmTC_c0ff6.dir/CMakeCCompilerABI.c.o' '-c' '-mlittle-endian' '-mabi=lp64' '-dumpdir' 'CMakeFiles/cmTC_c0ff6.dir/CMakeCCompilerABI.c.']
  ignore line: [Linking C executable cmTC_c0ff6]
  ignore line: [/usr/bin/cmake -E cmake_link_script CMakeFiles/cmTC_c0ff6.dir/link.txt --verbose=1]
  ignore line: [/usr/bin/cc  -v CMakeFiles/cmTC_c0ff6.dir/CMakeCCompilerABI.c.o -o cmTC_c0ff6 ]
  ignore line: [Using built-in specs.]
  ignore line: [COLLECT_GCC=/usr/bin/cc]
  ignore line: [COLLECT_LTO_WRAPPER=/usr/lib/gcc/aarch64-linux-gnu/12/lto-wrapper]
  ignore line: [Target: aarch64-linux-gnu]
  ignore line: [Configured with: ../src/configure -v --with-pkgversion='Debian 12.2.0-14+deb12u1' --with-bugurl=file:///usr/share/doc/gcc-12/README.Bugs --enable-languages=c ada c++ go d fortran objc obj-c++ m2 --prefix=/usr --with-gcc-major-version-only --program-suffix=-12 --program-prefix=aarch64-linux-gnu- --enable-shared --enable-linker-build-id --libexecdir=/usr/lib --without-included-gettext --enable-threads=posix --libdir=/usr/lib --enable-nls --enable-clocale=gnu --enable-libstdcxx-debug --enable-libstdcxx-time=yes --with-default-libstdcxx-abi=new --enable-gnu-unique-object --disable-libquadmath --disable-libquadmath-support --enable-plugin --enable-default-pie --with-system-zlib --enable-libphobos-checking=release --with-target-system-zlib=auto --enable-objc-gc=auto --enable-multiarch --enable-fix-cortex-a53-843419 --disable-werror --enable-checking=release --build=aarch64-linux-gnu --host=aarch64-linux-gnu --target=aarch64-linux-gnu]
  ignore line: [Thread model: posix]
  ignore line: [Supported LTO compression algorithms: zlib zstd]
  ignore line: [gcc version 12.2.0 (Debian 12.2.0-14+deb12u1) ]
  ignore line: [COMPILER_PATH=/usr/lib/gcc/aarch64-linux-gnu/12/:/usr/lib/gcc/aarch64-linux-gnu/12/:/usr/lib/gcc/aarch64-linux-gnu/:/usr/lib/gcc/aarch64-linux-gnu/12/:/usr/lib/gcc/aarch64-linux-gnu/]
  ignore line: [LIBRARY_PATH=/usr/lib/gcc/aarch64-linux-gnu/12/:/usr/lib/gcc/aarch64-linux-gnu/12/../../../aarch64-linux-gnu/:/usr/lib/gcc/aarch64-linux-gnu/12/../../../../lib/:/lib/aarch64-linux-gnu/:/lib/../lib/:/usr/lib/aarch64-linux-gnu/:/usr/lib/../lib/:/usr/lib/gcc/aarch64-linux-gnu/12/../../../:/lib/:/usr/lib/]
  ignore line: [COLLECT_GCC_OPTIONS='-v' '-o' 'cmTC_c0ff6' '-mlittle-endian' '-mabi=lp64' '-dumpdir' 'cmTC_c0ff6.']
  link line: [ /usr/lib/gcc/aarch64-linux-gnu/12/collect2 -plugin /usr/lib/gcc/aarch64-linux-gnu/12/liblto_plugin.so -plugin-opt=/usr/lib/gcc/aarch64-linux-gnu/12/lto-wrapper -plugin-opt=-fresolution=/tmp/cclxyklr.res -plugin-opt=-pass-through=-lgcc -plugin-opt=-pass-through=-lgcc_s -plugin-opt=-pass-through=-lc -plugin-opt=-pass-through=-lgcc -plugin-opt=-pass-through=-lgcc_s --build-id --eh-frame-hdr --hash-style=gnu --as-needed -dynamic-linker /lib/ld-linux-aarch64.so.1 -X -EL -maarch64linux --fix-cortex-a53-843419 -pie -o cmTC_c0ff6 /usr/lib/gcc/aarch64-linux-gnu/12/../../../aarch64-linux-gnu/Scrt1.o /usr/lib/gcc/aarch64-linux-gnu/12/../../../aarch64-linux-gnu/crti.o /usr/lib/gcc/aarch64-linux-gnu/12/crtbeginS.o -L/usr/lib/gcc/aarch64-linux-gnu/12 -L/usr/lib/gcc/aarch64-linux-gnu/12/../../../aarch64-linux-gnu -L/usr/lib/gcc/aarch64-linux-gnu/12/../../../../lib -L/lib/aarch64-linux-gnu -L/lib/../lib -L/usr/lib/aarch64-linux-gnu -L/usr/lib/../lib -L/usr/lib/gcc/aarch64-linux-gnu/12/../../.. CMakeFiles/cmTC_c0ff6.dir/CMakeCCompilerABI.c.o -lgcc --push-state --as-needed -lgcc_s --pop-state -lc -lgcc --push-state --as-needed -lgcc_s --pop-state /usr/lib/gcc/aarch64-linux-gnu/12/crtendS.o /usr/lib/gcc/aarch64-linux-gnu/12/../../../aarch64-linux-gnu/crtn.o]
    arg [/usr/lib/gcc/aarch64-linux-gnu/12/collect2] ==> ignore
    arg [-plugin] ==> ignore
    arg [/usr/lib/gcc/aarch64-linux-gnu/12/liblto_plugin.so] ==> ignore
    arg [-plugin-opt=/usr/lib/gcc/aarch64-linux-gnu/12/lto-wrapper] ==> ignore
    arg [-plugin-opt=-fresolution=/tmp/cclxyklr.res] ==> ignore
    arg [-plugin-opt=-pass-through=-lgcc] ==> ignore
    arg [-plugin-opt=-pass-through=-lgcc_s] ==> ignore
    arg [-plugin-opt=-pass-through=-lc] ==> ignore
    arg [-plugin-opt=-pass-through=-lgcc] ==> ignore
    arg [-plugin-opt=-pass-through=-lgcc_s] ==> ignore
    arg [--build-id] ==> ignore
    arg [--eh-frame-hdr] ==> ignore
    arg [--hash-style=gnu] ==> ignore
    arg [--as-needed] ==> ignore
    arg [-dynamic-linker] ==> ignore
    arg [/lib/ld-linux-aarch64.so.1] ==> ignore
    arg [-X] ==> ignore
    arg [-EL] ==> ignore
    arg [-maarch64linux] ==> ignore
    arg [--fix-cortex-a53-843419] ==> ignore
    arg [-pie] ==> ignore
    arg [-o] ==> ignore
    arg [cmTC_c0ff6] ==> ignore
    arg [/usr/lib/gcc/aarch64-linux-gnu/12/../../../aarch64-linux-gnu/Scrt1.o] ==> obj [/usr/lib/gcc/aarch64-linux-gnu/12/../../../aarch64-linux-gnu/Scrt1.o]
    arg [/usr/lib/gcc/aarch64-linux-gnu/12/../../../aarch64-linux-gnu/crti.o] ==> obj [/usr/lib/gcc/aarch64-linux-gnu/12/../../../aarch64-linux-gnu/crti.o]
    arg [/usr/lib/gcc/aarch64-linux-gnu/12/crtbeginS.o] ==> obj [/usr/lib/gcc/aarch64-linux-gnu/12/crtbeginS.o]
    arg [-L/usr/lib/gcc/aarch64-linux-gnu/12] ==> dir [/usr/lib/gcc/aarch64-linux-gnu/12]
    arg [-L/usr/lib/gcc/aarch64-linux-gnu/12/../../../aarch64-linux-gnu] ==> dir [/usr/lib/gcc/aarch64-linux-gnu/12/../../../aarch64-linux-gnu]
    arg [-L/usr/lib/gcc/aarch64-linux-gnu/12/../../../../lib] ==> dir [/usr/lib/gcc/aarch64-linux-gnu/12/../../../../lib]
    arg [-L/lib/aarch64-linux-gnu] ==> dir [/lib/aarch64-linux-gnu]
    arg [-L/lib/../lib] ==> dir [/lib/../lib]
    arg [-L/usr/lib/aarch64-linux-gnu] ==> dir [/usr/lib/aarch64-linux-gnu]
    arg [-L/usr/lib/../lib] ==> dir [/usr/lib/../lib]
    arg [-L/usr/lib/gcc/aarch64-linux-gnu/12/../../..] ==> dir [/usr/lib/gcc/aarch64-linux-gnu/12/../../..]
    arg [CMakeFiles/cmTC_c0ff6.dir/CMakeCCompilerABI.c.o] ==> ignore
    arg [-lgcc] ==> lib [gcc]
    arg [--push-state] ==> ignore
    arg [--as-needed] ==> ignore
    arg [-lgcc_s] ==> lib [gcc_s]
    arg [--pop-state] ==> ignore
    arg [-lc] ==> lib [c]
    arg [-lgcc] ==> lib [gcc]
    arg [--push-state] ==> ignore
    arg [--as-needed] ==> ignore
    arg [-lgcc_s] ==> lib [gcc_s]
    arg [--pop-state] ==> ignore
    arg [/usr/lib/gcc/aarch64-linux-gnu/12/crtendS.o] ==> obj [/usr/lib/gcc/aarch64-linux-gnu/12/crtendS.o]
    arg [/usr/lib/gcc/aarch64-linux-gnu/12/../../../aarch64-linux-gnu/crtn.o] ==> obj [/usr/lib/gcc/aarch64-linux-gnu/12/../../../aarch64-linux-gnu/crtn.o]
  collapse obj [/usr/lib/gcc/aarch64-linux-gnu/12/../../../aarch64-linux-gnu/Scrt1.o] ==> [/usr/lib/aarch64-linux-gnu/Scrt1.o]
  collapse obj [/usr/lib/gcc/aarch64-linux-gnu/12/../../../aarch64-linux-gnu/crti.o] ==> [/usr/lib/aarch64-linux-gnu/crti.o]
  collapse obj [/usr/lib/gcc/aarch64-linux-gnu/12/../../../aarch64-linux-gnu/crtn.o] ==> [/usr/lib/aarch64-linux-gnu/crtn.o]
  collapse library dir [/usr/lib/gcc/aarch64-linux-gnu/12] ==> [/usr/lib/gcc/aarch64-linux-gnu/12]
  collapse library dir [/usr/lib/gcc/aarch64-linux-gnu/12/../../../aarch64-linux-gnu] ==> [/usr/lib/aarch64-linux-gnu]
  collapse library dir [/usr/lib/gcc/aarch64-linux-gnu/12/../../../../lib] ==> [/usr/lib]
  collapse library dir [/lib/aarch64-linux-gnu] ==> [/lib/aarch64-linux-gnu]
  collapse library dir [/lib/../lib] ==> [/lib]
  collapse library dir [/usr/lib/aarch64-linux-gnu] ==> [/usr/lib/aarch64-linux-gnu]
  collapse library dir [/usr/lib/../lib] ==> [/usr/lib]
  collapse library dir [/usr/lib/gcc/aarch64-linux-gnu/12/../../..] ==> [/usr/lib]
  implicit libs: [gcc;gcc_s;c;gcc;gcc_s]
  implicit objs: [/usr/lib/aarch64-linux-gnu/Scrt1.o;/usr/lib/aarch64-linux-gnu/crti.o;/usr/lib/gcc/aarch64-linux-gnu/12/crtbeginS.o;/usr/lib/gcc/aarch64-linux-gnu/12/crtendS.o;/usr/lib/aarch64-linux-gnu/crtn.o]
  implicit dirs: [/usr/lib/gcc/aarch64-linux-gnu/12;/usr/lib/aarch64-linux-gnu;/usr/lib;/lib/aarch64-linux-gnu;/lib]
  implicit fwks: []


The system is: Linux - 6.8.0-1049-oracle - aarch64
Compiling the C compiler identification source file "CMakeCCompilerId.c" succeeded.
Compiler: /usr/bin/cc 
Build flags: 
Id flags:  

The output was:
0


Compilation of the C compiler identification source "CMakeCCompilerId.c" produced "a.out"

The C compiler identification is GNU, found in "/home/dev/workspace/workspace/build/CMakeFiles/3.25.1/CompilerIdC/a.out"

Detecting C compiler ABI info compiled with the following output:
Change Dir: /home/dev/workspace/workspace/build/CMakeFiles/CMakeScratch/TryCompile-FH92uM

Run Build Command(s):/usr/bin/gmake -f Makefile cmTC_4a6c8/fast && /usr/bin/gmake  -f CMakeFiles/cmTC_4a6c8.dir/build.make CMakeFiles/cmTC_4a6c8.dir/build
gmake[1]: Entering directory '/home/dev/workspace/workspace/build/CMakeFiles/CMakeScratch/TryCompile-FH92uM'
Building C object CMakeFiles/cmTC_4a6c8.dir/CMakeCCompilerABI.c.o
/usr/bin/cc   -v -o CMakeFiles/cmTC_4a6c8.dir/CMakeCCompilerABI.c.o -c /usr/share/cmake-3.25/Modules/CMakeCCompilerABI.c
Using built-in specs.
COLLECT_GCC=/usr/bin/cc
Target: aarch64-linux-gnu
Configured with: ../src/configure -v --with-pkgversion='Debian 12.2.0-14+deb12u1' --with-bugurl=file:///usr/share/doc/gcc-12/README.Bugs --enable-languages=c,ada,c++,go,d,fortran,objc,obj-c++,m2 --prefix=/usr --with-gcc-major-version-only --program-suffix=-12 --program-prefix=aarch64-linux-gnu- --enable-shared --enable-linker-build-id --libexecdir=/usr/lib --without-included-gettext --enable-threads=posix --libdir=/usr/lib --enable-nls --enable-clocale=gnu --enable-libstdcxx-debug --enable-libstdcxx-time=yes --with-default-libstdcxx-abi=new --enable-gnu-unique-object --disable-libquadmath --disable-libquadmath-support --enable-plugin --enable-default-pie --with-system-zlib --enable-libphobos-checking=release --with-target-system-zlib=auto --enable-objc-gc=auto --enable-multiarch --enable-fix-cortex-a53-843419 --disable-werror --enable-checking=release --build=aarch64-linux-gnu --host=aarch64-linux-gnu --target=aarch64-linux-gnu
Thread model: posix
Supported LTO compression algorithms: zlib zstd
gcc version 12.2.0 (Debian 12.2.0-14+deb12u1) 
COLLECT_GCC_OPTIONS='-v' '-o' 'CMakeFiles/cmTC_4a6c8.dir/CMakeCCompilerABI.c.o' '-c' '-mlittle-endian' '-mabi=lp64' '-dumpdir' 'CMakeFiles/cmTC_4a6c8.dir/'
 /usr/lib/gcc/aarch64-linux-gnu/12/cc1 -quiet -v -imultiarch aarch64-linux-gnu /usr/share/cmake-3.25/Modules/CMakeCCompilerABI.c -quiet -dumpdir CMakeFiles/cmTC_4a6c8.dir/ -dumpbase CMakeCCompilerABI.c.c -dumpbase-ext .c -mlittle-endian -mabi=lp64 -version -fasynchronous-unwind-tables -o /tmp/cc747JCP.s
GNU C17 (Debian 12.2.0-14+deb12u1) version 12.2.0 (aarch64-linux-gnu)
	compiled by GNU C version 12.2.0, GMP version 6.2.1, MPFR version 4.2.0, MPC version 1.3.1, isl version isl-0.25-GMP

GGC heuristics: --param ggc-min-expand=100 --param ggc-min-heapsize=131072
ignoring nonexistent directory "/usr/local/include/aarch64-linux-gnu"
ignoring nonexistent directory "/usr/lib/gcc/aarch64-linux-gnu/12/include-fixed"
ignoring nonexistent directory "/usr/lib/gcc/aarch64-linux-gnu/12/../../../../aarch64-linux-gnu/include"
#include "..." search starts here:
#include <...> search starts here:
 /usr/lib/gcc/aarch64-linux-gnu/12/include
 /usr/local/include
 /usr/include/aarch64-linux-gnu
 /usr/include
End of search list.
GNU C17 (Debian 12.2.0-14+deb12u1) version 12.2.0 (aarch64-linux-gnu)
	compiled by GNU C version 12.2.0, GMP version 6.2.1, MPFR version 4.2.0, MPC version 1.3.1, isl version isl-0.25-GMP

GGC heuristics: --param ggc-min-expand=100 --param ggc-min-heapsize=131072
Compiler executable checksum: 353d9f3bda0709922bce3bd32cc6f6a4
COLLECT_GCC_OPTIONS='-v' '-o' 'CMakeFiles/cmTC_4a6c8.dir/CMakeCCompilerABI.c.o' '-c' '-mlittle-endian' '-mabi=lp64' '-dumpdir' 'CMakeFiles/cmTC_4a6c8.dir/'
 as -v -EL -mabi=lp64 -o CMakeFiles/cmTC_4a6c8.dir/CMakeCCompilerABI.c.o /tmp/cc747JCP.s
GNU assembler version 2.40 (aarch64-linux-gnu) using BFD version (GNU Binutils for Debian) 2.40
COMPILER_PATH=/usr/lib/gcc/aarch64-linux-gnu/12/:/usr/lib/gcc/aarch64-linux-gnu/12/:/usr/lib/gcc/aarch64-linux-gnu/:/usr/lib/gcc/aarch64-linux-gnu/12/:/usr/lib/gcc/aarch64-linux-gnu/
LIBRARY_PATH=/usr/lib/gcc/aarch64-linux-gnu/12/:/usr/lib/gcc/aarch64-linux-gnu/12/../../../aarch64-linux-gnu/:/usr/lib/gcc/aarch64-linux-gnu/12/../../../../lib/:/lib/aarch64-linux-gnu/:/lib/../lib/:/usr/lib/aarch64-linux-gnu/:/usr/lib/../lib/:/usr/lib/gcc/aarch64-linux-gnu/12/../../../:/lib/:/usr/lib/
COLLECT_GCC_OPTIONS='-v' '-o' 'CMakeFiles/cmTC_4a6c8.dir/CMakeCCompilerABI.c.o' '-c' '-mlittle-endian' '-mabi=lp64' '-dumpdir' 'CMakeFiles/cmTC_4a6c8.dir/CMakeCCompilerABI.c.'
Linking C executable cmTC_4a6c8
/usr/bin/cmake -E cmake_link_script CMakeFiles/cmTC_4a6c8.dir/link.txt --verbose=1
/usr/bin/cc  -v CMakeFiles/cmTC_4a6c8.dir/CMakeCCompilerABI.c.o -o cmTC_4a6c8 
Using built-in specs.
COLLECT_GCC=/usr/bin/cc
COLLECT_LTO_WRAPPER=/usr/lib/gcc/aarch64-linux-gnu/12/lto-wrapper
Target: aarch64-linux-gnu
Configured with: ../src/configure -v --with-pkgversion='Debian 12.2.0-14+deb12u1' --with-bugurl=file:///usr/share/doc/gcc-12/README.Bugs --enable-languages=c,ada,c++,go,d,fortran,objc,obj-c++,m2 --prefix=/usr --with-gcc-major-version-only --program-suffix=-12 --program-prefix=aarch64-linux-gnu- --enable-shared --enable-linker-build-id --libexecdir=/usr/lib --without-included-gettext --enable-threads=posix --libdir=/usr/lib --enable-nls --enable-clocale=gnu --enable-libstdcxx-debug --enable-libstdcxx-time=yes --with-default-libstdcxx-abi=new --enable-gnu-unique-object --disable-libquadmath --disable-libquadmath-support --enable-plugin --enable-default-pie --with-system-zlib --enable-libphobos-checking=release --with-target-system-zlib=auto --enable-objc-gc=auto --enable-multiarch --enable-fix-cortex-a53-843419 --disable-werror --enable-checking=release --build=aarch64-linux-gnu --host=aarch64-linux-gnu --target=aarch64-linux-gnu
Thread model: posix
Supported LTO compression algorithms: zlib zstd
gcc version 12.2.0 (Debian 12.2.0-14+deb12u1) 
COMPILER_PATH=/usr/lib/gcc/aarch64-linux-gnu/12/:/usr/lib/gcc/aarch64-linux-gnu/12/:/usr/lib/gcc/aarch64-linux-gnu/:/usr/lib/gcc/aarch64-linux-gnu/12/:/usr/lib/gcc/aarch64-linux-gnu/
LIBRARY_PATH=/usr/lib/gcc/aarch64-linux-gnu/12/:/usr/lib/gcc/aarch64-linux-gnu/12/../../../aarch64-linux-gnu/:/usr/lib/gcc/aarch64-linux-gnu/12/../../../../lib/:/lib/aarch64-linux-gnu/:/lib/../lib/:/usr/lib/aarch64-linux-gnu/:/usr/lib/../lib/:/usr/lib/gcc/aarch64-linux-gnu/12/../../../:/lib/:/usr/lib/
COLLECT_GCC_OPTIONS='-v' '-o' 'cmTC_4a6c8' '-mlittle-endian' '-mabi=lp64' '-dumpdir' 'cmTC_4a6c8.'
 /usr/lib/gcc/aarch64-linux-gnu/12/collect2 -plugin /usr/lib/gcc/aarch64-linux-gnu/12/liblto_plugin.so -plugin-opt=/usr/lib/gcc/aarch64-linux-gnu/12/lto-wrapper -plugin-opt=-fresolution=/tmp/cciiQy0M.res -plugin-opt=-pass-through=-lgcc -plugin-opt=-pass-through=-lgcc_s -plugin-opt=-pass-through=-lc -plugin-opt=-pass-through=-lgcc -plugin-opt=-pass-through=-lgcc_s --build-id --eh-frame-hdr --hash-style=gnu --as-needed -dynamic-linker /lib/ld-linux-aarch64.so.1 -X -EL -maarch64linux --fix-cortex-a53-843419 -pie -o cmTC_4a6c8 /usr/lib/gcc/aarch64-linux-gnu/12/../../../aarch64-linux-gnu/Scrt1.o /usr/lib/gcc/aarch64-linux-gnu/12/../../../aarch64-linux-gnu/crti.o /usr/lib/gcc/aarch64-linux-gnu/12/crtbeginS.o -L/usr/lib/gcc/aarch64-linux-gnu/12 -L/usr/lib/gcc/aarch64-linux-gnu/12/../../../aarch64-linux-gnu -L/usr/lib/gcc/aarch64-linux-gnu/12/../../../../lib -L/lib/aarch64-linux-gnu -L/lib/../lib -L/usr/lib/aarch64-linux-gnu -L/usr/lib/../lib -L/usr/lib/gcc/aarch64-linux-gnu/12/../../.. CMakeFiles/cmTC_4a6c8.dir/CMakeCCompilerABI.c.o -lgcc --push-state --as-needed -lgcc_s --pop-state -lc -lgcc --push-state --as-needed -lgcc_s --pop-state /usr/lib/gcc/aarch64-linux-gnu/12/crtendS.o /usr/lib/gcc/aarch64-linux-gnu/12/../../../aarch64-linux-gnu/crtn.o
COLLECT_GCC_OPTIONS='-v' '-o' 'cmTC_4a6c8' '-mlittle-endian' '-mabi=lp64' '-dumpdir' 'cmTC_4a6c8.'
gmake[1]: Leaving directory '/home/dev/workspace/workspace/build/CMakeFiles/CMakeScratch/TryCompile-FH92uM'



Parsed C implicit include dir info from above output: rv=done
  found start of include info
  found start of implicit include info
    add: [/usr/lib/gcc/aarch64-linux-gnu/12/include]
    add: [/usr/local/include]
    add: [/usr/include/aarch64-linux-gnu]
    add: [/usr/include]
  end of search list found
  collapse include dir [/usr/lib/gcc/aarch64-linux-gnu/12/include] ==> [/usr/lib/gcc/aarch64-linux-gnu/12/include]
  collapse include dir [/usr/local/include] ==> [/usr/local/include]
  collapse include dir [/usr/include/aarch64-linux-gnu] ==> [/usr/include/aarch64-linux-gnu]
  collapse include dir [/usr/include] ==> [/usr/include]
  implicit include dirs: [/usr/lib/gcc/aarch64-linux-gnu/12/include;/usr/local/include;/usr/include/aarch64-linux-gnu;/usr/include]


Parsed C implicit link information from above output:
  link line regex: [^( *|.*[/\])(ld|CMAKE_LINK_STARTFILE-NOTFOUND|([^/\]+-)?ld|collect2)[^/\]*( |$)]
  ignore line: [Change Dir: /home/dev/workspace/workspace/build/CMakeFiles/CMakeScratch/TryCompile-FH92uM]
  ignore line: []
  ignore line: [Run Build Command(s):/usr/bin/gmake -f Makefile cmTC_4a6c8/fast && /usr/bin/gmake  -f CMakeFiles/cmTC_4a6c8.dir/build.make CMakeFiles/cmTC_4a6c8.dir/build]
  ignore line: [gmake[1]: Entering directory '/home/dev/workspace/workspace/build/CMakeFiles/CMakeScratch/TryCompile-FH92uM']
  ignore line: [Building C object CMakeFiles/cmTC_4a6c8.dir/CMakeCCompilerABI.c.o]
  ignore line: [/usr/bin/cc   -v -o CMakeFiles/cmTC_4a6c8.dir/CMakeCCompilerABI.c.o -c /usr/share/cmake-3.25/Modules/CMakeCCompilerABI.c]
  ignore line: [Using built-in specs.]
  ignore line: [COLLECT_GCC=/usr/bin/cc]
  ignore line: [Target: aarch64-linux-gnu]
  ignore line: [Configured with: ../src/configure -v --with-pkgversion='Debian 12.2.0-14+deb12u1' --with-bugurl=file:///usr/share/doc/gcc-12/README.Bugs --enable-languages=c ada c++ go d fortran objc obj-c++ m2 --prefix=/usr --with-gcc-major-version-only --program-suffix=-12 --program-prefix=aarch64-linux-gnu- --enable-shared --enable-linker-build-id --libexecdir=/usr/lib --without-included-gettext --enable-threads=posix --libdir=/usr/lib --enable-nls --enable-clocale=gnu --enable-libstdcxx-debug --enable-libstdcxx-time=yes --with-default-libstdcxx-abi=new --enable-gnu-unique-object --disable-libquadmath --disable-libquadmath-support --enable-plugin --enable-default-pie --with-system-zlib --enable-libphobos-checking=release --with-target-system-zlib=auto --enable-objc-gc=auto --enable-multiarch --enable-fix-cortex-a53-843419 --disable-werror --enable-checking=release --build=aarch64-linux-gnu --host=aarch64-linux-gnu --target=aarch64-linux-gnu]
  ignore line: [Thread model: posix]
  ignore line: [Supported LTO compression algorithms: zlib zstd]
  ignore line: [gcc version 12.2.0 (Debian 12.2.0-14+deb12u1) ]
  ignore line: [COLLECT_GCC_OPTIONS='-v' '-o' 'CMakeFiles/cmTC_4a6c8.dir/CMakeCCompilerABI.c.o' '-c' '-mlittle-endian' '-mabi=lp64' '-dumpdir' 'CMakeFiles/cmTC_4a6c8.dir/']
  ignore line: [ /usr/lib/gcc/aarch64-linux-gnu/12/cc1 -quiet -v -imultiarch aarch64-linux-gnu /usr/share/cmake-3.25/Modules/CMakeCCompilerABI.c -quiet -dumpdir CMakeFiles/cmTC_4a6c8.dir/ -dumpbase CMakeCCompilerABI.c.c -dumpbase-ext .c -mlittle-endian -mabi=lp64 -version -fasynchronous-unwind-tables -o /tmp/cc747JCP.s]
  ignore line: [GNU C17 (Debian 12.2.0-14+deb12u1) version 12.2.0 (aarch64-linux-gnu)]
  ignore line: [	compiled by GNU C version 12.2.0  GMP version 6.2.1  MPFR version 4.2.0  MPC version 1.3.1  isl version isl-0.25-GMP]
  ignore line: []
  ignore line: [GGC heuristics: --param ggc-min-expand=100 --param ggc-min-heapsize=131072]
  ignore line: [ignoring nonexistent directory "/usr/local/include/aarch64-linux-gnu"]
  ignore line: [ignoring nonexistent directory "/usr/lib/gcc/aarch64-linux-gnu/12/include-fixed"]
  ignore line: [ignoring nonexistent directory "/usr/lib/gcc/aarch64-linux-gnu/12/../../../../aarch64-linux-gnu/include"]
  ignore line: [#include "..." search starts here:]
  ignore line: [#include <...> search starts here:]
  ignore line: [ /usr/lib/gcc/aarch64-linux-gnu/12/include]
  ignore line: [ /usr/local/include]
  ignore line: [ /usr/include/aarch64-linux-gnu]
  ignore line: [ /usr/include]
  ignore line: [End of search list.]
  ignore line: [GNU C17 (Debian 12.2.0-14+deb12u1) version 12.2.0 (aarch64-linux-gnu)]
  ignore line: [	compiled by GNU C version 12.2.0  GMP version 6.2.1  MPFR version 4.2.0  MPC version 1.3.1  isl version isl-0.25-GMP]
  ignore line: []
  ignore line: [GGC heuristics: --param ggc-min-expand=100 --param ggc-min-heapsize=131072]
  ignore line: [Compiler executable checksum: 353d9f3bda0709922bce3bd32cc6f6a4]
  ignore line: [COLLECT_GCC_OPTIONS='-v' '-o' 'CMakeFiles/cmTC_4a6c8.dir/CMakeCCompilerABI.c.o' '-c' '-mlittle-endian' '-mabi=lp64' '-dumpdir' 'CMakeFiles/cmTC_4a6c8.dir/']
  ignore line: [ as -v -EL -mabi=lp64 -o CMakeFiles/cmTC_4a6c8.dir/CMakeCCompilerABI.c.o /tmp/cc747JCP.s]
  ignore line: [GNU assembler version 2.40 (aarch64-linux-gnu) using BFD version (GNU Binutils for Debian) 2.40]
  ignore line: [COMPILER_PATH=/usr/lib/gcc/aarch64-linux-gnu/12/:/usr/lib/gcc/aarch64-linux-gnu/12/:/usr/lib/gcc/aarch64-linux-gnu/:/usr/lib/gcc/aarch64-linux-gnu/12/:/usr/lib/gcc/aarch64-linux-gnu/]
  ignore line: [LIBRARY_PATH=/usr/lib/gcc/aarch64-linux-gnu/12/:/usr/lib/gcc/aarch64-linux-gnu/12/../../../aarch64-linux-gnu/:/usr/lib/gcc/aarch64-linux-gnu/12/../../../../lib/:/lib/aarch64-linux-gnu/:/lib/../lib/:/usr/lib/aarch64-linux-gnu/:/usr/lib/../lib/:/usr/lib/gcc/aarch64-linux-gnu/12/../../../:/lib/:/usr/lib/]
  ignore line: [COLLECT_GCC_OPTIONS='-v' '-o' 'CMakeFiles/cmTC_4a6c8.dir/CMakeCCompilerABI.c.o' '-c' '-mlittle-endian' '-mabi=lp64' '-dumpdir' 'CMakeFiles/cmTC_4a6c8.dir/CMakeCCompilerABI.c.']
  ignore line: [Linking C executable cmTC_4a6c8]
  ignore line: [/usr/bin/cmake -E cmake_link_script CMakeFiles/cmTC_4a6c8.dir/link.txt --verbose=1]
  ignore line: [/usr/bin/cc  -v CMakeFiles/cmTC_4a6c8.dir/CMakeCCompilerABI.c.o -o cmTC_4a6c8 ]
  ignore line: [Using built-in specs.]
  ignore line: [COLLECT_GCC=/usr/bin/cc]
  ignore line: [COLLECT_LTO_WRAPPER=/usr/lib/gcc/aarch64-linux-gnu/12/lto-wrapper]
  ignore line: [Target: aarch64-linux-gnu]
  ignore line: [Configured with: ../src/configure -v --with-pkgversion='Debian 12.2.0-14+deb12u1' --with-bugurl=file:///usr/share/doc/gcc-12/README.Bugs --enable-languages=c ada c++ go d fortran objc obj-c++ m2 --prefix=/usr --with-gcc-major-version-only --program-suffix=-12 --program-prefix=aarch64-linux-gnu- --enable-shared --enable-linker-build-id --libexecdir=/usr/lib --without-included-gettext --enable-threads=posix --libdir=/usr/lib --enable-nls --enable-clocale=gnu --enable-libstdcxx-debug --enable-libstdcxx-time=yes --with-default-libstdcxx-abi=new --enable-gnu-unique-object --disable-libquadmath --disable-libquadmath-support --enable-plugin --enable-default-pie --with-system-zlib --enable-libphobos-checking=release --with-target-system-zlib=auto --enable-objc-gc=auto --enable-multiarch --enable-fix-cortex-a53-843419 --disable-werror --enable-checking=release --build=aarch64-linux-gnu --host=aarch64-linux-gnu --target=aarch64-linux-gnu]
  ignore line: [Thread model: posix]
  ignore line: [Supported LTO compression algorithms: zlib zstd]
  ignore line: [gcc version 12.2.0 (Debian 12.2.0-14+deb12u1) ]
  ignore line: [COMPILER_PATH=/usr/lib/gcc/aarch64-linux-gnu/12/:/usr/lib/gcc/aarch64-linux-gnu/12/:/usr/lib/gcc/aarch64-linux-gnu/:/usr/lib/gcc/aarch64-linux-gnu/12/:/usr/lib/gcc/aarch64-linux-gnu/]
  ignore line: [LIBRARY_PATH=/usr/lib/gcc/aarch64-linux-gnu/12/:/usr/lib/gcc/aarch64-linux-gnu/12/../../../aarch64-linux-gnu/:/usr/lib/gcc/aarch64-linux-gnu/12/../../../../lib/:/lib/aarch64-linux-gnu/:/lib/../lib/:/usr/lib/aarch64-linux-gnu/:/usr/lib/../lib/:/usr/lib/gcc/aarch64-linux-gnu/12/../../../:/lib/:/usr/lib/]
  ignore line: [COLLECT_GCC_OPTIONS='-v' '-o' 'cmTC_4a6c8' '-mlittle-endian' '-mabi=lp64' '-dumpdir' 'cmTC_4a6c8.']
  link line: [ /usr/lib/gcc/aarch64-linux-gnu/12/collect2 -plugin /usr/lib/gcc/aarch64-linux-gnu/12/liblto_plugin.so -plugin-opt=/usr/lib/gcc/aarch64-linux-gnu/12/lto-wrapper -plugin-opt=-fresolution=/tmp/cciiQy0M.res -plugin-opt=-pass-through=-lgcc -plugin-opt=-pass-through=-lgcc_s -plugin-opt=-pass-through=-lc -plugin-opt=-pass-through=-lgcc -plugin-opt=-pass-through=-lgcc_s --build-id --eh-frame-hdr --hash-style=gnu --as-needed -dynamic-linker /lib/ld-linux-aarch64.so.1 -X -EL -maarch64linux --fix-cortex-a53-843419 -pie -o cmTC_4a6c8 /usr/lib/gcc/aarch64-linux-gnu/12/../../../aarch64-linux-gnu/Scrt1.o /usr/lib/gcc/aarch64-linux-gnu/12/../../../aarch64-linux-gnu/crti.o /usr/lib/gcc/aarch64-linux-gnu/12/crtbeginS.o -L/usr/lib/gcc/aarch64-linux-gnu/12 -L/usr/lib/gcc/aarch64-linux-gnu/12/../../../aarch64-linux-gnu -L/usr/lib/gcc/aarch64-linux-gnu/12/../../../../lib -L/lib/aarch64-linux-gnu -L/lib/../lib -L/usr/lib/aarch64-linux-gnu -L/usr/lib/../lib -L/usr/lib/gcc/aarch64-linux-gnu/12/../../.. CMakeFiles/cmTC_4a6c8.dir/CMakeCCompilerABI.c.o -lgcc --push-state --as-needed -lgcc_s --pop-state -lc -lgcc --push-state --as-needed -lgcc_s --pop-state /usr/lib/gcc/aarch64-linux-gnu/12/crtendS.o /usr/lib/gcc/aarch64-linux-gnu/12/../../../aarch64-linux-gnu/crtn.o]
    arg [/usr/lib/gcc/aarch64-linux-gnu/12/collect2] ==> ignore
    arg [-plugin] ==> ignore
    arg [/usr/lib/gcc/aarch64-linux-gnu/12/liblto_plugin.so] ==> ignore
    arg [-plugin-opt=/usr/lib/gcc/aarch64-linux-gnu/12/lto-wrapper] ==> ignore
    arg [-plugin-opt=-fresolution=/tmp/cciiQy0M.res] ==> ignore
    arg [-plugin-opt=-pass-through=-lgcc] ==> ignore
    arg [-plugin-opt=-pass-through=-lgcc_s] ==> ignore
    arg [-plugin-opt=-pass-through=-lc] ==> ignore
    arg [-plugin-opt=-pass-through=-lgcc] ==> ignore
    arg [-plugin-opt=-pass-through=-lgcc_s] ==> ignore
    arg [--build-id] ==> ignore
    arg [--eh-frame-hdr] ==> ignore
    arg [--hash-style=gnu] ==> ignore
    arg [--as-needed] ==> ignore
    arg [-dynamic-linker] ==> ignore
    arg [/lib/ld-linux-aarch64.so.1] ==> ignore
    arg [-X] ==> ignore
    arg [-EL] ==> ignore
    arg [-maarch64linux] ==> ignore
    arg [--fix-cortex-a53-843419] ==> ignore
    arg [-pie] ==> ignore
    arg [-o] ==> ignore
    arg [cmTC_4a6c8] ==> ignore
    arg [/usr/lib/gcc/aarch64-linux-gnu/12/../../../aarch64-linux-gnu/Scrt1.o] ==> obj [/usr/lib/gcc/aarch64-linux-gnu/12/../../../aarch64-linux-gnu/Scrt1.o]
    arg [/usr/lib/gcc/aarch64-linux-gnu/12/../../../aarch64-linux-gnu/crti.o] ==> obj [/usr/lib/gcc/aarch64-linux-gnu/12/../../../aarch64-linux-gnu/crti.o]
    arg [/usr/lib/gcc/aarch64-linux-gnu/12/crtbeginS.o] ==> obj [/usr/lib/gcc/aarch64-linux-gnu/12/crtbeginS.o]
    arg [-L/usr/lib/gcc/aarch64-linux-gnu/12] ==> dir [/usr/lib/gcc/aarch64-linux-gnu/12]
    arg [-L/usr/lib/gcc/aarch64-linux-gnu/12/../../../aarch64-linux-gnu] ==> dir [/usr/lib/gcc/aarch64-linux-gnu/12/../../../aarch64-linux-gnu]
    arg [-L/usr/lib/gcc/aarch64-linux-gnu/12/../../../../lib] ==> dir [/usr/lib/gcc/aarch64-linux-gnu/12/../../../../lib]
    arg [-L/lib/aarch64-linux-gnu] ==> dir [/lib/aarch64-linux-gnu]
    arg [-L/lib/../lib] ==> dir [/lib/../lib]
    arg [-L/usr/lib/aarch64-linux-gnu] ==> dir [/usr/lib/aarch64-linux-gnu]
    arg [-L/usr/lib/../lib] ==> dir [/usr/lib/../lib]
    arg [-L/usr/lib/gcc/aarch64-linux-gnu/12/../../..] ==> dir [/usr/lib/gcc/aarch64-linux-gnu/12/../../..]
    arg [CMakeFiles/cmTC_4a6c8.dir/CMakeCCompilerABI.c.o] ==> ignore
    arg [-lgcc] ==> lib [gcc]
    arg [--push-state] ==> ignore
    arg [--as-needed] ==> ignore
    arg [-lgcc_s] ==> lib [gcc_s]
    arg [--pop-state] ==> ignore
    arg [-lc] ==> lib [c]
    arg [-lgcc] ==> lib [gcc]
    arg [--push-state] ==> ignore
    arg [--as-needed] ==> ignore
    arg [-lgcc_s] ==> lib [gcc_s]
    arg [--pop-state] ==> ignore
    arg [/usr/lib/gcc/aarch64-linux-gnu/12/crtendS.o] ==> obj [/usr/lib/gcc/aarch64-linux-gnu/12/crtendS.o]
    arg [/usr/lib/gcc/aarch64-linux-gnu/12/../../../aarch64-linux-gnu/crtn.o] ==> obj [/usr/lib/gcc/aarch64-linux-gnu/12/../../../aarch64-linux-gnu/crtn.o]
  collapse obj [/usr/lib/gcc/aarch64-linux-gnu/12/../../../aarch64-linux-gnu/Scrt1.o] ==> [/usr/lib/aarch64-linux-gnu/Scrt1.o]
  collapse obj [/usr/lib/gcc/aarch64-linux-gnu/12/../../../aarch64-linux-gnu/crti.o] ==> [/usr/lib/aarch64-linux-gnu/crti.o]
  collapse obj [/usr/lib/gcc/aarch64-linux-gnu/12/../../../aarch64-linux-gnu/crtn.o] ==> [/usr/lib/aarch64-linux-gnu/crtn.o]
  collapse library dir [/usr/lib/gcc/aarch64-linux-gnu/12] ==> [/usr/lib/gcc/aarch64-linux-gnu/12]
  collapse library dir [/usr/lib/gcc/aarch64-linux-gnu/12/../../../aarch64-linux-gnu] ==> [/usr/lib/aarch64-linux-gnu]
  collapse library dir [/usr/lib/gcc/aarch64-linux-gnu/12/../../../../lib] ==> [/usr/lib]
  collapse library dir [/lib/aarch64-linux-gnu] ==> [/lib/aarch64-linux-gnu]
  collapse library dir [/lib/../lib] ==> [/lib]
  collapse library dir [/usr/lib/aarch64-linux-gnu] ==> [/usr/lib/aarch64-linux-gnu]
  collapse library dir [/usr/lib/../lib] ==> [/usr/lib]
  collapse library dir [/usr/lib/gcc/aarch64-linux-gnu/12/../../..] ==> [/usr/lib]
  implicit libs: [gcc;gcc_s;c;gcc;gcc_s]
  implicit objs: [/usr/lib/aarch64-linux-gnu/Scrt1.o;/usr/lib/aarch64-linux-gnu/crti.o;/usr/lib/gcc/aarch64-linux-gnu/12/crtbeginS.o;/usr/lib/gcc/aarch64-linux-gnu/12/crtendS.o;/usr/lib/aarch64-linux-gnu/crtn.o]
  implicit dirs: [/usr/lib/gcc/aarch64-linux-gnu/12;/usr/lib/aarch64-linux-gnu;/usr/lib;/lib/aarch64-linux-gnu;/lib]
  implicit fwks: []


The system is: Linux - 6.8.0-1049-oracle - aarch64
Compiling the C compiler identification source file "CMakeCCompilerId.c" succeeded.
Compiler: /usr/bin/cc 
Build flags: 
Id flags:  

The output was:
0


Compilation of the C compiler identification source "CMakeCCompilerId.c" produced "a.out"

The C compiler identification is GNU, found in "/home/dev/workspace/workspace/build/CMakeFiles/3.25.1/CompilerIdC/a.out"

Detecting C compiler ABI info compiled with the following output:
Change Dir: /home/dev/workspace/workspace/build/CMakeFiles/CMakeScratch/TryCompile-3iAUsU

Run Build Command(s):/usr/bin/gmake -f Makefile cmTC_d9f80/fast && /usr/bin/gmake  -f CMakeFiles/cmTC_d9f80.dir/build.make CMakeFiles/cmTC_d9f80.dir/build
gmake[1]: Entering directory '/home/dev/workspace/workspace/build/CMakeFiles/CMakeScratch/TryCompile-3iAUsU'
Building C object CMakeFiles/cmTC_d9f80.dir/CMakeCCompilerABI.c.o
/usr/bin/cc   -v -o CMakeFiles/cmTC_d9f80.dir/CMakeCCompilerABI.c.o -c /usr/share/cmake-3.25/Modules/CMakeCCompilerABI.c
Using built-in specs.
COLLECT_GCC=/usr/bin/cc
Target: aarch64-linux-gnu
Configured with: ../src/configure -v --with-pkgversion='Debian 12.2.0-14+deb12u1' --with-bugurl=file:///usr/share/doc/gcc-12/README.Bugs --enable-languages=c,ada,c++,go,d,fortran,objc,obj-c++,m2 --prefix=/usr --with-gcc-major-version-only --program-suffix=-12 --program-prefix=aarch64-linux-gnu- --enable-shared --enable-linker-build-id --libexecdir=/usr/lib --without-included-gettext --enable-threads=posix --libdir=/usr/lib --enable-nls --enable-clocale=gnu --enable-libstdcxx-debug --enable-libstdcxx-time=yes --with-default-libstdcxx-abi=new --enable-gnu-unique-object --disable-libquadmath --disable-libquadmath-support --enable-plugin --enable-default-pie --with-system-zlib --enable-libphobos-checking=release --with-target-system-zlib=auto --enable-objc-gc=auto --enable-multiarch --enable-fix-cortex-a53-843419 --disable-werror --enable-checking=release --build=aarch64-linux-gnu --host=aarch64-linux-gnu --target=aarch64-linux-gnu
Thread model: posix
Supported LTO compression algorithms: zlib zstd
gcc version 12.2.0 (Debian 12.2.0-14+deb12u1) 
COLLECT_GCC_OPTIONS='-v' '-o' 'CMakeFiles/cmTC_d9f80.dir/CMakeCCompilerABI.c.o' '-c' '-mlittle-endian' '-mabi=lp64' '-dumpdir' 'CMakeFiles/cmTC_d9f80.dir/'
 /usr/lib/gcc/aarch64-linux-gnu/12/cc1 -quiet -v -imultiarch aarch64-linux-gnu /usr/share/cmake-3.25/Modules/CMakeCCompilerABI.c -quiet -dumpdir CMakeFiles/cmTC_d9f80.dir/ -dumpbase CMakeCCompilerABI.c.c -dumpbase-ext .c -mlittle-endian -mabi=lp64 -version -fasynchronous-unwind-tables -o /tmp/ccQN3pVS.s
GNU C17 (Debian 12.2.0-14+deb12u1) version 12.2.0 (aarch64-linux-gnu)
	compiled by GNU C version 12.2.0, GMP version 6.2.1, MPFR version 4.2.0, MPC version 1.3.1, isl version isl-0.25-GMP

GGC heuristics: --param ggc-min-expand=100 --param ggc-min-heapsize=131072
ignoring nonexistent directory "/usr/local/include/aarch64-linux-gnu"
ignoring nonexistent directory "/usr/lib/gcc/aarch64-linux-gnu/12/include-fixed"
ignoring nonexistent directory "/usr/lib/gcc/aarch64-linux-gnu/12/../../../../aarch64-linux-gnu/include"
#include "..." search starts here:
#include <...> search starts here:
 /usr/lib/gcc/aarch64-linux-gnu/12/include
 /usr/local/include
 /usr/include/aarch64-linux-gnu
 /usr/include
End of search list.
GNU C17 (Debian 12.2.0-14+deb12u1) version 12.2.0 (aarch64-linux-gnu)
	compiled by GNU C version 12.2.0, GMP version 6.2.1, MPFR version 4.2.0, MPC version 1.3.1, isl version isl-0.25-GMP

GGC heuristics: --param ggc-min-expand=100 --param ggc-min-heapsize=131072
Compiler executable checksum: 353d9f3bda0709922bce3bd32cc6f6a4
COLLECT_GCC_OPTIONS='-v' '-o' 'CMakeFiles/cmTC_d9f80.dir/CMakeCCompilerABI.c.o' '-c' '-mlittle-endian' '-mabi=lp64' '-dumpdir' 'CMakeFiles/cmTC_d9f80.dir/'
 as -v -EL -mabi=lp64 -o CMakeFiles/cmTC_d9f80.dir/CMakeCCompilerABI.c.o /tmp/ccQN3pVS.s
GNU assembler version 2.40 (aarch64-linux-gnu) using BFD version (GNU Binutils for Debian) 2.40
COMPILER_PATH=/usr/lib/gcc/aarch64-linux-gnu/12/:/usr/lib/gcc/aarch64-linux-gnu/12/:/usr/lib/gcc/aarch64-linux-gnu/:/usr/lib/gcc/aarch64-linux-gnu/12/:/usr/lib/gcc/aarch64-linux-gnu/
LIBRARY_PATH=/usr/lib/gcc/aarch64-linux-gnu/12/:/usr/lib/gcc/aarch64-linux-gnu/12/../../../aarch64-linux-gnu/:/usr/lib/gcc/aarch64-linux-gnu/12/../../../../lib/:/lib/aarch64-linux-gnu/:/lib/../lib/:/usr/lib/aarch64-linux-gnu/:/usr/lib/../lib/:/usr/lib/gcc/aarch64-linux-gnu/12/../../../:/lib/:/usr/lib/
COLLECT_GCC_OPTIONS='-v' '-o' 'CMakeFiles/cmTC_d9f80.dir/CMakeCCompilerABI.c.o' '-c' '-mlittle-endian' '-mabi=lp64' '-dumpdir' 'CMakeFiles/cmTC_d9f80.dir/CMakeCCompilerABI.c.'
Linking C executable cmTC_d9f80
/usr/bin/cmake -E cmake_link_script CMakeFiles/cmTC_d9f80.dir/link.txt --verbose=1
/usr/bin/cc  -v CMakeFiles/cmTC_d9f80.dir/CMakeCCompilerABI.c.o -o cmTC_d9f80 
Using built-in specs.
COLLECT_GCC=/usr/bin/cc
COLLECT_LTO_WRAPPER=/usr/lib/gcc/aarch64-linux-gnu/12/lto-wrapper
Target: aarch64-linux-gnu
Configured with: ../src/configure -v --with-pkgversion='Debian 12.2.0-14+deb12u1' --with-bugurl=file:///usr/share/doc/gcc-12/README.Bugs --enable-languages=c,ada,c++,go,d,fortran,objc,obj-c++,m2 --prefix=/usr --with-gcc-major-version-only --program-suffix=-12 --program-prefix=aarch64-linux-gnu- --enable-shared --enable-linker-build-id --libexecdir=/usr/lib --without-included-gettext --enable-threads=posix --libdir=/usr/lib --enable-nls --enable-clocale=gnu --enable-libstdcxx-debug --enable-libstdcxx-time=yes --with-default-libstdcxx-abi=new --enable-gnu-unique-object --disable-libquadmath --disable-libquadmath-support --enable-plugin --enable-default-pie --with-system-zlib --enable-libphobos-checking=release --with-target-system-zlib=auto --enable-objc-gc=auto --enable-multiarch --enable-fix-cortex-a53-843419 --disable-werror --enable-checking=release --build=aarch64-linux-gnu --host=aarch64-linux-gnu --target=aarch64-linux-gnu
Thread model: posix
Supported LTO compression algorithms: zlib zstd
gcc version 12.2.0 (Debian 12.2.0-14+deb12u1) 
COMPILER_PATH=/usr/lib/gcc/aarch64-linux-gnu/12/:/usr/lib/gcc/aarch64-linux-gnu/12/:/usr/lib/gcc/aarch64-linux-gnu/:/usr/lib/gcc/aarch64-linux-gnu/12/:/usr/lib/gcc/aarch64-linux-gnu/
LIBRARY_PATH=/usr/lib/gcc/aarch64-linux-gnu/12/:/usr/lib/gcc/aarch64-linux-gnu/12/../../../aarch64-linux-gnu/:/usr/lib/gcc/aarch64-linux-gnu/12/../../../../lib/:/lib/aarch64-linux-gnu/:/lib/../lib/:/usr/lib/aarch64-linux-gnu/:/usr/lib/../lib/:/usr/lib/gcc/aarch64-linux-gnu/12/../../../:/lib/:/usr/lib/
COLLECT_GCC_OPTIONS='-v' '-o' 'cmTC_d9f80' '-mlittle-endian' '-mabi=lp64' '-dumpdir' 'cmTC_d9f80.'
 /usr/lib/gcc/aarch64-linux-gnu/12/collect2 -plugin /usr/lib/gcc/aarch64-linux-gnu/12/liblto_plugin.so -plugin-opt=/usr/lib/gcc/aarch64-linux-gnu/12/lto-wrapper -plugin-opt=-fresolution=/tmp/ccGABzTK.res -plugin-opt=-pass-through=-lgcc -plugin-opt=-pass-through=-lgcc_s -plugin-opt=-pass-through=-lc -plugin-opt=-pass-through=-lgcc -plugin-opt=-pass-through=-lgcc_s --build-id --eh-frame-hdr --hash-style=gnu --as-needed -dynamic-linker /lib/ld-linux-aarch64.so.1 -X -EL -maarch64linux --fix-cortex-a53-843419 -pie -o cmTC_d9f80 /usr/lib/gcc/aarch64-linux-gnu/12/../../../aarch64-linux-gnu/Scrt1.o /usr/lib/gcc/aarch64-linux-gnu/12/../../../aarch64-linux-gnu/crti.o /usr/lib/gcc/aarch64-linux-gnu/12/crtbeginS.o -L/usr/lib/gcc/aarch64-linux-gnu/12 -L/usr/lib/gcc/aarch64-linux-gnu/12/../../../aarch64-linux-gnu -L/usr/lib/gcc/aarch64-linux-gnu/12/../../../../lib -L/lib/aarch64-linux-gnu -L/lib/../lib -L/usr/lib/aarch64-linux-gnu -L/usr/lib/../lib -L/usr/lib/gcc/aarch64-linux-gnu/12/../../.. CMakeFiles/cmTC_d9f80.dir/CMakeCCompilerABI.c.o -lgcc --push-state --as-needed -lgcc_s --pop-state -lc -lgcc --push-state --as-needed -lgcc_s --pop-state /usr/lib/gcc/aarch64-linux-gnu/12/crtendS.o /usr/lib/gcc/aarch64-linux-gnu/12/../../../aarch64-linux-gnu/crtn.o
COLLECT_GCC_OPTIONS='-v' '-o' 'cmTC_d9f80' '-mlittle-endian' '-mabi=lp64' '-dumpdir' 'cmTC_d9f80.'
gmake[1]: Leaving directory '/home/dev/workspace/workspace/build/CMakeFiles/CMakeScratch/TryCompile-3iAUsU'



Parsed C implicit include dir info from above output: rv=done
  found start of include info
  found start of implicit include info
    add: [/usr/lib/gcc/aarch64-linux-gnu/12/include]
    add: [/usr/local/include]
    add: [/usr/include/aarch64-linux-gnu]
    add: [/usr/include]
  end of search list found
  collapse include dir [/usr/lib/gcc/aarch64-linux-gnu/12/include] ==> [/usr/lib/gcc/aarch64-linux-gnu/12/include]
  collapse include dir [/usr/local/include] ==> [/usr/local/include]
  collapse include dir [/usr/include/aarch64-linux-gnu] ==> [/usr/include/aarch64-linux-gnu]
  collapse include dir [/usr/include] ==> [/usr/include]
  implicit include dirs: [/usr/lib/gcc/aarch64-linux-gnu/12/include;/usr/local/include;/usr/include/aarch64-linux-gnu;/usr/include]


Parsed C implicit link information from above output:
  link line regex: [^( *|.*[/\])(ld|CMAKE_LINK_STARTFILE-NOTFOUND|([^/\]+-)?ld|collect2)[^/\]*( |$)]
  ignore line: [Change Dir: /home/dev/workspace/workspace/build/CMakeFiles/CMakeScratch/TryCompile-3iAUsU]
  ignore line: []
  ignore line: [Run Build Command(s):/usr/bin/gmake -f Makefile cmTC_d9f80/fast && /usr/bin/gmake  -f CMakeFiles/cmTC_d9f80.dir/build.make CMakeFiles/cmTC_d9f80.dir/build]
  ignore line: [gmake[1]: Entering directory '/home/dev/workspace/workspace/build/CMakeFiles/CMakeScratch/TryCompile-3iAUsU']
  ignore line: [Building C object CMakeFiles/cmTC_d9f80.dir/CMakeCCompilerABI.c.o]
  ignore line: [/usr/bin/cc   -v -o CMakeFiles/cmTC_d9f80.dir/CMakeCCompilerABI.c.o -c /usr/share/cmake-3.25/Modules/CMakeCCompilerABI.c]
  ignore line: [Using built-in specs.]
  ignore line: [COLLECT_GCC=/usr/bin/cc]
  ignore line: [Target: aarch64-linux-gnu]
  ignore line: [Configured with: ../src/configure -v --with-pkgversion='Debian 12.2.0-14+deb12u1' --with-bugurl=file:///usr/share/doc/gcc-12/README.Bugs --enable-languages=c ada c++ go d fortran objc obj-c++ m2 --prefix=/usr --with-gcc-major-version-only --program-suffix=-12 --program-prefix=aarch64-linux-gnu- --enable-shared --enable-linker-build-id --libexecdir=/usr/lib --without-included-gettext --enable-threads=posix --libdir=/usr/lib --enable-nls --enable-clocale=gnu --enable-libstdcxx-debug --enable-libstdcxx-time=yes --with-default-libstdcxx-abi=new --enable-gnu-unique-object --disable-libquadmath --disable-libquadmath-support --enable-plugin --enable-default-pie --with-system-zlib --enable-libphobos-checking=release --with-target-system-zlib=auto --enable-objc-gc=auto --enable-multiarch --enable-fix-cortex-a53-843419 --disable-werror --enable-checking=release --build=aarch64-linux-gnu --host=aarch64-linux-gnu --target=aarch64-linux-gnu]
  ignore line: [Thread model: posix]
  ignore line: [Supported LTO compression algorithms: zlib zstd]
  ignore line: [gcc version 12.2.0 (Debian 12.2.0-14+deb12u1) ]
  ignore line: [COLLECT_GCC_OPTIONS='-v' '-o' 'CMakeFiles/cmTC_d9f80.dir/CMakeCCompilerABI.c.o' '-c' '-mlittle-endian' '-mabi=lp64' '-dumpdir' 'CMakeFiles/cmTC_d9f80.dir/']
  ignore line: [ /usr/lib/gcc/aarch64-linux-gnu/12/cc1 -quiet -v -imultiarch aarch64-linux-gnu /usr/share/cmake-3.25/Modules/CMakeCCompilerABI.c -quiet -dumpdir CMakeFiles/cmTC_d9f80.dir/ -dumpbase CMakeCCompilerABI.c.c -dumpbase-ext .c -mlittle-endian -mabi=lp64 -version -fasynchronous-unwind-tables -o /tmp/ccQN3pVS.s]
  ignore line: [GNU C17 (Debian 12.2.0-14+deb12u1) version 12.2.0 (aarch64-linux-gnu)]
  ignore line: [	compiled by GNU C version 12.2.0  GMP version 6.2.1  MPFR version 4.2.0  MPC version 1.3.1  isl version isl-0.25-GMP]
  ignore line: []
  ignore line: [GGC heuristics: --param ggc-min-expand=100 --param ggc-min-heapsize=131072]
  ignore line: [ignoring nonexistent directory "/usr/local/include/aarch64-linux-gnu"]
  ignore line: [ignoring nonexistent directory "/usr/lib/gcc/aarch64-linux-gnu/12/include-fixed"]
  ignore line: [ignoring nonexistent directory "/usr/lib/gcc/aarch64-linux-gnu/12/../../../../aarch64-linux-gnu/include"]
  ignore line: [#include "..." search starts here:]
  ignore line: [#include <...> search starts here:]
  ignore line: [ /usr/lib/gcc/aarch64-linux-gnu/12/include]
  ignore line: [ /usr/local/include]
  ignore line: [ /usr/include/aarch64-linux-gnu]
  ignore line: [ /usr/include]
  ignore line: [End of search list.]
  ignore line: [GNU C17 (Debian 12.2.0-14+deb12u1) version 12.2.0 (aarch64-linux-gnu)]
  ignore line: [	compiled by GNU C version 12.2.0  GMP version 6.2.1  MPFR version 4.2.0  MPC version 1.3.1  isl version isl-0.25-GMP]
  ignore line: []
  ignore line: [GGC heuristics: --param ggc-min-expand=100 --param ggc-min-heapsize=131072]
  ignore line: [Compiler executable checksum: 353d9f3bda0709922bce3bd32cc6f6a4]
  ignore line: [COLLECT_GCC_OPTIONS='-v' '-o' 'CMakeFiles/cmTC_d9f80.dir/CMakeCCompilerABI.c.o' '-c' '-mlittle-endian' '-mabi=lp64' '-dumpdir' 'CMakeFiles/cmTC_d9f80.dir/']
  ignore line: [ as -v -EL -mabi=lp64 -o CMakeFiles/cmTC_d9f80.dir/CMakeCCompilerABI.c.o /tmp/ccQN3pVS.s]
  ignore line: [GNU assembler version 2.40 (aarch64-linux-gnu) using BFD version (GNU Binutils for Debian) 2.40]
  ignore line: [COMPILER_PATH=/usr/lib/gcc/aarch64-linux-gnu/12/:/usr/lib/gcc/aarch64-linux-gnu/12/:/usr/lib/gcc/aarch64-linux-gnu/:/usr/lib/gcc/aarch64-linux-gnu/12/:/usr/lib/gcc/aarch64-linux-gnu/]
  ignore line: [LIBRARY_PATH=/usr/lib/gcc/aarch64-linux-gnu/12/:/usr/lib/gcc/aarch64-linux-gnu/12/../../../aarch64-linux-gnu/:/usr/lib/gcc/aarch64-linux-gnu/12/../../../../lib/:/lib/aarch64-linux-gnu/:/lib/../lib/:/usr/lib/aarch64-linux-gnu/:/usr/lib/../lib/:/usr/lib/gcc/aarch64-linux-gnu/12/../../../:/lib/:/usr/lib/]
  ignore line: [COLLECT_GCC_OPTIONS='-v' '-o' 'CMakeFiles/cmTC_d9f80.dir/CMakeCCompilerABI.c.o' '-c' '-mlittle-endian' '-mabi=lp64' '-dumpdir' 'CMakeFiles/cmTC_d9f80.dir/CMakeCCompilerABI.c.']
  ignore line: [Linking C executable cmTC_d9f80]
  ignore line: [/usr/bin/cmake -E cmake_link_script CMakeFiles/cmTC_d9f80.dir/link.txt --verbose=1]
  ignore line: [/usr/bin/cc  -v CMakeFiles/cmTC_d9f80.dir/CMakeCCompilerABI.c.o -o cmTC_d9f80 ]
  ignore line: [Using built-in specs.]
  ignore line: [COLLECT_GCC=/usr/bin/cc]
  ignore line: [COLLECT_LTO_WRAPPER=/usr/lib/gcc/aarch64-linux-gnu/12/lto-wrapper]
  ignore line: [Target: aarch64-linux-gnu]
  ignore line: [Configured with: ../src/configure -v --with-pkgversion='Debian 12.2.0-14+deb12u1' --with-bugurl=file:///usr/share/doc/gcc-12/README.Bugs --enable-languages=c ada c++ go d fortran objc obj-c++ m2 --prefix=/usr --with-gcc-major-version-only --program-suffix=-12 --program-prefix=aarch64-linux-gnu- --enable-shared --enable-linker-build-id --libexecdir=/usr/lib --without-included-gettext --enable-threads=posix --libdir=/usr/lib --enable-nls --enable-clocale=gnu --enable-libstdcxx-debug --enable-libstdcxx-time=yes --with-default-libstdcxx-abi=new --enable-gnu-unique-object --disable-libquadmath --disable-libquadmath-support --enable-plugin --enable-default-pie --with-system-zlib --enable-libphobos-checking=release --with-target-system-zlib=auto --enable-objc-gc=auto --enable-multiarch --enable-fix-cortex-a53-843419 --disable-werror --enable-checking=release --build=aarch64-linux-gnu --host=aarch64-linux-gnu --target=aarch64-linux-gnu]
  ignore line: [Thread model: posix]
  ignore line: [Supported LTO compression algorithms: zlib zstd]
  ignore line: [gcc version 12.2.0 (Debian 12.2.0-14+deb12u1) ]
  ignore line: [COMPILER_PATH=/usr/lib/gcc/aarch64-linux-gnu/12/:/usr/lib/gcc/aarch64-linux-gnu/12/:/usr/lib/gcc/aarch64-linux-gnu/:/usr/lib/gcc/aarch64-linux-gnu/12/:/usr/lib/gcc/aarch64-linux-gnu/]
  ignore line: [LIBRARY_PATH=/usr/lib/gcc/aarch64-linux-gnu/12/:/usr/lib/gcc/aarch64-linux-gnu/12/../../../aarch64-linux-gnu/:/usr/lib/gcc/aarch64-linux-gnu/12/../../../../lib/:/lib/aarch64-linux-gnu/:/lib/../lib/:/usr/lib/aarch64-linux-gnu/:/usr/lib/../lib/:/usr/lib/gcc/aarch64-linux-gnu/12/../../../:/lib/:/usr/lib/]
  ignore line: [COLLECT_GCC_OPTIONS='-v' '-o' 'cmTC_d9f80' '-mlittle-endian' '-mabi=lp64' '-dumpdir' 'cmTC_d9f80.']
  link line: [ /usr/lib/gcc/aarch64-linux-gnu/12/collect2 -plugin /usr/lib/gcc/aarch64-linux-gnu/12/liblto_plugin.so -plugin-opt=/usr/lib/gcc/aarch64-linux-gnu/12/lto-wrapper -plugin-opt=-fresolution=/tmp/ccGABzTK.res -plugin-opt=-pass-through=-lgcc -plugin-opt=-pass-through=-lgcc_s -plugin-opt=-pass-through=-lc -plugin-opt=-pass-through=-lgcc -plugin-opt=-pass-through=-lgcc_s --build-id --eh-frame-hdr --hash-style=gnu --as-needed -dynamic-linker /lib/ld-linux-aarch64.so.1 -X -EL -maarch64linux --fix-cortex-a53-843419 -pie -o cmTC_d9f80 /usr/lib/gcc/aarch64-linux-gnu/12/../../../aarch64-linux-gnu/Scrt1.o /usr/lib/gcc/aarch64-linux-gnu/12/../../../aarch64-linux-gnu/crti.o /usr/lib/gcc/aarch64-linux-gnu/12/crtbeginS.o -L/usr/lib/gcc/aarch64-linux-gnu/12 -L/usr/lib/gcc/aarch64-linux-gnu/12/../../../aarch64-linux-gnu -L/usr/lib/gcc/aarch64-linux-gnu/12/../../../../lib -L/lib/aarch64-linux-gnu -L/lib/../lib -L/usr/lib/aarch64-linux-gnu -L/usr/lib/../lib -L/usr/lib/gcc/aarch64-linux-gnu/12/../../.. CMakeFiles/cmTC_d9f80.dir/CMakeCCompilerABI.c.o -lgcc --push-state --as-needed -lgcc_s --pop-state -lc -lgcc --push-state --as-needed -lgcc_s --pop-state /usr/lib/gcc/aarch64-linux-gnu/12/crtendS.o /usr/lib/gcc/aarch64-linux-gnu/12/../../../aarch64-linux-gnu/crtn.o]
    arg [/usr/lib/gcc/aarch64-linux-gnu/12/collect2] ==> ignore
    arg [-plugin] ==> ignore
    arg [/usr/lib/gcc/aarch64-linux-gnu/12/liblto_plugin.so] ==> ignore
    arg [-plugin-opt=/usr/lib/gcc/aarch64-linux-gnu/12/lto-wrapper] ==> ignore
    arg [-plugin-opt=-fresolution=/tmp/ccGABzTK.res] ==> ignore
    arg [-plugin-opt=-pass-through=-lgcc] ==> ignore
    arg [-plugin-opt=-pass-through=-lgcc_s] ==> ignore
    arg [-plugin-opt=-pass-through=-lc] ==> ignore
    arg [-plugin-opt=-pass-through=-lgcc] ==> ignore
    arg [-plugin-opt=-pass-through=-lgcc_s] ==> ignore
    arg [--build-id] ==> ignore
    arg [--eh-frame-hdr] ==> ignore
    arg [--hash-style=gnu] ==> ignore
    arg [--as-needed] ==> ignore
    arg [-dynamic-linker] ==> ignore
    arg [/lib/ld-linux-aarch64.so.1] ==> ignore
    arg [-X] ==> ignore
    arg [-EL] ==> ignore
    arg [-maarch64linux] ==> ignore
    arg [--fix-cortex-a53-843419] ==> ignore
    arg [-pie] ==> ignore
    arg [-o] ==> ignore
    arg [cmTC_d9f80] ==> ignore
    arg [/usr/lib/gcc/aarch64-linux-gnu/12/../../../aarch64-linux-gnu/Scrt1.o] ==> obj [/usr/lib/gcc/aarch64-linux-gnu/12/../../../aarch64-linux-gnu/Scrt1.o]
    arg [/usr/lib/gcc/aarch64-linux-gnu/12/../../../aarch64-linux-gnu/crti.o] ==> obj [/usr/lib/gcc/aarch64-linux-gnu/12/../../../aarch64-linux-gnu/crti.o]
    arg [/usr/lib/gcc/aarch64-linux-gnu/12/crtbeginS.o] ==> obj [/usr/lib/gcc/aarch64-linux-gnu/12/crtbeginS.o]
    arg [-L/usr/lib/gcc/aarch64-linux-gnu/12] ==> dir [/usr/lib/gcc/aarch64-linux-gnu/12]
    arg [-L/usr/lib/gcc/aarch64-linux-gnu/12/../../../aarch64-linux-gnu] ==> dir [/usr/lib/gcc/aarch64-linux-gnu/12/../../../aarch64-linux-gnu]
    arg [-L/usr/lib/gcc/aarch64-linux-gnu/12/../../../../lib] ==> dir [/usr/lib/gcc/aarch64-linux-gnu/12/../../../../lib]
    arg [-L/lib/aarch64-linux-gnu] ==> dir [/lib/aarch64-linux-gnu]
    arg [-L/lib/../lib] ==> dir [/lib/../lib]
    arg [-L/usr/lib/aarch64-linux-gnu] ==> dir [/usr/lib/aarch64-linux-gnu]
    arg [-L/usr/lib/../lib] ==> dir [/usr/lib/../lib]
    arg [-L/usr/lib/gcc/aarch64-linux-gnu/12/../../..] ==> dir [/usr/lib/gcc/aarch64-linux-gnu/12/../../..]
    arg [CMakeFiles/cmTC_d9f80.dir/CMakeCCompilerABI.c.o] ==> ignore
    arg [-lgcc] ==> lib [gcc]
    arg [--push-state] ==> ignore
    arg [--as-needed] ==> ignore
    arg [-lgcc_s] ==> lib [gcc_s]
    arg [--pop-state] ==> ignore
    arg [-lc] ==> lib [c]
    arg [-lgcc] ==> lib [gcc]
    arg [--push-state] ==> ignore
    arg [--as-needed] ==> ignore
    arg [-lgcc_s] ==> lib [gcc_s]
    arg [--pop-state] ==> ignore
    arg [/usr/lib/gcc/aarch64-linux-gnu/12/crtendS.o] ==> obj [/usr/lib/gcc/aarch64-linux-gnu/12/crtendS.o]
    arg [/usr/lib/gcc/aarch64-linux-gnu/12/../../../aarch64-linux-gnu/crtn.o] ==> obj [/usr/lib/gcc/aarch64-linux-gnu/12/../../../aarch64-linux-gnu/crtn.o]
  collapse obj [/usr/lib/gcc/aarch64-linux-gnu/12/../../../aarch64-linux-gnu/Scrt1.o] ==> [/usr/lib/aarch64-linux-gnu/Scrt1.o]
  collapse obj [/usr/lib/gcc/aarch64-linux-gnu/12/../../../aarch64-linux-gnu/crti.o] ==> [/usr/lib/aarch64-linux-gnu/crti.o]
  collapse obj [/usr/lib/gcc/aarch64-linux-gnu/12/../../../aarch64-linux-gnu/crtn.o] ==> [/usr/lib/aarch64-linux-gnu/crtn.o]
  collapse library dir [/usr/lib/gcc/aarch64-linux-gnu/12] ==> [/usr/lib/gcc/aarch64-linux-gnu/12]
  collapse library dir [/usr/lib/gcc/aarch64-linux-gnu/12/../../../aarch64-linux-gnu] ==> [/usr/lib/aarch64-linux-gnu]
  collapse library dir [/usr/lib/gcc/aarch64-linux-gnu/12/../../../../lib] ==> [/usr/lib]
  collapse library dir [/lib/aarch64-linux-gnu] ==> [/lib/aarch64-linux-gnu]
  collapse library dir [/lib/../lib] ==> [/lib]
  collapse library dir [/usr/lib/aarch64-linux-gnu] ==> [/usr/lib/aarch64-linux-gnu]
  collapse library dir [/usr/lib/../lib] ==> [/usr/lib]
  collapse library dir [/usr/lib/gcc/aarch64-linux-gnu/12/../../..] ==> [/usr/lib]
  implicit libs: [gcc;gcc_s;c;gcc;gcc_s]
  implicit objs: [/usr/lib/aarch64-linux-gnu/Scrt1.o;/usr/lib/aarch64-linux-gnu/crti.o;/usr/lib/gcc/aarch64-linux-gnu/12/crtbeginS.o;/usr/lib/gcc/aarch64-linux-gnu/12/crtendS.o;/usr/lib/aarch64-linux-gnu/crtn.o]
  implicit dirs: [/usr/lib/gcc/aarch64-linux-gnu/12;/usr/lib/aarch64-linux-gnu;/usr/lib;/lib/aarch64-linux-gnu;/lib]
  implicit fwks: []


The system is: Linux - 6.8.0-1049-oracle - aarch64
Compiling the C compiler identification source file "CMakeCCompilerId.c" succeeded.
Compiler: /usr/bin/cc 
Build flags: 
Id flags:  

The output was:
0


Compilation of the C compiler identification source "CMakeCCompilerId.c" produced "a.out"

The C compiler identification is GNU, found in "/home/dev/workspace/workspace/build/CMakeFiles/3.25.1/CompilerIdC/a.out"

Detecting C compiler ABI info compiled with the following output:
Change Dir: /home/dev/workspace/workspace/build/CMakeFiles/CMakeScratch/TryCompile-tXYrDd

Run Build Command(s):/usr/bin/gmake -f Makefile cmTC_801a4/fast && /usr/bin/gmake  -f CMakeFiles/cmTC_801a4.dir/build.make CMakeFiles/cmTC_801a4.dir/build
gmake[1]: Entering directory '/home/dev/workspace/workspace/build/CMakeFiles/CMakeScratch/TryCompile-tXYrDd'
Building C object CMakeFiles/cmTC_801a4.dir/CMakeCCompilerABI.c.o
/usr/bin/cc   -v -o CMakeFiles/cmTC_801a4.dir/CMakeCCompilerABI.c.o -c /usr/share/cmake-3.25/Modules/CMakeCCompilerABI.c
Using built-in specs.
COLLECT_GCC=/usr/bin/cc
Target: aarch64-linux-gnu
Configured with: ../src/configure -v --with-pkgversion='Debian 12.2.0-14+deb12u1' --with-bugurl=file:///usr/share/doc/gcc-12/README.Bugs --enable-languages=c,ada,c++,go,d,fortran,objc,obj-c++,m2 --prefix=/usr --with-gcc-major-version-only --program-suffix=-12 --program-prefix=aarch64-linux-gnu- --enable-shared --enable-linker-build-id --libexecdir=/usr/lib --without-included-gettext --enable-threads=posix --libdir=/usr/lib --enable-nls --enable-clocale=gnu --enable-libstdcxx-debug --enable-libstdcxx-time=yes --with-default-libstdcxx-abi=new --enable-gnu-unique-object --disable-libquadmath --disable-libquadmath-support --enable-plugin --enable-default-pie --with-system-zlib --enable-libphobos-checking=release --with-target-system-zlib=auto --enable-objc-gc=auto --enable-multiarch --enable-fix-cortex-a53-843419 --disable-werror --enable-checking=release --build=aarch64-linux-gnu --host=aarch64-linux-gnu --target=aarch64-linux-gnu
Thread model: posix
Supported LTO compression algorithms: zlib zstd
gcc version 12.2.0 (Debian 12.2.0-14+deb12u1) 
COLLECT_GCC_OPTIONS='-v' '-o' 'CMakeFiles/cmTC_801a4.dir/CMakeCCompilerABI.c.o' '-c' '-mlittle-endian' '-mabi=lp64' '-dumpdir' 'CMakeFiles/cmTC_801a4.dir/'
 /usr/lib/gcc/aarch64-linux-gnu/12/cc1 -quiet -v -imultiarch aarch64-linux-gnu /usr/share/cmake-3.25/Modules/CMakeCCompilerABI.c -quiet -dumpdir CMakeFiles/cmTC_801a4.dir/ -dumpbase CMakeCCompilerABI.c.c -dumpbase-ext .c -mlittle-endian -mabi=lp64 -version -fasynchronous-unwind-tables -o /tmp/ccI4aiHM.s
GNU C17 (Debian 12.2.0-14+deb12u1) version 12.2.0 (aarch64-linux-gnu)
	compiled by GNU C version 12.2.0, GMP version 6.2.1, MPFR version 4.2.0, MPC version 1.3.1, isl version isl-0.25-GMP

GGC heuristics: --param ggc-min-expand=100 --param ggc-min-heapsize=131072
ignoring nonexistent directory "/usr/local/include/aarch64-linux-gnu"
ignoring nonexistent directory "/usr/lib/gcc/aarch64-linux-gnu/12/include-fixed"
ignoring nonexistent directory "/usr/lib/gcc/aarch64-linux-gnu/12/../../../../aarch64-linux-gnu/include"
#include "..." search starts here:
#include <...> search starts here:
 /usr/lib/gcc/aarch64-linux-gnu/12/include
 /usr/local/include
 /usr/include/aarch64-linux-gnu
 /usr/include
End of search list.
GNU C17 (Debian 12.2.0-14+deb12u1) version 12.2.0 (aarch64-linux-gnu)
	compiled by GNU C version 12.2.0, GMP version 6.2.1, MPFR version 4.2.0, MPC version 1.3.1, isl version isl-0.25-GMP

GGC heuristics: --param ggc-min-expand=100 --param ggc-min-heapsize=131072
Compiler executable checksum: 353d9f3bda0709922bce3bd32cc6f6a4
COLLECT_GCC_OPTIONS='-v' '-o' 'CMakeFiles/cmTC_801a4.dir/CMakeCCompilerABI.c.o' '-c' '-mlittle-endian' '-mabi=lp64' '-dumpdir' 'CMakeFiles/cmTC_801a4.dir/'
 as -v -EL -mabi=lp64 -o CMakeFiles/cmTC_801a4.dir/CMakeCCompilerABI.c.o /tmp/ccI4aiHM.s
GNU assembler version 2.40 (aarch64-linux-gnu) using BFD version (GNU Binutils for Debian) 2.40
COMPILER_PATH=/usr/lib/gcc/aarch64-linux-gnu/12/:/usr/lib/gcc/aarch64-linux-gnu/12/:/usr/lib/gcc/aarch64-linux-gnu/:/usr/lib/gcc/aarch64-linux-gnu/12/:/usr/lib/gcc/aarch64-linux-gnu/
LIBRARY_PATH=/usr/lib/gcc/aarch64-linux-gnu/12/:/usr/lib/gcc/aarch64-linux-gnu/12/../../../aarch64-linux-gnu/:/usr/lib/gcc/aarch64-linux-gnu/12/../../../../lib/:/lib/aarch64-linux-gnu/:/lib/../lib/:/usr/lib/aarch64-linux-gnu/:/usr/lib/../lib/:/usr/lib/gcc/aarch64-linux-gnu/12/../../../:/lib/:/usr/lib/
COLLECT_GCC_OPTIONS='-v' '-o' 'CMakeFiles/cmTC_801a4.dir/CMakeCCompilerABI.c.o' '-c' '-mlittle-endian' '-mabi=lp64' '-dumpdir' 'CMakeFiles/cmTC_801a4.dir/CMakeCCompilerABI.c.'
Linking C executable cmTC_801a4
/usr/bin/cmake -E cmake_link_script CMakeFiles/cmTC_801a4.dir/link.txt --verbose=1
/usr/bin/cc  -v CMakeFiles/cmTC_801a4.dir/CMakeCCompilerABI.c.o -o cmTC_801a4 
Using built-in specs.
COLLECT_GCC=/usr/bin/cc
COLLECT_LTO_WRAPPER=/usr/lib/gcc/aarch64-linux-gnu/12/lto-wrapper
Target: aarch64-linux-gnu
Configured with: ../src/configure -v --with-pkgversion='Debian 12.2.0-14+deb12u1' --with-bugurl=file:///usr/share/doc/gcc-12/README.Bugs --enable-languages=c,ada,c++,go,d,fortran,objc,obj-c++,m2 --prefix=/usr --with-gcc-major-version-only --program-suffix=-12 --program-prefix=aarch64-linux-gnu- --enable-shared --enable-linker-build-id --libexecdir=/usr/lib --without-included-gettext --enable-threads=posix --libdir=/usr/lib --enable-nls --enable-clocale=gnu --enable-libstdcxx-debug --enable-libstdcxx-time=yes --with-default-libstdcxx-abi=new --enable-gnu-unique-object --disable-libquadmath --disable-libquadmath-support --enable-plugin --enable-default-pie --with-system-zlib --enable-libphobos-checking=release --with-target-system-zlib=auto --enable-objc-gc=auto --enable-multiarch --enable-fix-cortex-a53-843419 --disable-werror --enable-checking=release --build=aarch64-linux-gnu --host=aarch64-linux-gnu --target=aarch64-linux-gnu
Thread model: posix
Supported LTO compression algorithms: zlib zstd
gcc version 12.2.0 (Debian 12.2.0-14+deb12u1) 
COMPILER_PATH=/usr/lib/gcc/aarch64-linux-gnu/12/:/usr/lib/gcc/aarch64-linux-gnu/12/:/usr/lib/gcc/aarch64-linux-gnu/:/usr/lib/gcc/aarch64-linux-gnu/12/:/usr/lib/gcc/aarch64-linux-gnu/
LIBRARY_PATH=/usr/lib/gcc/aarch64-linux-gnu/12/:/usr/lib/gcc/aarch64-linux-gnu/12/../../../aarch64-linux-gnu/:/usr/lib/gcc/aarch64-linux-gnu/12/../../../../lib/:/lib/aarch64-linux-gnu/:/lib/../lib/:/usr/lib/aarch64-linux-gnu/:/usr/lib/../lib/:/usr/lib/gcc/aarch64-linux-gnu/12/../../../:/lib/:/usr/lib/
COLLECT_GCC_OPTIONS='-v' '-o' 'cmTC_801a4' '-mlittle-endian' '-mabi=lp64' '-dumpdir' 'cmTC_801a4.'
 /usr/lib/gcc/aarch64-linux-gnu/12/collect2 -plugin /usr/lib/gcc/aarch64-linux-gnu/12/liblto_plugin.so -plugin-opt=/usr/lib/gcc/aarch64-linux-gnu/12/lto-wrapper -plugin-opt=-fresolution=/tmp/ccWjo1Z3.res -plugin-opt=-pass-through=-lgcc -plugin-opt=-pass-through=-lgcc_s -plugin-opt=-pass-through=-lc -plugin-opt=-pass-through=-lgcc -plugin-opt=-pass-through=-lgcc_s --build-id --eh-frame-hdr --hash-style=gnu --as-needed -dynamic-linker /lib/ld-linux-aarch64.so.1 -X -EL -maarch64linux --fix-cortex-a53-843419 -pie -o cmTC_801a4 /usr/lib/gcc/aarch64-linux-gnu/12/../../../aarch64-linux-gnu/Scrt1.o /usr/lib/gcc/aarch64-linux-gnu/12/../../../aarch64-linux-gnu/crti.o /usr/lib/gcc/aarch64-linux-gnu/12/crtbeginS.o -L/usr/lib/gcc/aarch64-linux-gnu/12 -L/usr/lib/gcc/aarch64-linux-gnu/12/../../../aarch64-linux-gnu -L/usr/lib/gcc/aarch64-linux-gnu/12/../../../../lib -L/lib/aarch64-linux-gnu -L/lib/../lib -L/usr/lib/aarch64-linux-gnu -L/usr/lib/../lib -L/usr/lib/gcc/aarch64-linux-gnu/12/../../.. CMakeFiles/cmTC_801a4.dir/CMakeCCompilerABI.c.o -lgcc --push-state --as-needed -lgcc_s --pop-state -lc -lgcc --push-state --as-needed -lgcc_s --pop-state /usr/lib/gcc/aarch64-linux-gnu/12/crtendS.o /usr/lib/gcc/aarch64-linux-gnu/12/../../../aarch64-linux-gnu/crtn.o
COLLECT_GCC_OPTIONS='-v' '-o' 'cmTC_801a4' '-mlittle-endian' '-mabi=lp64' '-dumpdir' 'cmTC_801a4.'
gmake[1]: Leaving directory '/home/dev/workspace/workspace/build/CMakeFiles/CMakeScratch/TryCompile-tXYrDd'



Parsed C implicit include dir info from above output: rv=done
  found start of include info
  found start of implicit include info
    add: [/usr/lib/gcc/aarch64-linux-gnu/12/include]
    add: [/usr/local/include]
    add: [/usr/include/aarch64-linux-gnu]
    add: [/usr/include]
  end of search list found
  collapse include dir [/usr/lib/gcc/aarch64-linux-gnu/12/include] ==> [/usr/lib/gcc/aarch64-linux-gnu/12/include]
  collapse include dir [/usr/local/include] ==> [/usr/local/include]
  collapse include dir [/usr/include/aarch64-linux-gnu] ==> [/usr/include/aarch64-linux-gnu]
  collapse include dir [/usr/include] ==> [/usr/include]
  implicit include dirs: [/usr/lib/gcc/aarch64-linux-gnu/12/include;/usr/local/include;/usr/include/aarch64-linux-gnu;/usr/include]


Parsed C implicit link information from above output:
  link line regex: [^( *|.*[/\])(ld|CMAKE_LINK_STARTFILE-NOTFOUND|([^/\]+-)?ld|collect2)[^/\]*( |$)]
  ignore line: [Change Dir: /home/dev/workspace/workspace/build/CMakeFiles/CMakeScratch/TryCompile-tXYrDd]
  ignore line: []
  ignore line: [Run Build Command(s):/usr/bin/gmake -f Makefile cmTC_801a4/fast && /usr/bin/gmake  -f CMakeFiles/cmTC_801a4.dir/build.make CMakeFiles/cmTC_801a4.dir/build]
  ignore line: [gmake[1]: Entering directory '/home/dev/workspace/workspace/build/CMakeFiles/CMakeScratch/TryCompile-tXYrDd']
  ignore line: [Building C object CMakeFiles/cmTC_801a4.dir/CMakeCCompilerABI.c.o]
  ignore line: [/usr/bin/cc   -v -o CMakeFiles/cmTC_801a4.dir/CMakeCCompilerABI.c.o -c /usr/share/cmake-3.25/Modules/CMakeCCompilerABI.c]
  ignore line: [Using built-in specs.]
  ignore line: [COLLECT_GCC=/usr/bin/cc]
  ignore line: [Target: aarch64-linux-gnu]
  ignore line: [Configured with: ../src/configure -v --with-pkgversion='Debian 12.2.0-14+deb12u1' --with-bugurl=file:///usr/share/doc/gcc-12/README.Bugs --enable-languages=c ada c++ go d fortran objc obj-c++ m2 --prefix=/usr --with-gcc-major-version-only --program-suffix=-12 --program-prefix=aarch64-linux-gnu- --enable-shared --enable-linker-build-id --libexecdir=/usr/lib --without-included-gettext --enable-threads=posix --libdir=/usr/lib --enable-nls --enable-clocale=gnu --enable-libstdcxx-debug --enable-libstdcxx-time=yes --with-default-libstdcxx-abi=new --enable-gnu-unique-object --disable-libquadmath --disable-libquadmath-support --enable-plugin --enable-default-pie --with-system-zlib --enable-libphobos-checking=release --with-target-system-zlib=auto --enable-objc-gc=auto --enable-multiarch --enable-fix-cortex-a53-843419 --disable-werror --enable-checking=release --build=aarch64-linux-gnu --host=aarch64-linux-gnu --target=aarch64-linux-gnu]
  ignore line: [Thread model: posix]
  ignore line: [Supported LTO compression algorithms: zlib zstd]
  ignore line: [gcc version 12.2.0 (Debian 12.2.0-14+deb12u1) ]
  ignore line: [COLLECT_GCC_OPTIONS='-v' '-o' 'CMakeFiles/cmTC_801a4.dir/CMakeCCompilerABI.c.o' '-c' '-mlittle-endian' '-mabi=lp64' '-dumpdir' 'CMakeFiles/cmTC_801a4.dir/']
  ignore line: [ /usr/lib/gcc/aarch64-linux-gnu/12/cc1 -quiet -v -imultiarch aarch64-linux-gnu /usr/share/cmake-3.25/Modules/CMakeCCompilerABI.c -quiet -dumpdir CMakeFiles/cmTC_801a4.dir/ -dumpbase CMakeCCompilerABI.c.c -dumpbase-ext .c -mlittle-endian -mabi=lp64 -version -fasynchronous-unwind-tables -o /tmp/ccI4aiHM.s]
  ignore line: [GNU C17 (Debian 12.2.0-14+deb12u1) version 12.2.0 (aarch64-linux-gnu)]
  ignore line: [	compiled by GNU C version 12.2.0  GMP version 6.2.1  MPFR version 4.2.0  MPC version 1.3.1  isl version isl-0.25-GMP]
  ignore line: []
  ignore line: [GGC heuristics: --param ggc-min-expand=100 --param ggc-min-heapsize=131072]
  ignore line: [ignoring nonexistent directory "/usr/local/include/aarch64-linux-gnu"]
  ignore line: [ignoring nonexistent directory "/usr/lib/gcc/aarch64-linux-gnu/12/include-fixed"]
  ignore line: [ignoring nonexistent directory "/usr/lib/gcc/aarch64-linux-gnu/12/../../../../aarch64-linux-gnu/include"]
  ignore line: [#include "..." search starts here:]
  ignore line: [#include <...> search starts here:]
  ignore line: [ /usr/lib/gcc/aarch64-linux-gnu/12/include]
  ignore line: [ /usr/local/include]
  ignore line: [ /usr/include/aarch64-linux-gnu]
  ignore line: [ /usr/include]
  ignore line: [End of search list.]
  ignore line: [GNU C17 (Debian 12.2.0-14+deb12u1) version 12.2.0 (aarch64-linux-gnu)]
  ignore line: [	compiled by GNU C version 12.2.0  GMP version 6.2.1  MPFR version 4.2.0  MPC version 1.3.1  isl version isl-0.25-GMP]
  ignore line: []
  ignore line: [GGC heuristics: --param ggc-min-expand=100 --param ggc-min-heapsize=131072]
  ignore line: [Compiler executable checksum: 353d9f3bda0709922bce3bd32cc6f6a4]
  ignore line: [COLLECT_GCC_OPTIONS='-v' '-o' 'CMakeFiles/cmTC_801a4.dir/CMakeCCompilerABI.c.o' '-c' '-mlittle-endian' '-mabi=lp64' '-dumpdir' 'CMakeFiles/cmTC_801a4.dir/']
  ignore line: [ as -v -EL -mabi=lp64 -o CMakeFiles/cmTC_801a4.dir/CMakeCCompilerABI.c.o /tmp/ccI4aiHM.s]
  ignore line: [GNU assembler version 2.40 (aarch64-linux-gnu) using BFD version (GNU Binutils for Debian) 2.40]
  ignore line: [COMPILER_PATH=/usr/lib/gcc/aarch64-linux-gnu/12/:/usr/lib/gcc/aarch64-linux-gnu/12/:/usr/lib/gcc/aarch64-linux-gnu/:/usr/lib/gcc/aarch64-linux-gnu/12/:/usr/lib/gcc/aarch64-linux-gnu/]
  ignore line: [LIBRARY_PATH=/usr/lib/gcc/aarch64-linux-gnu/12/:/usr/lib/gcc/aarch64-linux-gnu/12/../../../aarch64-linux-gnu/:/usr/lib/gcc/aarch64-linux-gnu/12/../../../../lib/:/lib/aarch64-linux-gnu/:/lib/../lib/:/usr/lib/aarch64-linux-gnu/:/usr/lib/../lib/:/usr/lib/gcc/aarch64-linux-gnu/12/../../../:/lib/:/usr/lib/]
  ignore line: [COLLECT_GCC_OPTIONS='-v' '-o' 'CMakeFiles/cmTC_801a4.dir/CMakeCCompilerABI.c.o' '-c' '-mlittle-endian' '-mabi=lp64' '-dumpdir' 'CMakeFiles/cmTC_801a4.dir/CMakeCCompilerABI.c.']
  ignore line: [Linking C executable cmTC_801a4]
  ignore line: [/usr/bin/cmake -E cmake_link_script CMakeFiles/cmTC_801a4.dir/link.txt --verbose=1]
  ignore line: [/usr/bin/cc  -v CMakeFiles/cmTC_801a4.dir/CMakeCCompilerABI.c.o -o cmTC_801a4 ]
  ignore line: [Using built-in specs.]
  ignore line: [COLLECT_GCC=/usr/bin/cc]
  ignore line: [COLLECT_LTO_WRAPPER=/usr/lib/gcc/aarch64-linux-gnu/12/lto-wrapper]
  ignore line: [Target: aarch64-linux-gnu]
  ignore line: [Configured with: ../src/configure -v --with-pkgversion='Debian 12.2.0-14+deb12u1' --with-bugurl=file:///usr/share/doc/gcc-12/README.Bugs --enable-languages=c ada c++ go d fortran objc obj-c++ m2 --prefix=/usr --with-gcc-major-version-only --program-suffix=-12 --program-prefix=aarch64-linux-gnu- --enable-shared --enable-linker-build-id --libexecdir=/usr/lib --without-included-gettext --enable-threads=posix --libdir=/usr/lib --enable-nls --enable-clocale=gnu --enable-libstdcxx-debug --enable-libstdcxx-time=yes --with-default-libstdcxx-abi=new --enable-gnu-unique-object --disable-libquadmath --disable-libquadmath-support --enable-plugin --enable-default-pie --with-system-zlib --enable-libphobos-checking=release --with-target-system-zlib=auto --enable-objc-gc=auto --enable-multiarch --enable-fix-cortex-a53-843419 --disable-werror --enable-checking=release --build=aarch64-linux-gnu --host=aarch64-linux-gnu --target=aarch64-linux-gnu]
  ignore line: [Thread model: posix]
  ignore line: [Supported LTO compression algorithms: zlib zstd]
  ignore line: [gcc version 12.2.0 (Debian 12.2.0-14+deb12u1) ]
  ignore line: [COMPILER_PATH=/usr/lib/gcc/aarch64-linux-gnu/12/:/usr/lib/gcc/aarch64-linux-gnu/12/:/usr/lib/gcc/aarch64-linux-gnu/:/usr/lib/gcc/aarch64-linux-gnu/12/:/usr/lib/gcc/aarch64-linux-gnu/]
  ignore line: [LIBRARY_PATH=/usr/lib/gcc/aarch64-linux-gnu/12/:/usr/lib/gcc/aarch64-linux-gnu/12/../../../aarch64-linux-gnu/:/usr/lib/gcc/aarch64-linux-gnu/12/../../../../lib/:/lib/aarch64-linux-gnu/:/lib/../lib/:/usr/lib/aarch64-linux-gnu/:/usr/lib/../lib/:/usr/lib/gcc/aarch64-linux-gnu/12/../../../:/lib/:/usr/lib/]
  ignore line: [COLLECT_GCC_OPTIONS='-v' '-o' 'cmTC_801a4' '-mlittle-endian' '-mabi=lp64' '-dumpdir' 'cmTC_801a4.']
  link line: [ /usr/lib/gcc/aarch64-linux-gnu/12/collect2 -plugin /usr/lib/gcc/aarch64-linux-gnu/12/liblto_plugin.so -plugin-opt=/usr/lib/gcc/aarch64-linux-gnu/12/lto-wrapper -plugin-opt=-fresolution=/tmp/ccWjo1Z3.res -plugin-opt=-pass-through=-lgcc -plugin-opt=-pass-through=-lgcc_s -plugin-opt=-pass-through=-lc -plugin-opt=-pass-through=-lgcc -plugin-opt=-pass-through=-lgcc_s --build-id --eh-frame-hdr --hash-style=gnu --as-needed -dynamic-linker /lib/ld-linux-aarch64.so.1 -X -EL -maarch64linux --fix-cortex-a53-843419 -pie -o cmTC_801a4 /usr/lib/gcc/aarch64-linux-gnu/12/../../../aarch64-linux-gnu/Scrt1.o /usr/lib/gcc/aarch64-linux-gnu/12/../../../aarch64-linux-gnu/crti.o /usr/lib/gcc/aarch64-linux-gnu/12/crtbeginS.o -L/usr/lib/gcc/aarch64-linux-gnu/12 -L/usr/lib/gcc/aarch64-linux-gnu/12/../../../aarch64-linux-gnu -L/usr/lib/gcc/aarch64-linux-gnu/12/../../../../lib -L/lib/aarch64-linux-gnu -L/lib/../lib -L/usr/lib/aarch64-linux-gnu -L/usr/lib/../lib -L/usr/lib/gcc/aarch64-linux-gnu/12/../../.. CMakeFiles/cmTC_801a4.dir/CMakeCCompilerABI.c.o -lgcc --push-state --as-needed -lgcc_s --pop-state -lc -lgcc --push-state --as-needed -lgcc_s --pop-state /usr/lib/gcc/aarch64-linux-gnu/12/crtendS.o /usr/lib/gcc/aarch64-linux-gnu/12/../../../aarch64-linux-gnu/crtn.o]
    arg [/usr/lib/gcc/aarch64-linux-gnu/12/collect2] ==> ignore
    arg [-plugin] ==> ignore
    arg [/usr/lib/gcc/aarch64-linux-gnu/12/liblto_plugin.so] ==> ignore
    arg [-plugin-opt=/usr/lib/gcc/aarch64-linux-gnu/12/lto-wrapper] ==> ignore
    arg [-plugin-opt=-fresolution=/tmp/ccWjo1Z3.res] ==> ignore
    arg [-plugin-opt=-pass-through=-lgcc] ==> ignore
    arg [-plugin-opt=-pass-through=-lgcc_s] ==> ignore
    arg [-plugin-opt=-pass-through=-lc] ==> ignore
    arg [-plugin-opt=-pass-through=-lgcc] ==> ignore
    arg [-plugin-opt=-pass-through=-lgcc_s] ==> ignore
    arg [--build-id] ==> ignore
    arg [--eh-frame-hdr] ==> ignore
    arg [--hash-style=gnu] ==> ignore
    arg [--as-needed] ==> ignore
    arg [-dynamic-linker] ==> ignore
    arg [/lib/ld-linux-aarch64.so.1] ==> ignore
    arg [-X] ==> ignore
    arg [-EL] ==> ignore
    arg [-maarch64linux] ==> ignore
    arg [--fix-cortex-a53-843419] ==> ignore
    arg [-pie] ==> ignore
    arg [-o] ==> ignore
    arg [cmTC_801a4] ==> ignore
    arg [/usr/lib/gcc/aarch64-linux-gnu/12/../../../aarch64-linux-gnu/Scrt1.o] ==> obj [/usr/lib/gcc/aarch64-linux-gnu/12/../../../aarch64-linux-gnu/Scrt1.o]
    arg [/usr/lib/gcc/aarch64-linux-gnu/12/../../../aarch64-linux-gnu/crti.o] ==> obj [/usr/lib/gcc/aarch64-linux-gnu/12/../../../aarch64-linux-gnu/crti.o]
    arg [/usr/lib/gcc/aarch64-linux-gnu/12/crtbeginS.o] ==> obj [/usr/lib/gcc/aarch64-linux-gnu/12/crtbeginS.o]
    arg [-L/usr/lib/gcc/aarch64-linux-gnu/12] ==> dir [/usr/lib/gcc/aarch64-linux-gnu/12]
    arg [-L/usr/lib/gcc/aarch64-linux-gnu/12/../../../aarch64-linux-gnu] ==> dir [/usr/lib/gcc/aarch64-linux-gnu/12/../../../aarch64-linux-gnu]
    arg [-L/usr/lib/gcc/aarch64-linux-gnu/12/../../../../lib] ==> dir [/usr/lib/gcc/aarch64-linux-gnu/12/../../../../lib]
    arg [-L/lib/aarch64-linux-gnu] ==> dir [/lib/aarch64-linux-gnu]
    arg [-L/lib/../lib] ==> dir [/lib/../lib]
    arg [-L/usr/lib/aarch64-linux-gnu] ==> dir [/usr/lib/aarch64-linux-gnu]
    arg [-L/usr/lib/../lib] ==> dir [/usr/lib/../lib]
    arg [-L/usr/lib/gcc/aarch64-linux-gnu/12/../../..] ==> dir [/usr/lib/gcc/aarch64-linux-gnu/12/../../..]
    arg [CMakeFiles/cmTC_801a4.dir/CMakeCCompilerABI.c.o] ==> ignore
    arg [-lgcc] ==> lib [gcc]
    arg [--push-state] ==> ignore
    arg [--as-needed] ==> ignore
    arg [-lgcc_s] ==> lib [gcc_s]
    arg [--pop-state] ==> ignore
    arg [-lc] ==> lib [c]
    arg [-lgcc] ==> lib [gcc]
    arg [--push-state] ==> ignore
    arg [--as-needed] ==> ignore
    arg [-lgcc_s] ==> lib [gcc_s]
    arg [--pop-state] ==> ignore
    arg [/usr/lib/gcc/aarch64-linux-gnu/12/crtendS.o] ==> obj [/usr/lib/gcc/aarch64-linux-gnu/12/crtendS.o]
    arg [/usr/lib/gcc/aarch64-linux-gnu/12/../../../aarch64-linux-gnu/crtn.o] ==> obj [/usr/lib/gcc/aarch64-linux-gnu/12/../../../aarch64-linux-gnu/crtn.o]
  collapse obj [/usr/lib/gcc/aarch64-linux-gnu/12/../../../aarch64-linux-gnu/Scrt1.o] ==> [/usr/lib/aarch64-linux-gnu/Scrt1.o]
  collapse obj [/usr/lib/gcc/aarch64-linux-gnu/12/../../../aarch64-linux-gnu/crti.o] ==> [/usr/lib/aarch64-linux-gnu/crti.o]
  collapse obj [/usr/lib/gcc/aarch64-linux-gnu/12/../../../aarch64-linux-gnu/crtn.o] ==> [/usr/lib/aarch64-linux-gnu/crtn.o]
  collapse library dir [/usr/lib/gcc/aarch64-linux-gnu/12] ==> [/usr/lib/gcc/aarch64-linux-gnu/12]
  collapse library dir [/usr/lib/gcc/aarch64-linux-gnu/12/../../../aarch64-linux-gnu] ==> [/usr/lib/aarch64-linux-gnu]
  collapse library dir [/usr/lib/gcc/aarch64-linux-gnu/12/../../../../lib] ==> [/usr/lib]
  collapse library dir [/lib/aarch64-linux-gnu] ==> [/lib/aarch64-linux-gnu]
  collapse library dir [/lib/../lib] ==> [/lib]
  collapse library dir [/usr/lib/aarch64-linux-gnu] ==> [/usr/lib/aarch64-linux-gnu]
  collapse library dir [/usr/lib/../lib] ==> [/usr/lib]
  collapse library dir [/usr/lib/gcc/aarch64-linux-gnu/12/../../..] ==> [/usr/lib]
  implicit libs: [gcc;gcc_s;c;gcc;gcc_s]
  implicit objs: [/usr/lib/aarch64-linux-gnu/Scrt1.o;/usr/lib/aarch64-linux-gnu/crti.o;/usr/lib/gcc/aarch64-linux-gnu/12/crtbeginS.o;/usr/lib/gcc/aarch64-linux-gnu/12/crtendS.o;/usr/lib/aarch64-linux-gnu/crtn.o]
  implicit dirs: [/usr/lib/gcc/aarch64-linux-gnu/12;/usr/lib/aarch64-linux-gnu;/usr/lib;/lib/aarch64-linux-gnu;/lib]
  implicit fwks: []


The system is: Linux - 6.8.0-1049-oracle - aarch64
Compiling the C compiler identification source file "CMakeCCompilerId.c" succeeded.
Compiler: /usr/bin/cc 
Build flags: 
Id flags:  

The output was:
0


Compilation of the C compiler identification source "CMakeCCompilerId.c" produced "a.out"

The C compiler identification is GNU, found in "/home/dev/workspace/workspace/build/CMakeFiles/3.25.1/CompilerIdC/a.out"

Detecting C compiler ABI info compiled with the following output:
Change Dir: /home/dev/workspace/workspace/build/CMakeFiles/CMakeScratch/TryCompile-4pu3m5

Run Build Command(s):/usr/bin/gmake -f Makefile cmTC_5df1c/fast && /usr/bin/gmake  -f CMakeFiles/cmTC_5df1c.dir/build.make CMakeFiles/cmTC_5df1c.dir/build
gmake[1]: Entering directory '/home/dev/workspace/workspace/build/CMakeFiles/CMakeScratch/TryCompile-4pu3m5'
Building C object CMakeFiles/cmTC_5df1c.dir/CMakeCCompilerABI.c.o
/usr/bin/cc   -v -o CMakeFiles/cmTC_5df1c.dir/CMakeCCompilerABI.c.o -c /usr/share/cmake-3.25/Modules/CMakeCCompilerABI.c
Using built-in specs.
COLLECT_GCC=/usr/bin/cc
Target: aarch64-linux-gnu
Configured with: ../src/configure -v --with-pkgversion='Debian 12.2.0-14+deb12u1' --with-bugurl=file:///usr/share/doc/gcc-12/README.Bugs --enable-languages=c,ada,c++,go,d,fortran,objc,obj-c++,m2 --prefix=/usr --with-gcc-major-version-only --program-suffix=-12 --program-prefix=aarch64-linux-gnu- --enable-shared --enable-linker-build-id --libexecdir=/usr/lib --without-included-gettext --enable-threads=posix --libdir=/usr/lib --enable-nls --enable-clocale=gnu --enable-libstdcxx-debug --enable-libstdcxx-time=yes --with-default-libstdcxx-abi=new --enable-gnu-unique-object --disable-libquadmath --disable-libquadmath-support --enable-plugin --enable-default-pie --with-system-zlib --enable-libphobos-checking=release --with-target-system-zlib=auto --enable-objc-gc=auto --enable-multiarch --enable-fix-cortex-a53-843419 --disable-werror --enable-checking=release --build=aarch64-linux-gnu --host=aarch64-linux-gnu --target=aarch64-linux-gnu
Thread model: posix
Supported LTO compression algorithms: zlib zstd
gcc version 12.2.0 (Debian 12.2.0-14+deb12u1) 
COLLECT_GCC_OPTIONS='-v' '-o' 'CMakeFiles/cmTC_5df1c.dir/CMakeCCompilerABI.c.o' '-c' '-mlittle-endian' '-mabi=lp64' '-dumpdir' 'CMakeFiles/cmTC_5df1c.dir/'
 /usr/lib/gcc/aarch64-linux-gnu/12/cc1 -quiet -v -imultiarch aarch64-linux-gnu /usr/share/cmake-3.25/Modules/CMakeCCompilerABI.c -quiet -dumpdir CMakeFiles/cmTC_5df1c.dir/ -dumpbase CMakeCCompilerABI.c.c -dumpbase-ext .c -mlittle-endian -mabi=lp64 -version -fasynchronous-unwind-tables -o /tmp/ccJiaBfR.s
GNU C17 (Debian 12.2.0-14+deb12u1) version 12.2.0 (aarch64-linux-gnu)
	compiled by GNU C version 12.2.0, GMP version 6.2.1, MPFR version 4.2.0, MPC version 1.3.1, isl version isl-0.25-GMP

GGC heuristics: --param ggc-min-expand=100 --param ggc-min-heapsize=131072
ignoring nonexistent directory "/usr/local/include/aarch64-linux-gnu"
ignoring nonexistent directory "/usr/lib/gcc/aarch64-linux-gnu/12/include-fixed"
ignoring nonexistent directory "/usr/lib/gcc/aarch64-linux-gnu/12/../../../../aarch64-linux-gnu/include"
#include "..." search starts here:
#include <...> search starts here:
 /usr/lib/gcc/aarch64-linux-gnu/12/include
 /usr/local/include
 /usr/include/aarch64-linux-gnu
 /usr/include
End of search list.
GNU C17 (Debian 12.2.0-14+deb12u1) version 12.2.0 (aarch64-linux-gnu)
	compiled by GNU C version 12.2.0, GMP version 6.2.1, MPFR version 4.2.0, MPC version 1.3.1, isl version isl-0.25-GMP

GGC heuristics: --param ggc-min-expand=100 --param ggc-min-heapsize=131072
Compiler executable checksum: 353d9f3bda0709922bce3bd32cc6f6a4
COLLECT_GCC_OPTIONS='-v' '-o' 'CMakeFiles/cmTC_5df1c.dir/CMakeCCompilerABI.c.o' '-c' '-mlittle-endian' '-mabi=lp64' '-dumpdir' 'CMakeFiles/cmTC_5df1c.dir/'
 as -v -EL -mabi=lp64 -o CMakeFiles/cmTC_5df1c.dir/CMakeCCompilerABI.c.o /tmp/ccJiaBfR.s
GNU assembler version 2.40 (aarch64-linux-gnu) using BFD version (GNU Binutils for Debian) 2.40
COMPILER_PATH=/usr/lib/gcc/aarch64-linux-gnu/12/:/usr/lib/gcc/aarch64-linux-gnu/12/:/usr/lib/gcc/aarch64-linux-gnu/:/usr/lib/gcc/aarch64-linux-gnu/12/:/usr/lib/gcc/aarch64-linux-gnu/
LIBRARY_PATH=/usr/lib/gcc/aarch64-linux-gnu/12/:/usr/lib/gcc/aarch64-linux-gnu/12/../../../aarch64-linux-gnu/:/usr/lib/gcc/aarch64-linux-gnu/12/../../../../lib/:/lib/aarch64-linux-gnu/:/lib/../lib/:/usr/lib/aarch64-linux-gnu/:/usr/lib/../lib/:/usr/lib/gcc/aarch64-linux-gnu/12/../../../:/lib/:/usr/lib/
COLLECT_GCC_OPTIONS='-v' '-o' 'CMakeFiles/cmTC_5df1c.dir/CMakeCCompilerABI.c.o' '-c' '-mlittle-endian' '-mabi=lp64' '-dumpdir' 'CMakeFiles/cmTC_5df1c.dir/CMakeCCompilerABI.c.'
Linking C executable cmTC_5df1c
/usr/bin/cmake -E cmake_link_script CMakeFiles/cmTC_5df1c.dir/link.txt --verbose=1
/usr/bin/cc  -v CMakeFiles/cmTC_5df1c.dir/CMakeCCompilerABI.c.o -o cmTC_5df1c 
Using built-in specs.
COLLECT_GCC=/usr/bin/cc
COLLECT_LTO_WRAPPER=/usr/lib/gcc/aarch64-linux-gnu/12/lto-wrapper
Target: aarch64-linux-gnu
Configured with: ../src/configure -v --with-pkgversion='Debian 12.2.0-14+deb12u1' --with-bugurl=file:///usr/share/doc/gcc-12/README.Bugs --enable-languages=c,ada,c++,go,d,fortran,objc,obj-c++,m2 --prefix=/usr --with-gcc-major-version-only --program-suffix=-12 --program-prefix=aarch64-linux-gnu- --enable-shared --enable-linker-build-id --libexecdir=/usr/lib --without-included-gettext --enable-threads=posix --libdir=/usr/lib --enable-nls --enable-clocale=gnu --enable-libstdcxx-debug --enable-libstdcxx-time=yes --with-default-libstdcxx-abi=new --enable-gnu-unique-object --disable-libquadmath --disable-libquadmath-support --enable-plugin --enable-default-pie --with-system-zlib --enable-libphobos-checking=release --with-target-system-zlib=auto --enable-objc-gc=auto --enable-multiarch --enable-fix-cortex-a53-843419 --disable-werror --enable-checking=release --build=aarch64-linux-gnu --host=aarch64-linux-gnu --target=aarch64-linux-gnu
Thread model: posix
Supported LTO compression algorithms: zlib zstd
gcc version 12.2.0 (Debian 12.2.0-14+deb12u1) 
COMPILER_PATH=/usr/lib/gcc/aarch64-linux-gnu/12/:/usr/lib/gcc/aarch64-linux-gnu/12/:/usr/lib/gcc/aarch64-linux-gnu/:/usr/lib/gcc/aarch64-linux-gnu/12/:/usr/lib/gcc/aarch64-linux-gnu/
LIBRARY_PATH=/usr/lib/gcc/aarch64-linux-gnu/12/:/usr/lib/gcc/aarch64-linux-gnu/12/../../../aarch64-linux-gnu/:/usr/lib/gcc/aarch64-linux-gnu/12/../../../../lib/:/lib/aarch64-linux-gnu/:/lib/../lib/:/usr/lib/aarch64-linux-gnu/:/usr/lib/../lib/:/usr/lib/gcc/aarch64-linux-gnu/12/../../../:/lib/:/usr/lib/
COLLECT_GCC_OPTIONS='-v' '-o' 'cmTC_5df1c' '-mlittle-endian' '-mabi=lp64' '-dumpdir' 'cmTC_5df1c.'
 /usr/lib/gcc/aarch64-linux-gnu/12/collect2 -plugin /usr/lib/gcc/aarch64-linux-gnu/12/liblto_plugin.so -plugin-opt=/usr/lib/gcc/aarch64-linux-gnu/12/lto-wrapper -plugin-opt=-fresolution=/tmp/cczLXb0g.res -plugin-opt=-pass-through=-lgcc -plugin-opt=-pass-through=-lgcc_s -plugin-opt=-pass-through=-lc -plugin-opt=-pass-through=-lgcc -plugin-opt=-pass-through=-lgcc_s --build-id --eh-frame-hdr --hash-style=gnu --as-needed -dynamic-linker /lib/ld-linux-aarch64.so.1 -X -EL -maarch64linux --fix-cortex-a53-843419 -pie -o cmTC_5df1c /usr/lib/gcc/aarch64-linux-gnu/12/../../../aarch64-linux-gnu/Scrt1.o /usr/lib/gcc/aarch64-linux-gnu/12/../../../aarch64-linux-gnu/crti.o /usr/lib/gcc/aarch64-linux-gnu/12/crtbeginS.o -L/usr/lib/gcc/aarch64-linux-gnu/12 -L/usr/lib/gcc/aarch64-linux-gnu/12/../../../aarch64-linux-gnu -L/usr/lib/gcc/aarch64-linux-gnu/12/../../../../lib -L/lib/aarch64-linux-gnu -L/lib/../lib -L/usr/lib/aarch64-linux-gnu -L/usr/lib/../lib -L/usr/lib/gcc/aarch64-linux-gnu/12/../../.. CMakeFiles/cmTC_5df1c.dir/CMakeCCompilerABI.c.o -lgcc --push-state --as-needed -lgcc_s --pop-state -lc -lgcc --push-state --as-needed -lgcc_s --pop-state /usr/lib/gcc/aarch64-linux-gnu/12/crtendS.o /usr/lib/gcc/aarch64-linux-gnu/12/../../../aarch64-linux-gnu/crtn.o
COLLECT_GCC_OPTIONS='-v' '-o' 'cmTC_5df1c' '-mlittle-endian' '-mabi=lp64' '-dumpdir' 'cmTC_5df1c.'
gmake[1]: Leaving directory '/home/dev/workspace/workspace/build/CMakeFiles/CMakeScratch/TryCompile-4pu3m5'



Parsed C implicit include dir info from above output: rv=done
  found start of include info
  found start of implicit include info
    add: [/usr/lib/gcc/aarch64-linux-gnu/12/include]
    add: [/usr/local/include]
    add: [/usr/include/aarch64-linux-gnu]
    add: [/usr/include]
  end of search list found
  collapse include dir [/usr/lib/gcc/aarch64-linux-gnu/12/include] ==> [/usr/lib/gcc/aarch64-linux-gnu/12/include]
  collapse include dir [/usr/local/include] ==> [/usr/local/include]
  collapse include dir [/usr/include/aarch64-linux-gnu] ==> [/usr/include/aarch64-linux-gnu]
  collapse include dir [/usr/include] ==> [/usr/include]
  implicit include dirs: [/usr/lib/gcc/aarch64-linux-gnu/12/include;/usr/local/include;/usr/include/aarch64-linux-gnu;/usr/include]


Parsed C implicit link information from above output:
  link line regex: [^( *|.*[/\])(ld|CMAKE_LINK_STARTFILE-NOTFOUND|([^/\]+-)?ld|collect2)[^/\]*( |$)]
  ignore line: [Change Dir: /home/dev/workspace/workspace/build/CMakeFiles/CMakeScratch/TryCompile-4pu3m5]
  ignore line: []
  ignore line: [Run Build Command(s):/usr/bin/gmake -f Makefile cmTC_5df1c/fast && /usr/bin/gmake  -f CMakeFiles/cmTC_5df1c.dir/build.make CMakeFiles/cmTC_5df1c.dir/build]
  ignore line: [gmake[1]: Entering directory '/home/dev/workspace/workspace/build/CMakeFiles/CMakeScratch/TryCompile-4pu3m5']
  ignore line: [Building C object CMakeFiles/cmTC_5df1c.dir/CMakeCCompilerABI.c.o]
  ignore line: [/usr/bin/cc   -v -o CMakeFiles/cmTC_5df1c.dir/CMakeCCompilerABI.c.o -c /usr/share/cmake-3.25/Modules/CMakeCCompilerABI.c]
  ignore line: [Using built-in specs.]
  ignore line: [COLLECT_GCC=/usr/bin/cc]
  ignore line: [Target: aarch64-linux-gnu]
  ignore line: [Configured with: ../src/configure -v --with-pkgversion='Debian 12.2.0-14+deb12u1' --with-bugurl=file:///usr/share/doc/gcc-12/README.Bugs --enable-languages=c ada c++ go d fortran objc obj-c++ m2 --prefix=/usr --with-gcc-major-version-only --program-suffix=-12 --program-prefix=aarch64-linux-gnu- --enable-shared --enable-linker-build-id --libexecdir=/usr/lib --without-included-gettext --enable-threads=posix --libdir=/usr/lib --enable-nls --enable-clocale=gnu --enable-libstdcxx-debug --enable-libstdcxx-time=yes --with-default-libstdcxx-abi=new --enable-gnu-unique-object --disable-libquadmath --disable-libquadmath-support --enable-plugin --enable-default-pie --with-system-zlib --enable-libphobos-checking=release --with-target-system-zlib=auto --enable-objc-gc=auto --enable-multiarch --enable-fix-cortex-a53-843419 --disable-werror --enable-checking=release --build=aarch64-linux-gnu --host=aarch64-linux-gnu --target=aarch64-linux-gnu]
  ignore line: [Thread model: posix]
  ignore line: [Supported LTO compression algorithms: zlib zstd]
  ignore line: [gcc version 12.2.0 (Debian 12.2.0-14+deb12u1) ]
  ignore line: [COLLECT_GCC_OPTIONS='-v' '-o' 'CMakeFiles/cmTC_5df1c.dir/CMakeCCompilerABI.c.o' '-c' '-mlittle-endian' '-mabi=lp64' '-dumpdir' 'CMakeFiles/cmTC_5df1c.dir/']
  ignore line: [ /usr/lib/gcc/aarch64-linux-gnu/12/cc1 -quiet -v -imultiarch aarch64-linux-gnu /usr/share/cmake-3.25/Modules/CMakeCCompilerABI.c -quiet -dumpdir CMakeFiles/cmTC_5df1c.dir/ -dumpbase CMakeCCompilerABI.c.c -dumpbase-ext .c -mlittle-endian -mabi=lp64 -version -fasynchronous-unwind-tables -o /tmp/ccJiaBfR.s]
  ignore line: [GNU C17 (Debian 12.2.0-14+deb12u1) version 12.2.0 (aarch64-linux-gnu)]
  ignore line: [	compiled by GNU C version 12.2.0  GMP version 6.2.1  MPFR version 4.2.0  MPC version 1.3.1  isl version isl-0.25-GMP]
  ignore line: []
  ignore line: [GGC heuristics: --param ggc-min-expand=100 --param ggc-min-heapsize=131072]
  ignore line: [ignoring nonexistent directory "/usr/local/include/aarch64-linux-gnu"]
  ignore line: [ignoring nonexistent directory "/usr/lib/gcc/aarch64-linux-gnu/12/include-fixed"]
  ignore line: [ignoring nonexistent directory "/usr/lib/gcc/aarch64-linux-gnu/12/../../../../aarch64-linux-gnu/include"]
  ignore line: [#include "..." search starts here:]
  ignore line: [#include <...> search starts here:]
  ignore line: [ /usr/lib/gcc/aarch64-linux-gnu/12/include]
  ignore line: [ /usr/local/include]
  ignore line: [ /usr/include/aarch64-linux-gnu]
  ignore line: [ /usr/include]
  ignore line: [End of search list.]
  ignore line: [GNU C17 (Debian 12.2.0-14+deb12u1) version 12.2.0 (aarch64-linux-gnu)]
  ignore line: [	compiled by GNU C version 12.2.0  GMP version 6.2.1  MPFR version 4.2.0  MPC version 1.3.1  isl version isl-0.25-GMP]
  ignore line: []
  ignore line: [GGC heuristics: --param ggc-min-expand=100 --param ggc-min-heapsize=131072]
  ignore line: [Compiler executable checksum: 353d9f3bda0709922bce3bd32cc6f6a4]
  ignore line: [COLLECT_GCC_OPTIONS='-v' '-o' 'CMakeFiles/cmTC_5df1c.dir/CMakeCCompilerABI.c.o' '-c' '-mlittle-endian' '-mabi=lp64' '-dumpdir' 'CMakeFiles/cmTC_5df1c.dir/']
  ignore line: [ as -v -EL -mabi=lp64 -o CMakeFiles/cmTC_5df1c.dir/CMakeCCompilerABI.c.o /tmp/ccJiaBfR.s]
  ignore line: [GNU assembler version 2.40 (aarch64-linux-gnu) using BFD version (GNU Binutils for Debian) 2.40]
  ignore line: [COMPILER_PATH=/usr/lib/gcc/aarch64-linux-gnu/12/:/usr/lib/gcc/aarch64-linux-gnu/12/:/usr/lib/gcc/aarch64-linux-gnu/:/usr/lib/gcc/aarch64-linux-gnu/12/:/usr/lib/gcc/aarch64-linux-gnu/]
  ignore line: [LIBRARY_PATH=/usr/lib/gcc/aarch64-linux-gnu/12/:/usr/lib/gcc/aarch64-linux-gnu/12/../../../aarch64-linux-gnu/:/usr/lib/gcc/aarch64-linux-gnu/12/../../../../lib/:/lib/aarch64-linux-gnu/:/lib/../lib/:/usr/lib/aarch64-linux-gnu/:/usr/lib/../lib/:/usr/lib/gcc/aarch64-linux-gnu/12/../../../:/lib/:/usr/lib/]
  ignore line: [COLLECT_GCC_OPTIONS='-v' '-o' 'CMakeFiles/cmTC_5df1c.dir/CMakeCCompilerABI.c.o' '-c' '-mlittle-endian' '-mabi=lp64' '-dumpdir' 'CMakeFiles/cmTC_5df1c.dir/CMakeCCompilerABI.c.']
  ignore line: [Linking C executable cmTC_5df1c]
  ignore line: [/usr/bin/cmake -E cmake_link_script CMakeFiles/cmTC_5df1c.dir/link.txt --verbose=1]
  ignore line: [/usr/bin/cc  -v CMakeFiles/cmTC_5df1c.dir/CMakeCCompilerABI.c.o -o cmTC_5df1c ]
  ignore line: [Using built-in specs.]
  ignore line: [COLLECT_GCC=/usr/bin/cc]
  ignore line: [COLLECT_LTO_WRAPPER=/usr/lib/gcc/aarch64-linux-gnu/12/lto-wrapper]
  ignore line: [Target: aarch64-linux-gnu]
  ignore line: [Configured with: ../src/configure -v --with-pkgversion='Debian 12.2.0-14+deb12u1' --with-bugurl=file:///usr/share/doc/gcc-12/README.Bugs --enable-languages=c ada c++ go d fortran objc obj-c++ m2 --prefix=/usr --with-gcc-major-version-only --program-suffix=-12 --program-prefix=aarch64-linux-gnu- --enable-shared --enable-linker-build-id --libexecdir=/usr/lib --without-included-gettext --enable-threads=posix --libdir=/usr/lib --enable-nls --enable-clocale=gnu --enable-libstdcxx-debug --enable-libstdcxx-time=yes --with-default-libstdcxx-abi=new --enable-gnu-unique-object --disable-libquadmath --disable-libquadmath-support --enable-plugin --enable-default-pie --with-system-zlib --enable-libphobos-checking=release --with-target-system-zlib=auto --enable-objc-gc=auto --enable-multiarch --enable-fix-cortex-a53-843419 --disable-werror --enable-checking=release --build=aarch64-linux-gnu --host=aarch64-linux-gnu --target=aarch64-linux-gnu]
  ignore line: [Thread model: posix]
  ignore line: [Supported LTO compression algorithms: zlib zstd]
  ignore line: [gcc version 12.2.0 (Debian 12.2.0-14+deb12u1) ]
  ignore line: [COMPILER_PATH=/usr/lib/gcc/aarch64-linux-gnu/12/:/usr/lib/gcc/aarch64-linux-gnu/12/:/usr/lib/gcc/aarch64-linux-gnu/:/usr/lib/gcc/aarch64-linux-gnu/12/:/usr/lib/gcc/aarch64-linux-gnu/]
  ignore line: [LIBRARY_PATH=/usr/lib/gcc/aarch64-linux-gnu/12/:/usr/lib/gcc/aarch64-linux-gnu/12/../../../aarch64-linux-gnu/:/usr/lib/gcc/aarch64-linux-gnu/12/../../../../lib/:/lib/aarch64-linux-gnu/:/lib/../lib/:/usr/lib/aarch64-linux-gnu/:/usr/lib/../lib/:/usr/lib/gcc/aarch64-linux-gnu/12/../../../:/lib/:/usr/lib/]
  ignore line: [COLLECT_GCC_OPTIONS='-v' '-o' 'cmTC_5df1c' '-mlittle-endian' '-mabi=lp64' '-dumpdir' 'cmTC_5df1c.']
  link line: [ /usr/lib/gcc/aarch64-linux-gnu/12/collect2 -plugin /usr/lib/gcc/aarch64-linux-gnu/12/liblto_plugin.so -plugin-opt=/usr/lib/gcc/aarch64-linux-gnu/12/lto-wrapper -plugin-opt=-fresolution=/tmp/cczLXb0g.res -plugin-opt=-pass-through=-lgcc -plugin-opt=-pass-through=-lgcc_s -plugin-opt=-pass-through=-lc -plugin-opt=-pass-through=-lgcc -plugin-opt=-pass-through=-lgcc_s --build-id --eh-frame-hdr --hash-style=gnu --as-needed -dynamic-linker /lib/ld-linux-aarch64.so.1 -X -EL -maarch64linux --fix-cortex-a53-843419 -pie -o cmTC_5df1c /usr/lib/gcc/aarch64-linux-gnu/12/../../../aarch64-linux-gnu/Scrt1.o /usr/lib/gcc/aarch64-linux-gnu/12/../../../aarch64-linux-gnu/crti.o /usr/lib/gcc/aarch64-linux-gnu/12/crtbeginS.o -L/usr/lib/gcc/aarch64-linux-gnu/12 -L/usr/lib/gcc/aarch64-linux-gnu/12/../../../aarch64-linux-gnu -L/usr/lib/gcc/aarch64-linux-gnu/12/../../../../lib -L/lib/aarch64-linux-gnu -L/lib/../lib -L/usr/lib/aarch64-linux-gnu -L/usr/lib/../lib -L/usr/lib/gcc/aarch64-linux-gnu/12/../../.. CMakeFiles/cmTC_5df1c.dir/CMakeCCompilerABI.c.o -lgcc --push-state --as-needed -lgcc_s --pop-state -lc -lgcc --push-state --as-needed -lgcc_s --pop-state /usr/lib/gcc/aarch64-linux-gnu/12/crtendS.o /usr/lib/gcc/aarch64-linux-gnu/12/../../../aarch64-linux-gnu/crtn.o]
    arg [/usr/lib/gcc/aarch64-linux-gnu/12/collect2] ==> ignore
    arg [-plugin] ==> ignore
    arg [/usr/lib/gcc/aarch64-linux-gnu/12/liblto_plugin.so] ==> ignore
    arg [-plugin-opt=/usr/lib/gcc/aarch64-linux-gnu/12/lto-wrapper] ==> ignore
    arg [-plugin-opt=-fresolution=/tmp/cczLXb0g.res] ==> ignore
    arg [-plugin-opt=-pass-through=-lgcc] ==> ignore
    arg [-plugin-opt=-pass-through=-lgcc_s] ==> ignore
    arg [-plugin-opt=-pass-through=-lc] ==> ignore
    arg [-plugin-opt=-pass-through=-lgcc] ==> ignore
    arg [-plugin-opt=-pass-through=-lgcc_s] ==> ignore
    arg [--build-id] ==> ignore
    arg [--eh-frame-hdr] ==> ignore
    arg [--hash-style=gnu] ==> ignore
    arg [--as-needed] ==> ignore
    arg [-dynamic-linker] ==> ignore
    arg [/lib/ld-linux-aarch64.so.1] ==> ignore
    arg [-X] ==> ignore
    arg [-EL] ==> ignore
    arg [-maarch64linux] ==> ignore
    arg [--fix-cortex-a53-843419] ==> ignore
    arg [-pie] ==> ignore
    arg [-o] ==> ignore
    arg [cmTC_5df1c] ==> ignore
    arg [/usr/lib/gcc/aarch64-linux-gnu/12/../../../aarch64-linux-gnu/Scrt1.o] ==> obj [/usr/lib/gcc/aarch64-linux-gnu/12/../../../aarch64-linux-gnu/Scrt1.o]
    arg [/usr/lib/gcc/aarch64-linux-gnu/12/../../../aarch64-linux-gnu/crti.o] ==> obj [/usr/lib/gcc/aarch64-linux-gnu/12/../../../aarch64-linux-gnu/crti.o]
    arg [/usr/lib/gcc/aarch64-linux-gnu/12/crtbeginS.o] ==> obj [/usr/lib/gcc/aarch64-linux-gnu/12/crtbeginS.o]
    arg [-L/usr/lib/gcc/aarch64-linux-gnu/12] ==> dir [/usr/lib/gcc/aarch64-linux-gnu/12]
    arg [-L/usr/lib/gcc/aarch64-linux-gnu/12/../../../aarch64-linux-gnu] ==> dir [/usr/lib/gcc/aarch64-linux-gnu/12/../../../aarch64-linux-gnu]
    arg [-L/usr/lib/gcc/aarch64-linux-gnu/12/../../../../lib] ==> dir [/usr/lib/gcc/aarch64-linux-gnu/12/../../../../lib]
    arg [-L/lib/aarch64-linux-gnu] ==> dir [/lib/aarch64-linux-gnu]
    arg [-L/lib/../lib] ==> dir [/lib/../lib]
    arg [-L/usr/lib/aarch64-linux-gnu] ==> dir [/usr/lib/aarch64-linux-gnu]
    arg [-L/usr/lib/../lib] ==> dir [/usr/lib/../lib]
    arg [-L/usr/lib/gcc/aarch64-linux-gnu/12/../../..] ==> dir [/usr/lib/gcc/aarch64-linux-gnu/12/../../..]
    arg [CMakeFiles/cmTC_5df1c.dir/CMakeCCompilerABI.c.o] ==> ignore
    arg [-lgcc] ==> lib [gcc]
    arg [--push-state] ==> ignore
    arg [--as-needed] ==> ignore
    arg [-lgcc_s] ==> lib [gcc_s]
    arg [--pop-state] ==> ignore
    arg [-lc] ==> lib [c]
    arg [-lgcc] ==> lib [gcc]
    arg [--push-state] ==> ignore
    arg [--as-needed] ==> ignore
    arg [-lgcc_s] ==> lib [gcc_s]
    arg [--pop-state] ==> ignore
    arg [/usr/lib/gcc/aarch64-linux-gnu/12/crtendS.o] ==> obj [/usr/lib/gcc/aarch64-linux-gnu/12/crtendS.o]
    arg [/usr/lib/gcc/aarch64-linux-gnu/12/../../../aarch64-linux-gnu/crtn.o] ==> obj [/usr/lib/gcc/aarch64-linux-gnu/12/../../../aarch64-linux-gnu/crtn.o]
  collapse obj [/usr/lib/gcc/aarch64-linux-gnu/12/../../../aarch64-linux-gnu/Scrt1.o] ==> [/usr/lib/aarch64-linux-gnu/Scrt1.o]
  collapse obj [/usr/lib/gcc/aarch64-linux-gnu/12/../../../aarch64-linux-gnu/crti.o] ==> [/usr/lib/aarch64-linux-gnu/crti.o]
  collapse obj [/usr/lib/gcc/aarch64-linux-gnu/12/../../../aarch64-linux-gnu/crtn.o] ==> [/usr/lib/aarch64-linux-gnu/crtn.o]
  collapse library dir [/usr/lib/gcc/aarch64-linux-gnu/12] ==> [/usr/lib/gcc/aarch64-linux-gnu/12]
  collapse library dir [/usr/lib/gcc/aarch64-linux-gnu/12/../../../aarch64-linux-gnu] ==> [/usr/lib/aarch64-linux-gnu]
  collapse library dir [/usr/lib/gcc/aarch64-linux-gnu/12/../../../../lib] ==> [/usr/lib]
  collapse library dir [/lib/aarch64-linux-gnu] ==> [/lib/aarch64-linux-gnu]
  collapse library dir [/lib/../lib] ==> [/lib]
  collapse library dir [/usr/lib/aarch64-linux-gnu] ==> [/usr/lib/aarch64-linux-gnu]
  collapse library dir [/usr/lib/../lib] ==> [/usr/lib]
  collapse library dir [/usr/lib/gcc/aarch64-linux-gnu/12/../../..] ==> [/usr/lib]
  implicit libs: [gcc;gcc_s;c;gcc;gcc_s]
  implicit objs: [/usr/lib/aarch64-linux-gnu/Scrt1.o;/usr/lib/aarch64-linux-gnu/crti.o;/usr/lib/gcc/aarch64-linux-gnu/12/crtbeginS.o;/usr/lib/gcc/aarch64-linux-gnu/12/crtendS.o;/usr/lib/aarch64-linux-gnu/crtn.o]
  implicit dirs: [/usr/lib/gcc/aarch64-linux-gnu/12;/usr/lib/aarch64-linux-gnu;/usr/lib;/lib/aarch64-linux-gnu;/lib]
  implicit fwks: []


The system is: Linux - 6.8.0-1050-oracle - aarch64
Compiling the C compiler identification source file "CMakeCCompilerId.c" succeeded.
Compiler: /usr/bin/cc 
Build flags: 
Id flags:  

The output was:
0


Compilation of the C compiler identification source "CMakeCCompilerId.c" produced "a.out"

The C compiler identification is GNU, found in "/home/dev/workspace/workspace/build/CMakeFiles/3.25.1/CompilerIdC/a.out"

Detecting C compiler ABI info compiled with the following output:
Change Dir: /home/dev/workspace/workspace/build/CMakeFiles/CMakeScratch/TryCompile-UNUFHN

Run Build Command(s):/usr/bin/gmake -f Makefile cmTC_cda79/fast && /usr/bin/gmake  -f CMakeFiles/cmTC_cda79.dir/build.make CMakeFiles/cmTC_cda79.dir/build
gmake[1]: Entering directory '/home/dev/workspace/workspace/build/CMakeFiles/CMakeScratch/TryCompile-UNUFHN'
Building C object CMakeFiles/cmTC_cda79.dir/CMakeCCompilerABI.c.o
/usr/bin/cc   -v -o CMakeFiles/cmTC_cda79.dir/CMakeCCompilerABI.c.o -c /usr/share/cmake-3.25/Modules/CMakeCCompilerABI.c
Using built-in specs.
COLLECT_GCC=/usr/bin/cc
Target: aarch64-linux-gnu
Configured with: ../src/configure -v --with-pkgversion='Debian 12.2.0-14+deb12u1' --with-bugurl=file:///usr/share/doc/gcc-12/README.Bugs --enable-languages=c,ada,c++,go,d,fortran,objc,obj-c++,m2 --prefix=/usr --with-gcc-major-version-only --program-suffix=-12 --program-prefix=aarch64-linux-gnu- --enable-shared --enable-linker-build-id --libexecdir=/usr/lib --without-included-gettext --enable-threads=posix --libdir=/usr/lib --enable-nls --enable-clocale=gnu --enable-libstdcxx-debug --enable-libstdcxx-time=yes --with-default-libstdcxx-abi=new --enable-gnu-unique-object --disable-libquadmath --disable-libquadmath-support --enable-plugin --enable-default-pie --with-system-zlib --enable-libphobos-checking=release --with-target-system-zlib=auto --enable-objc-gc=auto --enable-multiarch --enable-fix-cortex-a53-843419 --disable-werror --enable-checking=release --build=aarch64-linux-gnu --host=aarch64-linux-gnu --target=aarch64-linux-gnu
Thread model: posix
Supported LTO compression algorithms: zlib zstd
gcc version 12.2.0 (Debian 12.2.0-14+deb12u1) 
COLLECT_GCC_OPTIONS='-v' '-o' 'CMakeFiles/cmTC_cda79.dir/CMakeCCompilerABI.c.o' '-c' '-mlittle-endian' '-mabi=lp64' '-dumpdir' 'CMakeFiles/cmTC_cda79.dir/'
 /usr/lib/gcc/aarch64-linux-gnu/12/cc1 -quiet -v -imultiarch aarch64-linux-gnu /usr/share/cmake-3.25/Modules/CMakeCCompilerABI.c -quiet -dumpdir CMakeFiles/cmTC_cda79.dir/ -dumpbase CMakeCCompilerABI.c.c -dumpbase-ext .c -mlittle-endian -mabi=lp64 -version -fasynchronous-unwind-tables -o /tmp/cc5DdpbJ.s
GNU C17 (Debian 12.2.0-14+deb12u1) version 12.2.0 (aarch64-linux-gnu)
	compiled by GNU C version 12.2.0, GMP version 6.2.1, MPFR version 4.2.0, MPC version 1.3.1, isl version isl-0.25-GMP

GGC heuristics: --param ggc-min-expand=100 --param ggc-min-heapsize=131072
ignoring nonexistent directory "/usr/local/include/aarch64-linux-gnu"
ignoring nonexistent directory "/usr/lib/gcc/aarch64-linux-gnu/12/include-fixed"
ignoring nonexistent directory "/usr/lib/gcc/aarch64-linux-gnu/12/../../../../aarch64-linux-gnu/include"
#include "..." search starts here:
#include <...> search starts here:
 /usr/lib/gcc/aarch64-linux-gnu/12/include
 /usr/local/include
 /usr/include/aarch64-linux-gnu
 /usr/include
End of search list.
GNU C17 (Debian 12.2.0-14+deb12u1) version 12.2.0 (aarch64-linux-gnu)
	compiled by GNU C version 12.2.0, GMP version 6.2.1, MPFR version 4.2.0, MPC version 1.3.1, isl version isl-0.25-GMP

GGC heuristics: --param ggc-min-expand=100 --param ggc-min-heapsize=131072
Compiler executable checksum: 353d9f3bda0709922bce3bd32cc6f6a4
COLLECT_GCC_OPTIONS='-v' '-o' 'CMakeFiles/cmTC_cda79.dir/CMakeCCompilerABI.c.o' '-c' '-mlittle-endian' '-mabi=lp64' '-dumpdir' 'CMakeFiles/cmTC_cda79.dir/'
 as -v -EL -mabi=lp64 -o CMakeFiles/cmTC_cda79.dir/CMakeCCompilerABI.c.o /tmp/cc5DdpbJ.s
GNU assembler version 2.40 (aarch64-linux-gnu) using BFD version (GNU Binutils for Debian) 2.40
COMPILER_PATH=/usr/lib/gcc/aarch64-linux-gnu/12/:/usr/lib/gcc/aarch64-linux-gnu/12/:/usr/lib/gcc/aarch64-linux-gnu/:/usr/lib/gcc/aarch64-linux-gnu/12/:/usr/lib/gcc/aarch64-linux-gnu/
LIBRARY_PATH=/usr/lib/gcc/aarch64-linux-gnu/12/:/usr/lib/gcc/aarch64-linux-gnu/12/../../../aarch64-linux-gnu/:/usr/lib/gcc/aarch64-linux-gnu/12/../../../../lib/:/lib/aarch64-linux-gnu/:/lib/../lib/:/usr/lib/aarch64-linux-gnu/:/usr/lib/../lib/:/usr/lib/gcc/aarch64-linux-gnu/12/../../../:/lib/:/usr/lib/
COLLECT_GCC_OPTIONS='-v' '-o' 'CMakeFiles/cmTC_cda79.dir/CMakeCCompilerABI.c.o' '-c' '-mlittle-endian' '-mabi=lp64' '-dumpdir' 'CMakeFiles/cmTC_cda79.dir/CMakeCCompilerABI.c.'
Linking C executable cmTC_cda79
/usr/bin/cmake -E cmake_link_script CMakeFiles/cmTC_cda79.dir/link.txt --verbose=1
/usr/bin/cc  -v CMakeFiles/cmTC_cda79.dir/CMakeCCompilerABI.c.o -o cmTC_cda79 
Using built-in specs.
COLLECT_GCC=/usr/bin/cc
COLLECT_LTO_WRAPPER=/usr/lib/gcc/aarch64-linux-gnu/12/lto-wrapper
Target: aarch64-linux-gnu
Configured with: ../src/configure -v --with-pkgversion='Debian 12.2.0-14+deb12u1' --with-bugurl=file:///usr/share/doc/gcc-12/README.Bugs --enable-languages=c,ada,c++,go,d,fortran,objc,obj-c++,m2 --prefix=/usr --with-gcc-major-version-only --program-suffix=-12 --program-prefix=aarch64-linux-gnu- --enable-shared --enable-linker-build-id --libexecdir=/usr/lib --without-included-gettext --enable-threads=posix --libdir=/usr/lib --enable-nls --enable-clocale=gnu --enable-libstdcxx-debug --enable-libstdcxx-time=yes --with-default-libstdcxx-abi=new --enable-gnu-unique-object --disable-libquadmath --disable-libquadmath-support --enable-plugin --enable-default-pie --with-system-zlib --enable-libphobos-checking=release --with-target-system-zlib=auto --enable-objc-gc=auto --enable-multiarch --enable-fix-cortex-a53-843419 --disable-werror --enable-checking=release --build=aarch64-linux-gnu --host=aarch64-linux-gnu --target=aarch64-linux-gnu
Thread model: posix
Supported LTO compression algorithms: zlib zstd
gcc version 12.2.0 (Debian 12.2.0-14+deb12u1) 
COMPILER_PATH=/usr/lib/gcc/aarch64-linux-gnu/12/:/usr/lib/gcc/aarch64-linux-gnu/12/:/usr/lib/gcc/aarch64-linux-gnu/:/usr/lib/gcc/aarch64-linux-gnu/12/:/usr/lib/gcc/aarch64-linux-gnu/
LIBRARY_PATH=/usr/lib/gcc/aarch64-linux-gnu/12/:/usr/lib/gcc/aarch64-linux-gnu/12/../../../aarch64-linux-gnu/:/usr/lib/gcc/aarch64-linux-gnu/12/../../../../lib/:/lib/aarch64-linux-gnu/:/lib/../lib/:/usr/lib/aarch64-linux-gnu/:/usr/lib/../lib/:/usr/lib/gcc/aarch64-linux-gnu/12/../../../:/lib/:/usr/lib/
COLLECT_GCC_OPTIONS='-v' '-o' 'cmTC_cda79' '-mlittle-endian' '-mabi=lp64' '-dumpdir' 'cmTC_cda79.'
 /usr/lib/gcc/aarch64-linux-gnu/12/collect2 -plugin /usr/lib/gcc/aarch64-linux-gnu/12/liblto_plugin.so -plugin-opt=/usr/lib/gcc/aarch64-linux-gnu/12/lto-wrapper -plugin-opt=-fresolution=/tmp/ccSygiPe.res -plugin-opt=-pass-through=-lgcc -plugin-opt=-pass-through=-lgcc_s -plugin-opt=-pass-through=-lc -plugin-opt=-pass-through=-lgcc -plugin-opt=-pass-through=-lgcc_s --build-id --eh-frame-hdr --hash-style=gnu --as-needed -dynamic-linker /lib/ld-linux-aarch64.so.1 -X -EL -maarch64linux --fix-cortex-a53-843419 -pie -o cmTC_cda79 /usr/lib/gcc/aarch64-linux-gnu/12/../../../aarch64-linux-gnu/Scrt1.o /usr/lib/gcc/aarch64-linux-gnu/12/../../../aarch64-linux-gnu/crti.o /usr/lib/gcc/aarch64-linux-gnu/12/crtbeginS.o -L/usr/lib/gcc/aarch64-linux-gnu/12 -L/usr/lib/gcc/aarch64-linux-gnu/12/../../../aarch64-linux-gnu -L/usr/lib/gcc/aarch64-linux-gnu/12/../../../../lib -L/lib/aarch64-linux-gnu -L/lib/../lib -L/usr/lib/aarch64-linux-gnu -L/usr/lib/../lib -L/usr/lib/gcc/aarch64-linux-gnu/12/../../.. CMakeFiles/cmTC_cda79.dir/CMakeCCompilerABI.c.o -lgcc --push-state --as-needed -lgcc_s --pop-state -lc -lgcc --push-state --as-needed -lgcc_s --pop-state /usr/lib/gcc/aarch64-linux-gnu/12/crtendS.o /usr/lib/gcc/aarch64-linux-gnu/12/../../../aarch64-linux-gnu/crtn.o
COLLECT_GCC_OPTIONS='-v' '-o' 'cmTC_cda79' '-mlittle-endian' '-mabi=lp64' '-dumpdir' 'cmTC_cda79.'
gmake[1]: Leaving directory '/home/dev/workspace/workspace/build/CMakeFiles/CMakeScratch/TryCompile-UNUFHN'



Parsed C implicit include dir info from above output: rv=done
  found start of include info
  found start of implicit include info
    add: [/usr/lib/gcc/aarch64-linux-gnu/12/include]
    add: [/usr/local/include]
    add: [/usr/include/aarch64-linux-gnu]
    add: [/usr/include]
  end of search list found
  collapse include dir [/usr/lib/gcc/aarch64-linux-gnu/12/include] ==> [/usr/lib/gcc/aarch64-linux-gnu/12/include]
  collapse include dir [/usr/local/include] ==> [/usr/local/include]
  collapse include dir [/usr/include/aarch64-linux-gnu] ==> [/usr/include/aarch64-linux-gnu]
  collapse include dir [/usr/include] ==> [/usr/include]
  implicit include dirs: [/usr/lib/gcc/aarch64-linux-gnu/12/include;/usr/local/include;/usr/include/aarch64-linux-gnu;/usr/include]


Parsed C implicit link information from above output:
  link line regex: [^( *|.*[/\])(ld|CMAKE_LINK_STARTFILE-NOTFOUND|([^/\]+-)?ld|collect2)[^/\]*( |$)]
  ignore line: [Change Dir: /home/dev/workspace/workspace/build/CMakeFiles/CMakeScratch/TryCompile-UNUFHN]
  ignore line: []
  ignore line: [Run Build Command(s):/usr/bin/gmake -f Makefile cmTC_cda79/fast && /usr/bin/gmake  -f CMakeFiles/cmTC_cda79.dir/build.make CMakeFiles/cmTC_cda79.dir/build]
  ignore line: [gmake[1]: Entering directory '/home/dev/workspace/workspace/build/CMakeFiles/CMakeScratch/TryCompile-UNUFHN']
  ignore line: [Building C object CMakeFiles/cmTC_cda79.dir/CMakeCCompilerABI.c.o]
  ignore line: [/usr/bin/cc   -v -o CMakeFiles/cmTC_cda79.dir/CMakeCCompilerABI.c.o -c /usr/share/cmake-3.25/Modules/CMakeCCompilerABI.c]
  ignore line: [Using built-in specs.]
  ignore line: [COLLECT_GCC=/usr/bin/cc]
  ignore line: [Target: aarch64-linux-gnu]
  ignore line: [Configured with: ../src/configure -v --with-pkgversion='Debian 12.2.0-14+deb12u1' --with-bugurl=file:///usr/share/doc/gcc-12/README.Bugs --enable-languages=c ada c++ go d fortran objc obj-c++ m2 --prefix=/usr --with-gcc-major-version-only --program-suffix=-12 --program-prefix=aarch64-linux-gnu- --enable-shared --enable-linker-build-id --libexecdir=/usr/lib --without-included-gettext --enable-threads=posix --libdir=/usr/lib --enable-nls --enable-clocale=gnu --enable-libstdcxx-debug --enable-libstdcxx-time=yes --with-default-libstdcxx-abi=new --enable-gnu-unique-object --disable-libquadmath --disable-libquadmath-support --enable-plugin --enable-default-pie --with-system-zlib --enable-libphobos-checking=release --with-target-system-zlib=auto --enable-objc-gc=auto --enable-multiarch --enable-fix-cortex-a53-843419 --disable-werror --enable-checking=release --build=aarch64-linux-gnu --host=aarch64-linux-gnu --target=aarch64-linux-gnu]
  ignore line: [Thread model: posix]
  ignore line: [Supported LTO compression algorithms: zlib zstd]
  ignore line: [gcc version 12.2.0 (Debian 12.2.0-14+deb12u1) ]
  ignore line: [COLLECT_GCC_OPTIONS='-v' '-o' 'CMakeFiles/cmTC_cda79.dir/CMakeCCompilerABI.c.o' '-c' '-mlittle-endian' '-mabi=lp64' '-dumpdir' 'CMakeFiles/cmTC_cda79.dir/']
  ignore line: [ /usr/lib/gcc/aarch64-linux-gnu/12/cc1 -quiet -v -imultiarch aarch64-linux-gnu /usr/share/cmake-3.25/Modules/CMakeCCompilerABI.c -quiet -dumpdir CMakeFiles/cmTC_cda79.dir/ -dumpbase CMakeCCompilerABI.c.c -dumpbase-ext .c -mlittle-endian -mabi=lp64 -version -fasynchronous-unwind-tables -o /tmp/cc5DdpbJ.s]
  ignore line: [GNU C17 (Debian 12.2.0-14+deb12u1) version 12.2.0 (aarch64-linux-gnu)]
  ignore line: [	compiled by GNU C version 12.2.0  GMP version 6.2.1  MPFR version 4.2.0  MPC version 1.3.1  isl version isl-0.25-GMP]
  ignore line: []
  ignore line: [GGC heuristics: --param ggc-min-expand=100 --param ggc-min-heapsize=131072]
  ignore line: [ignoring nonexistent directory "/usr/local/include/aarch64-linux-gnu"]
  ignore line: [ignoring nonexistent directory "/usr/lib/gcc/aarch64-linux-gnu/12/include-fixed"]
  ignore line: [ignoring nonexistent directory "/usr/lib/gcc/aarch64-linux-gnu/12/../../../../aarch64-linux-gnu/include"]
  ignore line: [#include "..." search starts here:]
  ignore line: [#include <...> search starts here:]
  ignore line: [ /usr/lib/gcc/aarch64-linux-gnu/12/include]
  ignore line: [ /usr/local/include]
  ignore line: [ /usr/include/aarch64-linux-gnu]
  ignore line: [ /usr/include]
  ignore line: [End of search list.]
  ignore line: [GNU C17 (Debian 12.2.0-14+deb12u1) version 12.2.0 (aarch64-linux-gnu)]
  ignore line: [	compiled by GNU C version 12.2.0  GMP version 6.2.1  MPFR version 4.2.0  MPC version 1.3.1  isl version isl-0.25-GMP]
  ignore line: []
  ignore line: [GGC heuristics: --param ggc-min-expand=100 --param ggc-min-heapsize=131072]
  ignore line: [Compiler executable checksum: 353d9f3bda0709922bce3bd32cc6f6a4]
  ignore line: [COLLECT_GCC_OPTIONS='-v' '-o' 'CMakeFiles/cmTC_cda79.dir/CMakeCCompilerABI.c.o' '-c' '-mlittle-endian' '-mabi=lp64' '-dumpdir' 'CMakeFiles/cmTC_cda79.dir/']
  ignore line: [ as -v -EL -mabi=lp64 -o CMakeFiles/cmTC_cda79.dir/CMakeCCompilerABI.c.o /tmp/cc5DdpbJ.s]
  ignore line: [GNU assembler version 2.40 (aarch64-linux-gnu) using BFD version (GNU Binutils for Debian) 2.40]
  ignore line: [COMPILER_PATH=/usr/lib/gcc/aarch64-linux-gnu/12/:/usr/lib/gcc/aarch64-linux-gnu/12/:/usr/lib/gcc/aarch64-linux-gnu/:/usr/lib/gcc/aarch64-linux-gnu/12/:/usr/lib/gcc/aarch64-linux-gnu/]
  ignore line: [LIBRARY_PATH=/usr/lib/gcc/aarch64-linux-gnu/12/:/usr/lib/gcc/aarch64-linux-gnu/12/../../../aarch64-linux-gnu/:/usr/lib/gcc/aarch64-linux-gnu/12/../../../../lib/:/lib/aarch64-linux-gnu/:/lib/../lib/:/usr/lib/aarch64-linux-gnu/:/usr/lib/../lib/:/usr/lib/gcc/aarch64-linux-gnu/12/../../../:/lib/:/usr/lib/]
  ignore line: [COLLECT_GCC_OPTIONS='-v' '-o' 'CMakeFiles/cmTC_cda79.dir/CMakeCCompilerABI.c.o' '-c' '-mlittle-endian' '-mabi=lp64' '-dumpdir' 'CMakeFiles/cmTC_cda79.dir/CMakeCCompilerABI.c.']
  ignore line: [Linking C executable cmTC_cda79]
  ignore line: [/usr/bin/cmake -E cmake_link_script CMakeFiles/cmTC_cda79.dir/link.txt --verbose=1]
  ignore line: [/usr/bin/cc  -v CMakeFiles/cmTC_cda79.dir/CMakeCCompilerABI.c.o -o cmTC_cda79 ]
  ignore line: [Using built-in specs.]
  ignore line: [COLLECT_GCC=/usr/bin/cc]
  ignore line: [COLLECT_LTO_WRAPPER=/usr/lib/gcc/aarch64-linux-gnu/12/lto-wrapper]
  ignore line: [Target: aarch64-linux-gnu]
  ignore line: [Configured with: ../src/configure -v --with-pkgversion='Debian 12.2.0-14+deb12u1' --with-bugurl=file:///usr/share/doc/gcc-12/README.Bugs --enable-languages=c ada c++ go d fortran objc obj-c++ m2 --prefix=/usr --with-gcc-major-version-only --program-suffix=-12 --program-prefix=aarch64-linux-gnu- --enable-shared --enable-linker-build-id --libexecdir=/usr/lib --without-included-gettext --enable-threads=posix --libdir=/usr/lib --enable-nls --enable-clocale=gnu --enable-libstdcxx-debug --enable-libstdcxx-time=yes --with-default-libstdcxx-abi=new --enable-gnu-unique-object --disable-libquadmath --disable-libquadmath-support --enable-plugin --enable-default-pie --with-system-zlib --enable-libphobos-checking=release --with-target-system-zlib=auto --enable-objc-gc=auto --enable-multiarch --enable-fix-cortex-a53-843419 --disable-werror --enable-checking=release --build=aarch64-linux-gnu --host=aarch64-linux-gnu --target=aarch64-linux-gnu]
  ignore line: [Thread model: posix]
  ignore line: [Supported LTO compression algorithms: zlib zstd]
  ignore line: [gcc version 12.2.0 (Debian 12.2.0-14+deb12u1) ]
  ignore line: [COMPILER_PATH=/usr/lib/gcc/aarch64-linux-gnu/12/:/usr/lib/gcc/aarch64-linux-gnu/12/:/usr/lib/gcc/aarch64-linux-gnu/:/usr/lib/gcc/aarch64-linux-gnu/12/:/usr/lib/gcc/aarch64-linux-gnu/]
  ignore line: [LIBRARY_PATH=/usr/lib/gcc/aarch64-linux-gnu/12/:/usr/lib/gcc/aarch64-linux-gnu/12/../../../aarch64-linux-gnu/:/usr/lib/gcc/aarch64-linux-gnu/12/../../../../lib/:/lib/aarch64-linux-gnu/:/lib/../lib/:/usr/lib/aarch64-linux-gnu/:/usr/lib/../lib/:/usr/lib/gcc/aarch64-linux-gnu/12/../../../:/lib/:/usr/lib/]
  ignore line: [COLLECT_GCC_OPTIONS='-v' '-o' 'cmTC_cda79' '-mlittle-endian' '-mabi=lp64' '-dumpdir' 'cmTC_cda79.']
  link line: [ /usr/lib/gcc/aarch64-linux-gnu/12/collect2 -plugin /usr/lib/gcc/aarch64-linux-gnu/12/liblto_plugin.so -plugin-opt=/usr/lib/gcc/aarch64-linux-gnu/12/lto-wrapper -plugin-opt=-fresolution=/tmp/ccSygiPe.res -plugin-opt=-pass-through=-lgcc -plugin-opt=-pass-through=-lgcc_s -plugin-opt=-pass-through=-lc -plugin-opt=-pass-through=-lgcc -plugin-opt=-pass-through=-lgcc_s --build-id --eh-frame-hdr --hash-style=gnu --as-needed -dynamic-linker /lib/ld-linux-aarch64.so.1 -X -EL -maarch64linux --fix-cortex-a53-843419 -pie -o cmTC_cda79 /usr/lib/gcc/aarch64-linux-gnu/12/../../../aarch64-linux-gnu/Scrt1.o /usr/lib/gcc/aarch64-linux-gnu/12/../../../aarch64-linux-gnu/crti.o /usr/lib/gcc/aarch64-linux-gnu/12/crtbeginS.o -L/usr/lib/gcc/aarch64-linux-gnu/12 -L/usr/lib/gcc/aarch64-linux-gnu/12/../../../aarch64-linux-gnu -L/usr/lib/gcc/aarch64-linux-gnu/12/../../../../lib -L/lib/aarch64-linux-gnu -L/lib/../lib -L/usr/lib/aarch64-linux-gnu -L/usr/lib/../lib -L/usr/lib/gcc/aarch64-linux-gnu/12/../../.. CMakeFiles/cmTC_cda79.dir/CMakeCCompilerABI.c.o -lgcc --push-state --as-needed -lgcc_s --pop-state -lc -lgcc --push-state --as-needed -lgcc_s --pop-state /usr/lib/gcc/aarch64-linux-gnu/12/crtendS.o /usr/lib/gcc/aarch64-linux-gnu/12/../../../aarch64-linux-gnu/crtn.o]
    arg [/usr/lib/gcc/aarch64-linux-gnu/12/collect2] ==> ignore
    arg [-plugin] ==> ignore
    arg [/usr/lib/gcc/aarch64-linux-gnu/12/liblto_plugin.so] ==> ignore
    arg [-plugin-opt=/usr/lib/gcc/aarch64-linux-gnu/12/lto-wrapper] ==> ignore
    arg [-plugin-opt=-fresolution=/tmp/ccSygiPe.res] ==> ignore
    arg [-plugin-opt=-pass-through=-lgcc] ==> ignore
    arg [-plugin-opt=-pass-through=-lgcc_s] ==> ignore
    arg [-plugin-opt=-pass-through=-lc] ==> ignore
    arg [-plugin-opt=-pass-through=-lgcc] ==> ignore
    arg [-plugin-opt=-pass-through=-lgcc_s] ==> ignore
    arg [--build-id] ==> ignore
    arg [--eh-frame-hdr] ==> ignore
    arg [--hash-style=gnu] ==> ignore
    arg [--as-needed] ==> ignore
    arg [-dynamic-linker] ==> ignore
    arg [/lib/ld-linux-aarch64.so.1] ==> ignore
    arg [-X] ==> ignore
    arg [-EL] ==> ignore
    arg [-maarch64linux] ==> ignore
    arg [--fix-cortex-a53-843419] ==> ignore
    arg [-pie] ==> ignore
    arg [-o] ==> ignore
    arg [cmTC_cda79] ==> ignore
    arg [/usr/lib/gcc/aarch64-linux-gnu/12/../../../aarch64-linux-gnu/Scrt1.o] ==> obj [/usr/lib/gcc/aarch64-linux-gnu/12/../../../aarch64-linux-gnu/Scrt1.o]
    arg [/usr/lib/gcc/aarch64-linux-gnu/12/../../../aarch64-linux-gnu/crti.o] ==> obj [/usr/lib/gcc/aarch64-linux-gnu/12/../../../aarch64-linux-gnu/crti.o]
    arg [/usr/lib/gcc/aarch64-linux-gnu/12/crtbeginS.o] ==> obj [/usr/lib/gcc/aarch64-linux-gnu/12/crtbeginS.o]
    arg [-L/usr/lib/gcc/aarch64-linux-gnu/12] ==> dir [/usr/lib/gcc/aarch64-linux-gnu/12]
    arg [-L/usr/lib/gcc/aarch64-linux-gnu/12/../../../aarch64-linux-gnu] ==> dir [/usr/lib/gcc/aarch64-linux-gnu/12/../../../aarch64-linux-gnu]
    arg [-L/usr/lib/gcc/aarch64-linux-gnu/12/../../../../lib] ==> dir [/usr/lib/gcc/aarch64-linux-gnu/12/../../../../lib]
    arg [-L/lib/aarch64-linux-gnu] ==> dir [/lib/aarch64-linux-gnu]
    arg [-L/lib/../lib] ==> dir [/lib/../lib]
    arg [-L/usr/lib/aarch64-linux-gnu] ==> dir [/usr/lib/aarch64-linux-gnu]
    arg [-L/usr/lib/../lib] ==> dir [/usr/lib/../lib]
    arg [-L/usr/lib/gcc/aarch64-linux-gnu/12/../../..] ==> dir [/usr/lib/gcc/aarch64-linux-gnu/12/../../..]
    arg [CMakeFiles/cmTC_cda79.dir/CMakeCCompilerABI.c.o] ==> ignore
    arg [-lgcc] ==> lib [gcc]
    arg [--push-state] ==> ignore
    arg [--as-needed] ==> ignore
    arg [-lgcc_s] ==> lib [gcc_s]
    arg [--pop-state] ==> ignore
    arg [-lc] ==> lib [c]
    arg [-lgcc] ==> lib [gcc]
    arg [--push-state] ==> ignore
    arg [--as-needed] ==> ignore
    arg [-lgcc_s] ==> lib [gcc_s]
    arg [--pop-state] ==> ignore
    arg [/usr/lib/gcc/aarch64-linux-gnu/12/crtendS.o] ==> obj [/usr/lib/gcc/aarch64-linux-gnu/12/crtendS.o]
    arg [/usr/lib/gcc/aarch64-linux-gnu/12/../../../aarch64-linux-gnu/crtn.o] ==> obj [/usr/lib/gcc/aarch64-linux-gnu/12/../../../aarch64-linux-gnu/crtn.o]
  collapse obj [/usr/lib/gcc/aarch64-linux-gnu/12/../../../aarch64-linux-gnu/Scrt1.o] ==> [/usr/lib/aarch64-linux-gnu/Scrt1.o]
  collapse obj [/usr/lib/gcc/aarch64-linux-gnu/12/../../../aarch64-linux-gnu/crti.o] ==> [/usr/lib/aarch64-linux-gnu/crti.o]
  collapse obj [/usr/lib/gcc/aarch64-linux-gnu/12/../../../aarch64-linux-gnu/crtn.o] ==> [/usr/lib/aarch64-linux-gnu/crtn.o]
  collapse library dir [/usr/lib/gcc/aarch64-linux-gnu/12] ==> [/usr/lib/gcc/aarch64-linux-gnu/12]
  collapse library dir [/usr/lib/gcc/aarch64-linux-gnu/12/../../../aarch64-linux-gnu] ==> [/usr/lib/aarch64-linux-gnu]
  collapse library dir [/usr/lib/gcc/aarch64-linux-gnu/12/../../../../lib] ==> [/usr/lib]
  collapse library dir [/lib/aarch64-linux-gnu] ==> [/lib/aarch64-linux-gnu]
  collapse library dir [/lib/../lib] ==> [/lib]
  collapse library dir [/usr/lib/aarch64-linux-gnu] ==> [/usr/lib/aarch64-linux-gnu]
  collapse library dir [/usr/lib/../lib] ==> [/usr/lib]
  collapse library dir [/usr/lib/gcc/aarch64-linux-gnu/12/../../..] ==> [/usr/lib]
  implicit libs: [gcc;gcc_s;c;gcc;gcc_s]
  implicit objs: [/usr/lib/aarch64-linux-gnu/Scrt1.o;/usr/lib/aarch64-linux-gnu/crti.o;/usr/lib/gcc/aarch64-linux-gnu/12/crtbeginS.o;/usr/lib/gcc/aarch64-linux-gnu/12/crtendS.o;/usr/lib/aarch64-linux-gnu/crtn.o]
  implicit dirs: [/usr/lib/gcc/aarch64-linux-gnu/12;/usr/lib/aarch64-linux-gnu;/usr/lib;/lib/aarch64-linux-gnu;/lib]
  implicit fwks: []


The system is: Linux - 6.8.0-1050-oracle - aarch64
Compiling the C compiler identification source file "CMakeCCompilerId.c" succeeded.
Compiler: /usr/bin/cc 
Build flags: 
Id flags:  

The output was:
0


Compilation of the C compiler identification source "CMakeCCompilerId.c" produced "a.out"

The C compiler identification is GNU, found in "/home/dev/workspace/workspace/build/CMakeFiles/3.25.1/CompilerIdC/a.out"

Detecting C compiler ABI info compiled with the following output:
Change Dir: /home/dev/workspace/workspace/build/CMakeFiles/CMakeScratch/TryCompile-dixaml

Run Build Command(s):/usr/bin/gmake -f Makefile cmTC_ff962/fast && /usr/bin/gmake  -f CMakeFiles/cmTC_ff962.dir/build.make CMakeFiles/cmTC_ff962.dir/build
gmake[1]: Entering directory '/home/dev/workspace/workspace/build/CMakeFiles/CMakeScratch/TryCompile-dixaml'
Building C object CMakeFiles/cmTC_ff962.dir/CMakeCCompilerABI.c.o
/usr/bin/cc   -v -o CMakeFiles/cmTC_ff962.dir/CMakeCCompilerABI.c.o -c /usr/share/cmake-3.25/Modules/CMakeCCompilerABI.c
Using built-in specs.
COLLECT_GCC=/usr/bin/cc
Target: aarch64-linux-gnu
Configured with: ../src/configure -v --with-pkgversion='Debian 12.2.0-14+deb12u1' --with-bugurl=file:///usr/share/doc/gcc-12/README.Bugs --enable-languages=c,ada,c++,go,d,fortran,objc,obj-c++,m2 --prefix=/usr --with-gcc-major-version-only --program-suffix=-12 --program-prefix=aarch64-linux-gnu- --enable-shared --enable-linker-build-id --libexecdir=/usr/lib --without-included-gettext --enable-threads=posix --libdir=/usr/lib --enable-nls --enable-clocale=gnu --enable-libstdcxx-debug --enable-libstdcxx-time=yes --with-default-libstdcxx-abi=new --enable-gnu-unique-object --disable-libquadmath --disable-libquadmath-support --enable-plugin --enable-default-pie --with-system-zlib --enable-libphobos-checking=release --with-target-system-zlib=auto --enable-objc-gc=auto --enable-multiarch --enable-fix-cortex-a53-843419 --disable-werror --enable-checking=release --build=aarch64-linux-gnu --host=aarch64-linux-gnu --target=aarch64-linux-gnu
Thread model: posix
Supported LTO compression algorithms: zlib zstd
gcc version 12.2.0 (Debian 12.2.0-14+deb12u1) 
COLLECT_GCC_OPTIONS='-v' '-o' 'CMakeFiles/cmTC_ff962.dir/CMakeCCompilerABI.c.o' '-c' '-mlittle-endian' '-mabi=lp64' '-dumpdir' 'CMakeFiles/cmTC_ff962.dir/'
 /usr/lib/gcc/aarch64-linux-gnu/12/cc1 -quiet -v -imultiarch aarch64-linux-gnu /usr/share/cmake-3.25/Modules/CMakeCCompilerABI.c -quiet -dumpdir CMakeFiles/cmTC_ff962.dir/ -dumpbase CMakeCCompilerABI.c.c -dumpbase-ext .c -mlittle-endian -mabi=lp64 -version -fasynchronous-unwind-tables -o /tmp/cct8kMOr.s
GNU C17 (Debian 12.2.0-14+deb12u1) version 12.2.0 (aarch64-linux-gnu)
	compiled by GNU C version 12.2.0, GMP version 6.2.1, MPFR version 4.2.0, MPC version 1.3.1, isl version isl-0.25-GMP

GGC heuristics: --param ggc-min-expand=100 --param ggc-min-heapsize=131072
ignoring nonexistent directory "/usr/local/include/aarch64-linux-gnu"
ignoring nonexistent directory "/usr/lib/gcc/aarch64-linux-gnu/12/include-fixed"
ignoring nonexistent directory "/usr/lib/gcc/aarch64-linux-gnu/12/../../../../aarch64-linux-gnu/include"
#include "..." search starts here:
#include <...> search starts here:
 /usr/lib/gcc/aarch64-linux-gnu/12/include
 /usr/local/include
 /usr/include/aarch64-linux-gnu
 /usr/include
End of search list.
GNU C17 (Debian 12.2.0-14+deb12u1) version 12.2.0 (aarch64-linux-gnu)
	compiled by GNU C version 12.2.0, GMP version 6.2.1, MPFR version 4.2.0, MPC version 1.3.1, isl version isl-0.25-GMP

GGC heuristics: --param ggc-min-expand=100 --param ggc-min-heapsize=131072
Compiler executable checksum: 353d9f3bda0709922bce3bd32cc6f6a4
COLLECT_GCC_OPTIONS='-v' '-o' 'CMakeFiles/cmTC_ff962.dir/CMakeCCompilerABI.c.o' '-c' '-mlittle-endian' '-mabi=lp64' '-dumpdir' 'CMakeFiles/cmTC_ff962.dir/'
 as -v -EL -mabi=lp64 -o CMakeFiles/cmTC_ff962.dir/CMakeCCompilerABI.c.o /tmp/cct8kMOr.s
GNU assembler version 2.40 (aarch64-linux-gnu) using BFD version (GNU Binutils for Debian) 2.40
COMPILER_PATH=/usr/lib/gcc/aarch64-linux-gnu/12/:/usr/lib/gcc/aarch64-linux-gnu/12/:/usr/lib/gcc/aarch64-linux-gnu/:/usr/lib/gcc/aarch64-linux-gnu/12/:/usr/lib/gcc/aarch64-linux-gnu/
LIBRARY_PATH=/usr/lib/gcc/aarch64-linux-gnu/12/:/usr/lib/gcc/aarch64-linux-gnu/12/../../../aarch64-linux-gnu/:/usr/lib/gcc/aarch64-linux-gnu/12/../../../../lib/:/lib/aarch64-linux-gnu/:/lib/../lib/:/usr/lib/aarch64-linux-gnu/:/usr/lib/../lib/:/usr/lib/gcc/aarch64-linux-gnu/12/../../../:/lib/:/usr/lib/
COLLECT_GCC_OPTIONS='-v' '-o' 'CMakeFiles/cmTC_ff962.dir/CMakeCCompilerABI.c.o' '-c' '-mlittle-endian' '-mabi=lp64' '-dumpdir' 'CMakeFiles/cmTC_ff962.dir/CMakeCCompilerABI.c.'
Linking C executable cmTC_ff962
/usr/bin/cmake -E cmake_link_script CMakeFiles/cmTC_ff962.dir/link.txt --verbose=1
/usr/bin/cc  -v CMakeFiles/cmTC_ff962.dir/CMakeCCompilerABI.c.o -o cmTC_ff962 
Using built-in specs.
COLLECT_GCC=/usr/bin/cc
COLLECT_LTO_WRAPPER=/usr/lib/gcc/aarch64-linux-gnu/12/lto-wrapper
Target: aarch64-linux-gnu
Configured with: ../src/configure -v --with-pkgversion='Debian 12.2.0-14+deb12u1' --with-bugurl=file:///usr/share/doc/gcc-12/README.Bugs --enable-languages=c,ada,c++,go,d,fortran,objc,obj-c++,m2 --prefix=/usr --with-gcc-major-version-only --program-suffix=-12 --program-prefix=aarch64-linux-gnu- --enable-shared --enable-linker-build-id --libexecdir=/usr/lib --without-included-gettext --enable-threads=posix --libdir=/usr/lib --enable-nls --enable-clocale=gnu --enable-libstdcxx-debug --enable-libstdcxx-time=yes --with-default-libstdcxx-abi=new --enable-gnu-unique-object --disable-libquadmath --disable-libquadmath-support --enable-plugin --enable-default-pie --with-system-zlib --enable-libphobos-checking=release --with-target-system-zlib=auto --enable-objc-gc=auto --enable-multiarch --enable-fix-cortex-a53-843419 --disable-werror --enable-checking=release --build=aarch64-linux-gnu --host=aarch64-linux-gnu --target=aarch64-linux-gnu
Thread model: posix
Supported LTO compression algorithms: zlib zstd
gcc version 12.2.0 (Debian 12.2.0-14+deb12u1) 
COMPILER_PATH=/usr/lib/gcc/aarch64-linux-gnu/12/:/usr/lib/gcc/aarch64-linux-gnu/12/:/usr/lib/gcc/aarch64-linux-gnu/:/usr/lib/gcc/aarch64-linux-gnu/12/:/usr/lib/gcc/aarch64-linux-gnu/
LIBRARY_PATH=/usr/lib/gcc/aarch64-linux-gnu/12/:/usr/lib/gcc/aarch64-linux-gnu/12/../../../aarch64-linux-gnu/:/usr/lib/gcc/aarch64-linux-gnu/12/../../../../lib/:/lib/aarch64-linux-gnu/:/lib/../lib/:/usr/lib/aarch64-linux-gnu/:/usr/lib/../lib/:/usr/lib/gcc/aarch64-linux-gnu/12/../../../:/lib/:/usr/lib/
COLLECT_GCC_OPTIONS='-v' '-o' 'cmTC_ff962' '-mlittle-endian' '-mabi=lp64' '-dumpdir' 'cmTC_ff962.'
 /usr/lib/gcc/aarch64-linux-gnu/12/collect2 -plugin /usr/lib/gcc/aarch64-linux-gnu/12/liblto_plugin.so -plugin-opt=/usr/lib/gcc/aarch64-linux-gnu/12/lto-wrapper -plugin-opt=-fresolution=/tmp/ccl8nHzO.res -plugin-opt=-pass-through=-lgcc -plugin-opt=-pass-through=-lgcc_s -plugin-opt=-pass-through=-lc -plugin-opt=-pass-through=-lgcc -plugin-opt=-pass-through=-lgcc_s --build-id --eh-frame-hdr --hash-style=gnu --as-needed -dynamic-linker /lib/ld-linux-aarch64.so.1 -X -EL -maarch64linux --fix-cortex-a53-843419 -pie -o cmTC_ff962 /usr/lib/gcc/aarch64-linux-gnu/12/../../../aarch64-linux-gnu/Scrt1.o /usr/lib/gcc/aarch64-linux-gnu/12/../../../aarch64-linux-gnu/crti.o /usr/lib/gcc/aarch64-linux-gnu/12/crtbeginS.o -L/usr/lib/gcc/aarch64-linux-gnu/12 -L/usr/lib/gcc/aarch64-linux-gnu/12/../../../aarch64-linux-gnu -L/usr/lib/gcc/aarch64-linux-gnu/12/../../../../lib -L/lib/aarch64-linux-gnu -L/lib/../lib -L/usr/lib/aarch64-linux-gnu -L/usr/lib/../lib -L/usr/lib/gcc/aarch64-linux-gnu/12/../../.. CMakeFiles/cmTC_ff962.dir/CMakeCCompilerABI.c.o -lgcc --push-state --as-needed -lgcc_s --pop-state -lc -lgcc --push-state --as-needed -lgcc_s --pop-state /usr/lib/gcc/aarch64-linux-gnu/12/crtendS.o /usr/lib/gcc/aarch64-linux-gnu/12/../../../aarch64-linux-gnu/crtn.o
COLLECT_GCC_OPTIONS='-v' '-o' 'cmTC_ff962' '-mlittle-endian' '-mabi=lp64' '-dumpdir' 'cmTC_ff962.'
gmake[1]: Leaving directory '/home/dev/workspace/workspace/build/CMakeFiles/CMakeScratch/TryCompile-dixaml'



Parsed C implicit include dir info from above output: rv=done
  found start of include info
  found start of implicit include info
    add: [/usr/lib/gcc/aarch64-linux-gnu/12/include]
    add: [/usr/local/include]
    add: [/usr/include/aarch64-linux-gnu]
    add: [/usr/include]
  end of search list found
  collapse include dir [/usr/lib/gcc/aarch64-linux-gnu/12/include] ==> [/usr/lib/gcc/aarch64-linux-gnu/12/include]
  collapse include dir [/usr/local/include] ==> [/usr/local/include]
  collapse include dir [/usr/include/aarch64-linux-gnu] ==> [/usr/include/aarch64-linux-gnu]
  collapse include dir [/usr/include] ==> [/usr/include]
  implicit include dirs: [/usr/lib/gcc/aarch64-linux-gnu/12/include;/usr/local/include;/usr/include/aarch64-linux-gnu;/usr/include]


Parsed C implicit link information from above output:
  link line regex: [^( *|.*[/\])(ld|CMAKE_LINK_STARTFILE-NOTFOUND|([^/\]+-)?ld|collect2)[^/\]*( |$)]
  ignore line: [Change Dir: /home/dev/workspace/workspace/build/CMakeFiles/CMakeScratch/TryCompile-dixaml]
  ignore line: []
  ignore line: [Run Build Command(s):/usr/bin/gmake -f Makefile cmTC_ff962/fast && /usr/bin/gmake  -f CMakeFiles/cmTC_ff962.dir/build.make CMakeFiles/cmTC_ff962.dir/build]
  ignore line: [gmake[1]: Entering directory '/home/dev/workspace/workspace/build/CMakeFiles/CMakeScratch/TryCompile-dixaml']
  ignore line: [Building C object CMakeFiles/cmTC_ff962.dir/CMakeCCompilerABI.c.o]
  ignore line: [/usr/bin/cc   -v -o CMakeFiles/cmTC_ff962.dir/CMakeCCompilerABI.c.o -c /usr/share/cmake-3.25/Modules/CMakeCCompilerABI.c]
  ignore line: [Using built-in specs.]
  ignore line: [COLLECT_GCC=/usr/bin/cc]
  ignore line: [Target: aarch64-linux-gnu]
  ignore line: [Configured with: ../src/configure -v --with-pkgversion='Debian 12.2.0-14+deb12u1' --with-bugurl=file:///usr/share/doc/gcc-12/README.Bugs --enable-languages=c ada c++ go d fortran objc obj-c++ m2 --prefix=/usr --with-gcc-major-version-only --program-suffix=-12 --program-prefix=aarch64-linux-gnu- --enable-shared --enable-linker-build-id --libexecdir=/usr/lib --without-included-gettext --enable-threads=posix --libdir=/usr/lib --enable-nls --enable-clocale=gnu --enable-libstdcxx-debug --enable-libstdcxx-time=yes --with-default-libstdcxx-abi=new --enable-gnu-unique-object --disable-libquadmath --disable-libquadmath-support --enable-plugin --enable-default-pie --with-system-zlib --enable-libphobos-checking=release --with-target-system-zlib=auto --enable-objc-gc=auto --enable-multiarch --enable-fix-cortex-a53-843419 --disable-werror --enable-checking=release --build=aarch64-linux-gnu --host=aarch64-linux-gnu --target=aarch64-linux-gnu]
  ignore line: [Thread model: posix]
  ignore line: [Supported LTO compression algorithms: zlib zstd]
  ignore line: [gcc version 12.2.0 (Debian 12.2.0-14+deb12u1) ]
  ignore line: [COLLECT_GCC_OPTIONS='-v' '-o' 'CMakeFiles/cmTC_ff962.dir/CMakeCCompilerABI.c.o' '-c' '-mlittle-endian' '-mabi=lp64' '-dumpdir' 'CMakeFiles/cmTC_ff962.dir/']
  ignore line: [ /usr/lib/gcc/aarch64-linux-gnu/12/cc1 -quiet -v -imultiarch aarch64-linux-gnu /usr/share/cmake-3.25/Modules/CMakeCCompilerABI.c -quiet -dumpdir CMakeFiles/cmTC_ff962.dir/ -dumpbase CMakeCCompilerABI.c.c -dumpbase-ext .c -mlittle-endian -mabi=lp64 -version -fasynchronous-unwind-tables -o /tmp/cct8kMOr.s]
  ignore line: [GNU C17 (Debian 12.2.0-14+deb12u1) version 12.2.0 (aarch64-linux-gnu)]
  ignore line: [	compiled by GNU C version 12.2.0  GMP version 6.2.1  MPFR version 4.2.0  MPC version 1.3.1  isl version isl-0.25-GMP]
  ignore line: []
  ignore line: [GGC heuristics: --param ggc-min-expand=100 --param ggc-min-heapsize=131072]
  ignore line: [ignoring nonexistent directory "/usr/local/include/aarch64-linux-gnu"]
  ignore line: [ignoring nonexistent directory "/usr/lib/gcc/aarch64-linux-gnu/12/include-fixed"]
  ignore line: [ignoring nonexistent directory "/usr/lib/gcc/aarch64-linux-gnu/12/../../../../aarch64-linux-gnu/include"]
  ignore line: [#include "..." search starts here:]
  ignore line: [#include <...> search starts here:]
  ignore line: [ /usr/lib/gcc/aarch64-linux-gnu/12/include]
  ignore line: [ /usr/local/include]
  ignore line: [ /usr/include/aarch64-linux-gnu]
  ignore line: [ /usr/include]
  ignore line: [End of search list.]
  ignore line: [GNU C17 (Debian 12.2.0-14+deb12u1) version 12.2.0 (aarch64-linux-gnu)]
  ignore line: [	compiled by GNU C version 12.2.0  GMP version 6.2.1  MPFR version 4.2.0  MPC version 1.3.1  isl version isl-0.25-GMP]
  ignore line: []
  ignore line: [GGC heuristics: --param ggc-min-expand=100 --param ggc-min-heapsize=131072]
  ignore line: [Compiler executable checksum: 353d9f3bda0709922bce3bd32cc6f6a4]
  ignore line: [COLLECT_GCC_OPTIONS='-v' '-o' 'CMakeFiles/cmTC_ff962.dir/CMakeCCompilerABI.c.o' '-c' '-mlittle-endian' '-mabi=lp64' '-dumpdir' 'CMakeFiles/cmTC_ff962.dir/']
  ignore line: [ as -v -EL -mabi=lp64 -o CMakeFiles/cmTC_ff962.dir/CMakeCCompilerABI.c.o /tmp/cct8kMOr.s]
  ignore line: [GNU assembler version 2.40 (aarch64-linux-gnu) using BFD version (GNU Binutils for Debian) 2.40]
  ignore line: [COMPILER_PATH=/usr/lib/gcc/aarch64-linux-gnu/12/:/usr/lib/gcc/aarch64-linux-gnu/12/:/usr/lib/gcc/aarch64-linux-gnu/:/usr/lib/gcc/aarch64-linux-gnu/12/:/usr/lib/gcc/aarch64-linux-gnu/]
  ignore line: [LIBRARY_PATH=/usr/lib/gcc/aarch64-linux-gnu/12/:/usr/lib/gcc/aarch64-linux-gnu/12/../../../aarch64-linux-gnu/:/usr/lib/gcc/aarch64-linux-gnu/12/../../../../lib/:/lib/aarch64-linux-gnu/:/lib/../lib/:/usr/lib/aarch64-linux-gnu/:/usr/lib/../lib/:/usr/lib/gcc/aarch64-linux-gnu/12/../../../:/lib/:/usr/lib/]
  ignore line: [COLLECT_GCC_OPTIONS='-v' '-o' 'CMakeFiles/cmTC_ff962.dir/CMakeCCompilerABI.c.o' '-c' '-mlittle-endian' '-mabi=lp64' '-dumpdir' 'CMakeFiles/cmTC_ff962.dir/CMakeCCompilerABI.c.']
  ignore line: [Linking C executable cmTC_ff962]
  ignore line: [/usr/bin/cmake -E cmake_link_script CMakeFiles/cmTC_ff962.dir/link.txt --verbose=1]
  ignore line: [/usr/bin/cc  -v CMakeFiles/cmTC_ff962.dir/CMakeCCompilerABI.c.o -o cmTC_ff962 ]
  ignore line: [Using built-in specs.]
  ignore line: [COLLECT_GCC=/usr/bin/cc]
  ignore line: [COLLECT_LTO_WRAPPER=/usr/lib/gcc/aarch64-linux-gnu/12/lto-wrapper]
  ignore line: [Target: aarch64-linux-gnu]
  ignore line: [Configured with: ../src/configure -v --with-pkgversion='Debian 12.2.0-14+deb12u1' --with-bugurl=file:///usr/share/doc/gcc-12/README.Bugs --enable-languages=c ada c++ go d fortran objc obj-c++ m2 --prefix=/usr --with-gcc-major-version-only --program-suffix=-12 --program-prefix=aarch64-linux-gnu- --enable-shared --enable-linker-build-id --libexecdir=/usr/lib --without-included-gettext --enable-threads=posix --libdir=/usr/lib --enable-nls --enable-clocale=gnu --enable-libstdcxx-debug --enable-libstdcxx-time=yes --with-default-libstdcxx-abi=new --enable-gnu-unique-object --disable-libquadmath --disable-libquadmath-support --enable-plugin --enable-default-pie --with-system-zlib --enable-libphobos-checking=release --with-target-system-zlib=auto --enable-objc-gc=auto --enable-multiarch --enable-fix-cortex-a53-843419 --disable-werror --enable-checking=release --build=aarch64-linux-gnu --host=aarch64-linux-gnu --target=aarch64-linux-gnu]
  ignore line: [Thread model: posix]
  ignore line: [Supported LTO compression algorithms: zlib zstd]
  ignore line: [gcc version 12.2.0 (Debian 12.2.0-14+deb12u1) ]
  ignore line: [COMPILER_PATH=/usr/lib/gcc/aarch64-linux-gnu/12/:/usr/lib/gcc/aarch64-linux-gnu/12/:/usr/lib/gcc/aarch64-linux-gnu/:/usr/lib/gcc/aarch64-linux-gnu/12/:/usr/lib/gcc/aarch64-linux-gnu/]
  ignore line: [LIBRARY_PATH=/usr/lib/gcc/aarch64-linux-gnu/12/:/usr/lib/gcc/aarch64-linux-gnu/12/../../../aarch64-linux-gnu/:/usr/lib/gcc/aarch64-linux-gnu/12/../../../../lib/:/lib/aarch64-linux-gnu/:/lib/../lib/:/usr/lib/aarch64-linux-gnu/:/usr/lib/../lib/:/usr/lib/gcc/aarch64-linux-gnu/12/../../../:/lib/:/usr/lib/]
  ignore line: [COLLECT_GCC_OPTIONS='-v' '-o' 'cmTC_ff962' '-mlittle-endian' '-mabi=lp64' '-dumpdir' 'cmTC_ff962.']
  link line: [ /usr/lib/gcc/aarch64-linux-gnu/12/collect2 -plugin /usr/lib/gcc/aarch64-linux-gnu/12/liblto_plugin.so -plugin-opt=/usr/lib/gcc/aarch64-linux-gnu/12/lto-wrapper -plugin-opt=-fresolution=/tmp/ccl8nHzO.res -plugin-opt=-pass-through=-lgcc -plugin-opt=-pass-through=-lgcc_s -plugin-opt=-pass-through=-lc -plugin-opt=-pass-through=-lgcc -plugin-opt=-pass-through=-lgcc_s --build-id --eh-frame-hdr --hash-style=gnu --as-needed -dynamic-linker /lib/ld-linux-aarch64.so.1 -X -EL -maarch64linux --fix-cortex-a53-843419 -pie -o cmTC_ff962 /usr/lib/gcc/aarch64-linux-gnu/12/../../../aarch64-linux-gnu/Scrt1.o /usr/lib/gcc/aarch64-linux-gnu/12/../../../aarch64-linux-gnu/crti.o /usr/lib/gcc/aarch64-linux-gnu/12/crtbeginS.o -L/usr/lib/gcc/aarch64-linux-gnu/12 -L/usr/lib/gcc/aarch64-linux-gnu/12/../../../aarch64-linux-gnu -L/usr/lib/gcc/aarch64-linux-gnu/12/../../../../lib -L/lib/aarch64-linux-gnu -L/lib/../lib -L/usr/lib/aarch64-linux-gnu -L/usr/lib/../lib -L/usr/lib/gcc/aarch64-linux-gnu/12/../../.. CMakeFiles/cmTC_ff962.dir/CMakeCCompilerABI.c.o -lgcc --push-state --as-needed -lgcc_s --pop-state -lc -lgcc --push-state --as-needed -lgcc_s --pop-state /usr/lib/gcc/aarch64-linux-gnu/12/crtendS.o /usr/lib/gcc/aarch64-linux-gnu/12/../../../aarch64-linux-gnu/crtn.o]
    arg [/usr/lib/gcc/aarch64-linux-gnu/12/collect2] ==> ignore
    arg [-plugin] ==> ignore
    arg [/usr/lib/gcc/aarch64-linux-gnu/12/liblto_plugin.so] ==> ignore
    arg [-plugin-opt=/usr/lib/gcc/aarch64-linux-gnu/12/lto-wrapper] ==> ignore
    arg [-plugin-opt=-fresolution=/tmp/ccl8nHzO.res] ==> ignore
    arg [-plugin-opt=-pass-through=-lgcc] ==> ignore
    arg [-plugin-opt=-pass-through=-lgcc_s] ==> ignore
    arg [-plugin-opt=-pass-through=-lc] ==> ignore
    arg [-plugin-opt=-pass-through=-lgcc] ==> ignore
    arg [-plugin-opt=-pass-through=-lgcc_s] ==> ignore
    arg [--build-id] ==> ignore
    arg [--eh-frame-hdr] ==> ignore
    arg [--hash-style=gnu] ==> ignore
    arg [--as-needed] ==> ignore
    arg [-dynamic-linker] ==> ignore
    arg [/lib/ld-linux-aarch64.so.1] ==> ignore
    arg [-X] ==> ignore
    arg [-EL] ==> ignore
    arg [-maarch64linux] ==> ignore
    arg [--fix-cortex-a53-843419] ==> ignore
    arg [-pie] ==> ignore
    arg [-o] ==> ignore
    arg [cmTC_ff962] ==> ignore
    arg [/usr/lib/gcc/aarch64-linux-gnu/12/../../../aarch64-linux-gnu/Scrt1.o] ==> obj [/usr/lib/gcc/aarch64-linux-gnu/12/../../../aarch64-linux-gnu/Scrt1.o]
    arg [/usr/lib/gcc/aarch64-linux-gnu/12/../../../aarch64-linux-gnu/crti.o] ==> obj [/usr/lib/gcc/aarch64-linux-gnu/12/../../../aarch64-linux-gnu/crti.o]
    arg [/usr/lib/gcc/aarch64-linux-gnu/12/crtbeginS.o] ==> obj [/usr/lib/gcc/aarch64-linux-gnu/12/crtbeginS.o]
    arg [-L/usr/lib/gcc/aarch64-linux-gnu/12] ==> dir [/usr/lib/gcc/aarch64-linux-gnu/12]
    arg [-L/usr/lib/gcc/aarch64-linux-gnu/12/../../../aarch64-linux-gnu] ==> dir [/usr/lib/gcc/aarch64-linux-gnu/12/../../../aarch64-linux-gnu]
    arg [-L/usr/lib/gcc/aarch64-linux-gnu/12/../../../../lib] ==> dir [/usr/lib/gcc/aarch64-linux-gnu/12/../../../../lib]
    arg [-L/lib/aarch64-linux-gnu] ==> dir [/lib/aarch64-linux-gnu]
    arg [-L/lib/../lib] ==> dir [/lib/../lib]
    arg [-L/usr/lib/aarch64-linux-gnu] ==> dir [/usr/lib/aarch64-linux-gnu]
    arg [-L/usr/lib/../lib] ==> dir [/usr/lib/../lib]
    arg [-L/usr/lib/gcc/aarch64-linux-gnu/12/../../..] ==> dir [/usr/lib/gcc/aarch64-linux-gnu/12/../../..]
    arg [CMakeFiles/cmTC_ff962.dir/CMakeCCompilerABI.c.o] ==> ignore
    arg [-lgcc] ==> lib [gcc]
    arg [--push-state] ==> ignore
    arg [--as-needed] ==> ignore
    arg [-lgcc_s] ==> lib [gcc_s]
    arg [--pop-state] ==> ignore
    arg [-lc] ==> lib [c]
    arg [-lgcc] ==> lib [gcc]
    arg [--push-state] ==> ignore
    arg [--as-needed] ==> ignore
    arg [-lgcc_s] ==> lib [gcc_s]
    arg [--pop-state] ==> ignore
    arg [/usr/lib/gcc/aarch64-linux-gnu/12/crtendS.o] ==> obj [/usr/lib/gcc/aarch64-linux-gnu/12/crtendS.o]
    arg [/usr/lib/gcc/aarch64-linux-gnu/12/../../../aarch64-linux-gnu/crtn.o] ==> obj [/usr/lib/gcc/aarch64-linux-gnu/12/../../../aarch64-linux-gnu/crtn.o]
  collapse obj [/usr/lib/gcc/aarch64-linux-gnu/12/../../../aarch64-linux-gnu/Scrt1.o] ==> [/usr/lib/aarch64-linux-gnu/Scrt1.o]
  collapse obj [/usr/lib/gcc/aarch64-linux-gnu/12/../../../aarch64-linux-gnu/crti.o] ==> [/usr/lib/aarch64-linux-gnu/crti.o]
  collapse obj [/usr/lib/gcc/aarch64-linux-gnu/12/../../../aarch64-linux-gnu/crtn.o] ==> [/usr/lib/aarch64-linux-gnu/crtn.o]
  collapse library dir [/usr/lib/gcc/aarch64-linux-gnu/12] ==> [/usr/lib/gcc/aarch64-linux-gnu/12]
  collapse library dir [/usr/lib/gcc/aarch64-linux-gnu/12/../../../aarch64-linux-gnu] ==> [/usr/lib/aarch64-linux-gnu]
  collapse library dir [/usr/lib/gcc/aarch64-linux-gnu/12/../../../../lib] ==> [/usr/lib]
  collapse library dir [/lib/aarch64-linux-gnu] ==> [/lib/aarch64-linux-gnu]
  collapse library dir [/lib/../lib] ==> [/lib]
  collapse library dir [/usr/lib/aarch64-linux-gnu] ==> [/usr/lib/aarch64-linux-gnu]
  collapse library dir [/usr/lib/../lib] ==> [/usr/lib]
  collapse library dir [/usr/lib/gcc/aarch64-linux-gnu/12/../../..] ==> [/usr/lib]
  implicit libs: [gcc;gcc_s;c;gcc;gcc_s]
  implicit objs: [/usr/lib/aarch64-linux-gnu/Scrt1.o;/usr/lib/aarch64-linux-gnu/crti.o;/usr/lib/gcc/aarch64-linux-gnu/12/crtbeginS.o;/usr/lib/gcc/aarch64-linux-gnu/12/crtendS.o;/usr/lib/aarch64-linux-gnu/crtn.o]
  implicit dirs: [/usr/lib/gcc/aarch64-linux-gnu/12;/usr/lib/aarch64-linux-gnu;/usr/lib;/lib/aarch64-linux-gnu;/lib]
  implicit fwks: []


The system is: Linux - 6.8.0-1050-oracle - aarch64
Compiling the C compiler identification source file "CMakeCCompilerId.c" succeeded.
Compiler: /usr/bin/cc 
Build flags: 
Id flags:  

The output was:
0


Compilation of the C compiler identification source "CMakeCCompilerId.c" produced "a.out"

The C compiler identification is GNU, found in "/home/dev/workspace/workspace/build/CMakeFiles/3.25.1/CompilerIdC/a.out"

Detecting C compiler ABI info compiled with the following output:
Change Dir: /home/dev/workspace/workspace/build/CMakeFiles/CMakeScratch/TryCompile-H1D3X5

Run Build Command(s):/usr/bin/gmake -f Makefile cmTC_28606/fast && /usr/bin/gmake  -f CMakeFiles/cmTC_28606.dir/build.make CMakeFiles/cmTC_28606.dir/build
gmake[1]: Entering directory '/home/dev/workspace/workspace/build/CMakeFiles/CMakeScratch/TryCompile-H1D3X5'
Building C object CMakeFiles/cmTC_28606.dir/CMakeCCompilerABI.c.o
/usr/bin/cc   -v -o CMakeFiles/cmTC_28606.dir/CMakeCCompilerABI.c.o -c /usr/share/cmake-3.25/Modules/CMakeCCompilerABI.c
Using built-in specs.
COLLECT_GCC=/usr/bin/cc
Target: aarch64-linux-gnu
Configured with: ../src/configure -v --with-pkgversion='Debian 12.2.0-14+deb12u1' --with-bugurl=file:///usr/share/doc/gcc-12/README.Bugs --enable-languages=c,ada,c++,go,d,fortran,objc,obj-c++,m2 --prefix=/usr --with-gcc-major-version-only --program-suffix=-12 --program-prefix=aarch64-linux-gnu- --enable-shared --enable-linker-build-id --libexecdir=/usr/lib --without-included-gettext --enable-threads=posix --libdir=/usr/lib --enable-nls --enable-clocale=gnu --enable-libstdcxx-debug --enable-libstdcxx-time=yes --with-default-libstdcxx-abi=new --enable-gnu-unique-object --disable-libquadmath --disable-libquadmath-support --enable-plugin --enable-default-pie --with-system-zlib --enable-libphobos-checking=release --with-target-system-zlib=auto --enable-objc-gc=auto --enable-multiarch --enable-fix-cortex-a53-843419 --disable-werror --enable-checking=release --build=aarch64-linux-gnu --host=aarch64-linux-gnu --target=aarch64-linux-gnu
Thread model: posix
Supported LTO compression algorithms: zlib zstd
gcc version 12.2.0 (Debian 12.2.0-14+deb12u1) 
COLLECT_GCC_OPTIONS='-v' '-o' 'CMakeFiles/cmTC_28606.dir/CMakeCCompilerABI.c.o' '-c' '-mlittle-endian' '-mabi=lp64' '-dumpdir' 'CMakeFiles/cmTC_28606.dir/'
 /usr/lib/gcc/aarch64-linux-gnu/12/cc1 -quiet -v -imultiarch aarch64-linux-gnu /usr/share/cmake-3.25/Modules/CMakeCCompilerABI.c -quiet -dumpdir CMakeFiles/cmTC_28606.dir/ -dumpbase CMakeCCompilerABI.c.c -dumpbase-ext .c -mlittle-endian -mabi=lp64 -version -fasynchronous-unwind-tables -o /tmp/ccznjxwk.s
GNU C17 (Debian 12.2.0-14+deb12u1) version 12.2.0 (aarch64-linux-gnu)
	compiled by GNU C version 12.2.0, GMP version 6.2.1, MPFR version 4.2.0, MPC version 1.3.1, isl version isl-0.25-GMP

GGC heuristics: --param ggc-min-expand=100 --param ggc-min-heapsize=131072
ignoring nonexistent directory "/usr/local/include/aarch64-linux-gnu"
ignoring nonexistent directory "/usr/lib/gcc/aarch64-linux-gnu/12/include-fixed"
ignoring nonexistent directory "/usr/lib/gcc/aarch64-linux-gnu/12/../../../../aarch64-linux-gnu/include"
#include "..." search starts here:
#include <...> search starts here:
 /usr/lib/gcc/aarch64-linux-gnu/12/include
 /usr/local/include
 /usr/include/aarch64-linux-gnu
 /usr/include
End of search list.
GNU C17 (Debian 12.2.0-14+deb12u1) version 12.2.0 (aarch64-linux-gnu)
	compiled by GNU C version 12.2.0, GMP version 6.2.1, MPFR version 4.2.0, MPC version 1.3.1, isl version isl-0.25-GMP

GGC heuristics: --param ggc-min-expand=100 --param ggc-min-heapsize=131072
Compiler executable checksum: 353d9f3bda0709922bce3bd32cc6f6a4
COLLECT_GCC_OPTIONS='-v' '-o' 'CMakeFiles/cmTC_28606.dir/CMakeCCompilerABI.c.o' '-c' '-mlittle-endian' '-mabi=lp64' '-dumpdir' 'CMakeFiles/cmTC_28606.dir/'
 as -v -EL -mabi=lp64 -o CMakeFiles/cmTC_28606.dir/CMakeCCompilerABI.c.o /tmp/ccznjxwk.s
GNU assembler version 2.40 (aarch64-linux-gnu) using BFD version (GNU Binutils for Debian) 2.40
COMPILER_PATH=/usr/lib/gcc/aarch64-linux-gnu/12/:/usr/lib/gcc/aarch64-linux-gnu/12/:/usr/lib/gcc/aarch64-linux-gnu/:/usr/lib/gcc/aarch64-linux-gnu/12/:/usr/lib/gcc/aarch64-linux-gnu/
LIBRARY_PATH=/usr/lib/gcc/aarch64-linux-gnu/12/:/usr/lib/gcc/aarch64-linux-gnu/12/../../../aarch64-linux-gnu/:/usr/lib/gcc/aarch64-linux-gnu/12/../../../../lib/:/lib/aarch64-linux-gnu/:/lib/../lib/:/usr/lib/aarch64-linux-gnu/:/usr/lib/../lib/:/usr/lib/gcc/aarch64-linux-gnu/12/../../../:/lib/:/usr/lib/
COLLECT_GCC_OPTIONS='-v' '-o' 'CMakeFiles/cmTC_28606.dir/CMakeCCompilerABI.c.o' '-c' '-mlittle-endian' '-mabi=lp64' '-dumpdir' 'CMakeFiles/cmTC_28606.dir/CMakeCCompilerABI.c.'
Linking C executable cmTC_28606
/usr/bin/cmake -E cmake_link_script CMakeFiles/cmTC_28606.dir/link.txt --verbose=1
/usr/bin/cc  -v CMakeFiles/cmTC_28606.dir/CMakeCCompilerABI.c.o -o cmTC_28606 
Using built-in specs.
COLLECT_GCC=/usr/bin/cc
COLLECT_LTO_WRAPPER=/usr/lib/gcc/aarch64-linux-gnu/12/lto-wrapper
Target: aarch64-linux-gnu
Configured with: ../src/configure -v --with-pkgversion='Debian 12.2.0-14+deb12u1' --with-bugurl=file:///usr/share/doc/gcc-12/README.Bugs --enable-languages=c,ada,c++,go,d,fortran,objc,obj-c++,m2 --prefix=/usr --with-gcc-major-version-only --program-suffix=-12 --program-prefix=aarch64-linux-gnu- --enable-shared --enable-linker-build-id --libexecdir=/usr/lib --without-included-gettext --enable-threads=posix --libdir=/usr/lib --enable-nls --enable-clocale=gnu --enable-libstdcxx-debug --enable-libstdcxx-time=yes --with-default-libstdcxx-abi=new --enable-gnu-unique-object --disable-libquadmath --disable-libquadmath-support --enable-plugin --enable-default-pie --with-system-zlib --enable-libphobos-checking=release --with-target-system-zlib=auto --enable-objc-gc=auto --enable-multiarch --enable-fix-cortex-a53-843419 --disable-werror --enable-checking=release --build=aarch64-linux-gnu --host=aarch64-linux-gnu --target=aarch64-linux-gnu
Thread model: posix
Supported LTO compression algorithms: zlib zstd
gcc version 12.2.0 (Debian 12.2.0-14+deb12u1) 
COMPILER_PATH=/usr/lib/gcc/aarch64-linux-gnu/12/:/usr/lib/gcc/aarch64-linux-gnu/12/:/usr/lib/gcc/aarch64-linux-gnu/:/usr/lib/gcc/aarch64-linux-gnu/12/:/usr/lib/gcc/aarch64-linux-gnu/
LIBRARY_PATH=/usr/lib/gcc/aarch64-linux-gnu/12/:/usr/lib/gcc/aarch64-linux-gnu/12/../../../aarch64-linux-gnu/:/usr/lib/gcc/aarch64-linux-gnu/12/../../../../lib/:/lib/aarch64-linux-gnu/:/lib/../lib/:/usr/lib/aarch64-linux-gnu/:/usr/lib/../lib/:/usr/lib/gcc/aarch64-linux-gnu/12/../../../:/lib/:/usr/lib/
COLLECT_GCC_OPTIONS='-v' '-o' 'cmTC_28606' '-mlittle-endian' '-mabi=lp64' '-dumpdir' 'cmTC_28606.'
 /usr/lib/gcc/aarch64-linux-gnu/12/collect2 -plugin /usr/lib/gcc/aarch64-linux-gnu/12/liblto_plugin.so -plugin-opt=/usr/lib/gcc/aarch64-linux-gnu/12/lto-wrapper -plugin-opt=-fresolution=/tmp/cch5xJOv.res -plugin-opt=-pass-through=-lgcc -plugin-opt=-pass-through=-lgcc_s -plugin-opt=-pass-through=-lc -plugin-opt=-pass-through=-lgcc -plugin-opt=-pass-through=-lgcc_s --build-id --eh-frame-hdr --hash-style=gnu --as-needed -dynamic-linker /lib/ld-linux-aarch64.so.1 -X -EL -maarch64linux --fix-cortex-a53-843419 -pie -o cmTC_28606 /usr/lib/gcc/aarch64-linux-gnu/12/../../../aarch64-linux-gnu/Scrt1.o /usr/lib/gcc/aarch64-linux-gnu/12/../../../aarch64-linux-gnu/crti.o /usr/lib/gcc/aarch64-linux-gnu/12/crtbeginS.o -L/usr/lib/gcc/aarch64-linux-gnu/12 -L/usr/lib/gcc/aarch64-linux-gnu/12/../../../aarch64-linux-gnu -L/usr/lib/gcc/aarch64-linux-gnu/12/../../../../lib -L/lib/aarch64-linux-gnu -L/lib/../lib -L/usr/lib/aarch64-linux-gnu -L/usr/lib/../lib -L/usr/lib/gcc/aarch64-linux-gnu/12/../../.. CMakeFiles/cmTC_28606.dir/CMakeCCompilerABI.c.o -lgcc --push-state --as-needed -lgcc_s --pop-state -lc -lgcc --push-state --as-needed -lgcc_s --pop-state /usr/lib/gcc/aarch64-linux-gnu/12/crtendS.o /usr/lib/gcc/aarch64-linux-gnu/12/../../../aarch64-linux-gnu/crtn.o
COLLECT_GCC_OPTIONS='-v' '-o' 'cmTC_28606' '-mlittle-endian' '-mabi=lp64' '-dumpdir' 'cmTC_28606.'
gmake[1]: Leaving directory '/home/dev/workspace/workspace/build/CMakeFiles/CMakeScratch/TryCompile-H1D3X5'



Parsed C implicit include dir info from above output: rv=done
  found start of include info
  found start of implicit include info
    add: [/usr/lib/gcc/aarch64-linux-gnu/12/include]
    add: [/usr/local/include]
    add: [/usr/include/aarch64-linux-gnu]
    add: [/usr/include]
  end of search list found
  collapse include dir [/usr/lib/gcc/aarch64-linux-gnu/12/include] ==> [/usr/lib/gcc/aarch64-linux-gnu/12/include]
  collapse include dir [/usr/local/include] ==> [/usr/local/include]
  collapse include dir [/usr/include/aarch64-linux-gnu] ==> [/usr/include/aarch64-linux-gnu]
  collapse include dir [/usr/include] ==> [/usr/include]
  implicit include dirs: [/usr/lib/gcc/aarch64-linux-gnu/12/include;/usr/local/include;/usr/include/aarch64-linux-gnu;/usr/include]


Parsed C implicit link information from above output:
  link line regex: [^( *|.*[/\])(ld|CMAKE_LINK_STARTFILE-NOTFOUND|([^/\]+-)?ld|collect2)[^/\]*( |$)]
  ignore line: [Change Dir: /home/dev/workspace/workspace/build/CMakeFiles/CMakeScratch/TryCompile-H1D3X5]
  ignore line: []
  ignore line: [Run Build Command(s):/usr/bin/gmake -f Makefile cmTC_28606/fast && /usr/bin/gmake  -f CMakeFiles/cmTC_28606.dir/build.make CMakeFiles/cmTC_28606.dir/build]
  ignore line: [gmake[1]: Entering directory '/home/dev/workspace/workspace/build/CMakeFiles/CMakeScratch/TryCompile-H1D3X5']
  ignore line: [Building C object CMakeFiles/cmTC_28606.dir/CMakeCCompilerABI.c.o]
  ignore line: [/usr/bin/cc   -v -o CMakeFiles/cmTC_28606.dir/CMakeCCompilerABI.c.o -c /usr/share/cmake-3.25/Modules/CMakeCCompilerABI.c]
  ignore line: [Using built-in specs.]
  ignore line: [COLLECT_GCC=/usr/bin/cc]
  ignore line: [Target: aarch64-linux-gnu]
  ignore line: [Configured with: ../src/configure -v --with-pkgversion='Debian 12.2.0-14+deb12u1' --with-bugurl=file:///usr/share/doc/gcc-12/README.Bugs --enable-languages=c ada c++ go d fortran objc obj-c++ m2 --prefix=/usr --with-gcc-major-version-only --program-suffix=-12 --program-prefix=aarch64-linux-gnu- --enable-shared --enable-linker-build-id --libexecdir=/usr/lib --without-included-gettext --enable-threads=posix --libdir=/usr/lib --enable-nls --enable-clocale=gnu --enable-libstdcxx-debug --enable-libstdcxx-time=yes --with-default-libstdcxx-abi=new --enable-gnu-unique-object --disable-libquadmath --disable-libquadmath-support --enable-plugin --enable-default-pie --with-system-zlib --enable-libphobos-checking=release --with-target-system-zlib=auto --enable-objc-gc=auto --enable-multiarch --enable-fix-cortex-a53-843419 --disable-werror --enable-checking=release --build=aarch64-linux-gnu --host=aarch64-linux-gnu --target=aarch64-linux-gnu]
  ignore line: [Thread model: posix]
  ignore line: [Supported LTO compression algorithms: zlib zstd]
  ignore line: [gcc version 12.2.0 (Debian 12.2.0-14+deb12u1) ]
  ignore line: [COLLECT_GCC_OPTIONS='-v' '-o' 'CMakeFiles/cmTC_28606.dir/CMakeCCompilerABI.c.o' '-c' '-mlittle-endian' '-mabi=lp64' '-dumpdir' 'CMakeFiles/cmTC_28606.dir/']
  ignore line: [ /usr/lib/gcc/aarch64-linux-gnu/12/cc1 -quiet -v -imultiarch aarch64-linux-gnu /usr/share/cmake-3.25/Modules/CMakeCCompilerABI.c -quiet -dumpdir CMakeFiles/cmTC_28606.dir/ -dumpbase CMakeCCompilerABI.c.c -dumpbase-ext .c -mlittle-endian -mabi=lp64 -version -fasynchronous-unwind-tables -o /tmp/ccznjxwk.s]
  ignore line: [GNU C17 (Debian 12.2.0-14+deb12u1) version 12.2.0 (aarch64-linux-gnu)]
  ignore line: [	compiled by GNU C version 12.2.0  GMP version 6.2.1  MPFR version 4.2.0  MPC version 1.3.1  isl version isl-0.25-GMP]
  ignore line: []
  ignore line: [GGC heuristics: --param ggc-min-expand=100 --param ggc-min-heapsize=131072]
  ignore line: [ignoring nonexistent directory "/usr/local/include/aarch64-linux-gnu"]
  ignore line: [ignoring nonexistent directory "/usr/lib/gcc/aarch64-linux-gnu/12/include-fixed"]
  ignore line: [ignoring nonexistent directory "/usr/lib/gcc/aarch64-linux-gnu/12/../../../../aarch64-linux-gnu/include"]
  ignore line: [#include "..." search starts here:]
  ignore line: [#include <...> search starts here:]
  ignore line: [ /usr/lib/gcc/aarch64-linux-gnu/12/include]
  ignore line: [ /usr/local/include]
  ignore line: [ /usr/include/aarch64-linux-gnu]
  ignore line: [ /usr/include]
  ignore line: [End of search list.]
  ignore line: [GNU C17 (Debian 12.2.0-14+deb12u1) version 12.2.0 (aarch64-linux-gnu)]
  ignore line: [	compiled by GNU C version 12.2.0  GMP version 6.2.1  MPFR version 4.2.0  MPC version 1.3.1  isl version isl-0.25-GMP]
  ignore line: []
  ignore line: [GGC heuristics: --param ggc-min-expand=100 --param ggc-min-heapsize=131072]
  ignore line: [Compiler executable checksum: 353d9f3bda0709922bce3bd32cc6f6a4]
  ignore line: [COLLECT_GCC_OPTIONS='-v' '-o' 'CMakeFiles/cmTC_28606.dir/CMakeCCompilerABI.c.o' '-c' '-mlittle-endian' '-mabi=lp64' '-dumpdir' 'CMakeFiles/cmTC_28606.dir/']
  ignore line: [ as -v -EL -mabi=lp64 -o CMakeFiles/cmTC_28606.dir/CMakeCCompilerABI.c.o /tmp/ccznjxwk.s]
  ignore line: [GNU assembler version 2.40 (aarch64-linux-gnu) using BFD version (GNU Binutils for Debian) 2.40]
  ignore line: [COMPILER_PATH=/usr/lib/gcc/aarch64-linux-gnu/12/:/usr/lib/gcc/aarch64-linux-gnu/12/:/usr/lib/gcc/aarch64-linux-gnu/:/usr/lib/gcc/aarch64-linux-gnu/12/:/usr/lib/gcc/aarch64-linux-gnu/]
  ignore line: [LIBRARY_PATH=/usr/lib/gcc/aarch64-linux-gnu/12/:/usr/lib/gcc/aarch64-linux-gnu/12/../../../aarch64-linux-gnu/:/usr/lib/gcc/aarch64-linux-gnu/12/../../../../lib/:/lib/aarch64-linux-gnu/:/lib/../lib/:/usr/lib/aarch64-linux-gnu/:/usr/lib/../lib/:/usr/lib/gcc/aarch64-linux-gnu/12/../../../:/lib/:/usr/lib/]
  ignore line: [COLLECT_GCC_OPTIONS='-v' '-o' 'CMakeFiles/cmTC_28606.dir/CMakeCCompilerABI.c.o' '-c' '-mlittle-endian' '-mabi=lp64' '-dumpdir' 'CMakeFiles/cmTC_28606.dir/CMakeCCompilerABI.c.']
  ignore line: [Linking C executable cmTC_28606]
  ignore line: [/usr/bin/cmake -E cmake_link_script CMakeFiles/cmTC_28606.dir/link.txt --verbose=1]
  ignore line: [/usr/bin/cc  -v CMakeFiles/cmTC_28606.dir/CMakeCCompilerABI.c.o -o cmTC_28606 ]
  ignore line: [Using built-in specs.]
  ignore line: [COLLECT_GCC=/usr/bin/cc]
  ignore line: [COLLECT_LTO_WRAPPER=/usr/lib/gcc/aarch64-linux-gnu/12/lto-wrapper]
  ignore line: [Target: aarch64-linux-gnu]
  ignore line: [Configured with: ../src/configure -v --with-pkgversion='Debian 12.2.0-14+deb12u1' --with-bugurl=file:///usr/share/doc/gcc-12/README.Bugs --enable-languages=c ada c++ go d fortran objc obj-c++ m2 --prefix=/usr --with-gcc-major-version-only --program-suffix=-12 --program-prefix=aarch64-linux-gnu- --enable-shared --enable-linker-build-id --libexecdir=/usr/lib --without-included-gettext --enable-threads=posix --libdir=/usr/lib --enable-nls --enable-clocale=gnu --enable-libstdcxx-debug --enable-libstdcxx-time=yes --with-default-libstdcxx-abi=new --enable-gnu-unique-object --disable-libquadmath --disable-libquadmath-support --enable-plugin --enable-default-pie --with-system-zlib --enable-libphobos-checking=release --with-target-system-zlib=auto --enable-objc-gc=auto --enable-multiarch --enable-fix-cortex-a53-843419 --disable-werror --enable-checking=release --build=aarch64-linux-gnu --host=aarch64-linux-gnu --target=aarch64-linux-gnu]
  ignore line: [Thread model: posix]
  ignore line: [Supported LTO compression algorithms: zlib zstd]
  ignore line: [gcc version 12.2.0 (Debian 12.2.0-14+deb12u1) ]
  ignore line: [COMPILER_PATH=/usr/lib/gcc/aarch64-linux-gnu/12/:/usr/lib/gcc/aarch64-linux-gnu/12/:/usr/lib/gcc/aarch64-linux-gnu/:/usr/lib/gcc/aarch64-linux-gnu/12/:/usr/lib/gcc/aarch64-linux-gnu/]
  ignore line: [LIBRARY_PATH=/usr/lib/gcc/aarch64-linux-gnu/12/:/usr/lib/gcc/aarch64-linux-gnu/12/../../../aarch64-linux-gnu/:/usr/lib/gcc/aarch64-linux-gnu/12/../../../../lib/:/lib/aarch64-linux-gnu/:/lib/../lib/:/usr/lib/aarch64-linux-gnu/:/usr/lib/../lib/:/usr/lib/gcc/aarch64-linux-gnu/12/../../../:/lib/:/usr/lib/]
  ignore line: [COLLECT_GCC_OPTIONS='-v' '-o' 'cmTC_28606' '-mlittle-endian' '-mabi=lp64' '-dumpdir' 'cmTC_28606.']
  link line: [ /usr/lib/gcc/aarch64-linux-gnu/12/collect2 -plugin /usr/lib/gcc/aarch64-linux-gnu/12/liblto_plugin.so -plugin-opt=/usr/lib/gcc/aarch64-linux-gnu/12/lto-wrapper -plugin-opt=-fresolution=/tmp/cch5xJOv.res -plugin-opt=-pass-through=-lgcc -plugin-opt=-pass-through=-lgcc_s -plugin-opt=-pass-through=-lc -plugin-opt=-pass-through=-lgcc -plugin-opt=-pass-through=-lgcc_s --build-id --eh-frame-hdr --hash-style=gnu --as-needed -dynamic-linker /lib/ld-linux-aarch64.so.1 -X -EL -maarch64linux --fix-cortex-a53-843419 -pie -o cmTC_28606 /usr/lib/gcc/aarch64-linux-gnu/12/../../../aarch64-linux-gnu/Scrt1.o /usr/lib/gcc/aarch64-linux-gnu/12/../../../aarch64-linux-gnu/crti.o /usr/lib/gcc/aarch64-linux-gnu/12/crtbeginS.o -L/usr/lib/gcc/aarch64-linux-gnu/12 -L/usr/lib/gcc/aarch64-linux-gnu/12/../../../aarch64-linux-gnu -L/usr/lib/gcc/aarch64-linux-gnu/12/../../../../lib -L/lib/aarch64-linux-gnu -L/lib/../lib -L/usr/lib/aarch64-linux-gnu -L/usr/lib/../lib -L/usr/lib/gcc/aarch64-linux-gnu/12/../../.. CMakeFiles/cmTC_28606.dir/CMakeCCompilerABI.c.o -lgcc --push-state --as-needed -lgcc_s --pop-state -lc -lgcc --push-state --as-needed -lgcc_s --pop-state /usr/lib/gcc/aarch64-linux-gnu/12/crtendS.o /usr/lib/gcc/aarch64-linux-gnu/12/../../../aarch64-linux-gnu/crtn.o]
    arg [/usr/lib/gcc/aarch64-linux-gnu/12/collect2] ==> ignore
    arg [-plugin] ==> ignore
    arg [/usr/lib/gcc/aarch64-linux-gnu/12/liblto_plugin.so] ==> ignore
    arg [-plugin-opt=/usr/lib/gcc/aarch64-linux-gnu/12/lto-wrapper] ==> ignore
    arg [-plugin-opt=-fresolution=/tmp/cch5xJOv.res] ==> ignore
    arg [-plugin-opt=-pass-through=-lgcc] ==> ignore
    arg [-plugin-opt=-pass-through=-lgcc_s] ==> ignore
    arg [-plugin-opt=-pass-through=-lc] ==> ignore
    arg [-plugin-opt=-pass-through=-lgcc] ==> ignore
    arg [-plugin-opt=-pass-through=-lgcc_s] ==> ignore
    arg [--build-id] ==> ignore
    arg [--eh-frame-hdr] ==> ignore
    arg [--hash-style=gnu] ==> ignore
    arg [--as-needed] ==> ignore
    arg [-dynamic-linker] ==> ignore
    arg [/lib/ld-linux-aarch64.so.1] ==> ignore
    arg [-X] ==> ignore
    arg [-EL] ==> ignore
    arg [-maarch64linux] ==> ignore
    arg [--fix-cortex-a53-843419] ==> ignore
    arg [-pie] ==> ignore
    arg [-o] ==> ignore
    arg [cmTC_28606] ==> ignore
    arg [/usr/lib/gcc/aarch64-linux-gnu/12/../../../aarch64-linux-gnu/Scrt1.o] ==> obj [/usr/lib/gcc/aarch64-linux-gnu/12/../../../aarch64-linux-gnu/Scrt1.o]
    arg [/usr/lib/gcc/aarch64-linux-gnu/12/../../../aarch64-linux-gnu/crti.o] ==> obj [/usr/lib/gcc/aarch64-linux-gnu/12/../../../aarch64-linux-gnu/crti.o]
    arg [/usr/lib/gcc/aarch64-linux-gnu/12/crtbeginS.o] ==> obj [/usr/lib/gcc/aarch64-linux-gnu/12/crtbeginS.o]
    arg [-L/usr/lib/gcc/aarch64-linux-gnu/12] ==> dir [/usr/lib/gcc/aarch64-linux-gnu/12]
    arg [-L/usr/lib/gcc/aarch64-linux-gnu/12/../../../aarch64-linux-gnu] ==> dir [/usr/lib/gcc/aarch64-linux-gnu/12/../../../aarch64-linux-gnu]
    arg [-L/usr/lib/gcc/aarch64-linux-gnu/12/../../../../lib] ==> dir [/usr/lib/gcc/aarch64-linux-gnu/12/../../../../lib]
    arg [-L/lib/aarch64-linux-gnu] ==> dir [/lib/aarch64-linux-gnu]
    arg [-L/lib/../lib] ==> dir [/lib/../lib]
    arg [-L/usr/lib/aarch64-linux-gnu] ==> dir [/usr/lib/aarch64-linux-gnu]
    arg [-L/usr/lib/../lib] ==> dir [/usr/lib/../lib]
    arg [-L/usr/lib/gcc/aarch64-linux-gnu/12/../../..] ==> dir [/usr/lib/gcc/aarch64-linux-gnu/12/../../..]
    arg [CMakeFiles/cmTC_28606.dir/CMakeCCompilerABI.c.o] ==> ignore
    arg [-lgcc] ==> lib [gcc]
    arg [--push-state] ==> ignore
    arg [--as-needed] ==> ignore
    arg [-lgcc_s] ==> lib [gcc_s]
    arg [--pop-state] ==> ignore
    arg [-lc] ==> lib [c]
    arg [-lgcc] ==> lib [gcc]
    arg [--push-state] ==> ignore
    arg [--as-needed] ==> ignore
    arg [-lgcc_s] ==> lib [gcc_s]
    arg [--pop-state] ==> ignore
    arg [/usr/lib/gcc/aarch64-linux-gnu/12/crtendS.o] ==> obj [/usr/lib/gcc/aarch64-linux-gnu/12/crtendS.o]
    arg [/usr/lib/gcc/aarch64-linux-gnu/12/../../../aarch64-linux-gnu/crtn.o] ==> obj [/usr/lib/gcc/aarch64-linux-gnu/12/../../../aarch64-linux-gnu/crtn.o]
  collapse obj [/usr/lib/gcc/aarch64-linux-gnu/12/../../../aarch64-linux-gnu/Scrt1.o] ==> [/usr/lib/aarch64-linux-gnu/Scrt1.o]
  collapse obj [/usr/lib/gcc/aarch64-linux-gnu/12/../../../aarch64-linux-gnu/crti.o] ==> [/usr/lib/aarch64-linux-gnu/crti.o]
  collapse obj [/usr/lib/gcc/aarch64-linux-gnu/12/../../../aarch64-linux-gnu/crtn.o] ==> [/usr/lib/aarch64-linux-gnu/crtn.o]
  collapse library dir [/usr/lib/gcc/aarch64-linux-gnu/12] ==> [/usr/lib/gcc/aarch64-linux-gnu/12]
  collapse library dir [/usr/lib/gcc/aarch64-linux-gnu/12/../../../aarch64-linux-gnu] ==> [/usr/lib/aarch64-linux-gnu]
  collapse library dir [/usr/lib/gcc/aarch64-linux-gnu/12/../../../../lib] ==> [/usr/lib]
  collapse library dir [/lib/aarch64-linux-gnu] ==> [/lib/aarch64-linux-gnu]
  collapse library dir [/lib/../lib] ==> [/lib]
  collapse library dir [/usr/lib/aarch64-linux-gnu] ==> [/usr/lib/aarch64-linux-gnu]
  collapse library dir [/usr/lib/../lib] ==> [/usr/lib]
  collapse library dir [/usr/lib/gcc/aarch64-linux-gnu/12/../../..] ==> [/usr/lib]
  implicit libs: [gcc;gcc_s;c;gcc;gcc_s]
  implicit objs: [/usr/lib/aarch64-linux-gnu/Scrt1.o;/usr/lib/aarch64-linux-gnu/crti.o;/usr/lib/gcc/aarch64-linux-gnu/12/crtbeginS.o;/usr/lib/gcc/aarch64-linux-gnu/12/crtendS.o;/usr/lib/aarch64-linux-gnu/crtn.o]
  implicit dirs: [/usr/lib/gcc/aarch64-linux-gnu/12;/usr/lib/aarch64-linux-gnu;/usr/lib;/lib/aarch64-linux-gnu;/lib]
  implicit fwks: []


The system is: Linux - 6.8.0-1050-oracle - aarch64
Compiling the C compiler identification source file "CMakeCCompilerId.c" succeeded.
Compiler: /usr/bin/cc 
Build flags: 
Id flags:  

The output was:
0


Compilation of the C compiler identification source "CMakeCCompilerId.c" produced "a.out"

The C compiler identification is GNU, found in "/home/dev/workspace/workspace/build/CMakeFiles/3.25.1/CompilerIdC/a.out"

Detecting C compiler ABI info compiled with the following output:
Change Dir: /home/dev/workspace/workspace/build/CMakeFiles/CMakeScratch/TryCompile-sf9QRt

Run Build Command(s):/usr/bin/gmake -f Makefile cmTC_dce8f/fast && /usr/bin/gmake  -f CMakeFiles/cmTC_dce8f.dir/build.make CMakeFiles/cmTC_dce8f.dir/build
gmake[1]: Entering directory '/home/dev/workspace/workspace/build/CMakeFiles/CMakeScratch/TryCompile-sf9QRt'
Building C object CMakeFiles/cmTC_dce8f.dir/CMakeCCompilerABI.c.o
/usr/bin/cc   -v -o CMakeFiles/cmTC_dce8f.dir/CMakeCCompilerABI.c.o -c /usr/share/cmake-3.25/Modules/CMakeCCompilerABI.c
Using built-in specs.
COLLECT_GCC=/usr/bin/cc
Target: aarch64-linux-gnu
Configured with: ../src/configure -v --with-pkgversion='Debian 12.2.0-14+deb12u1' --with-bugurl=file:///usr/share/doc/gcc-12/README.Bugs --enable-languages=c,ada,c++,go,d,fortran,objc,obj-c++,m2 --prefix=/usr --with-gcc-major-version-only --program-suffix=-12 --program-prefix=aarch64-linux-gnu- --enable-shared --enable-linker-build-id --libexecdir=/usr/lib --without-included-gettext --enable-threads=posix --libdir=/usr/lib --enable-nls --enable-clocale=gnu --enable-libstdcxx-debug --enable-libstdcxx-time=yes --with-default-libstdcxx-abi=new --enable-gnu-unique-object --disable-libquadmath --disable-libquadmath-support --enable-plugin --enable-default-pie --with-system-zlib --enable-libphobos-checking=release --with-target-system-zlib=auto --enable-objc-gc=auto --enable-multiarch --enable-fix-cortex-a53-843419 --disable-werror --enable-checking=release --build=aarch64-linux-gnu --host=aarch64-linux-gnu --target=aarch64-linux-gnu
Thread model: posix
Supported LTO compression algorithms: zlib zstd
gcc version 12.2.0 (Debian 12.2.0-14+deb12u1) 
COLLECT_GCC_OPTIONS='-v' '-o' 'CMakeFiles/cmTC_dce8f.dir/CMakeCCompilerABI.c.o' '-c' '-mlittle-endian' '-mabi=lp64' '-dumpdir' 'CMakeFiles/cmTC_dce8f.dir/'
 /usr/lib/gcc/aarch64-linux-gnu/12/cc1 -quiet -v -imultiarch aarch64-linux-gnu /usr/share/cmake-3.25/Modules/CMakeCCompilerABI.c -quiet -dumpdir CMakeFiles/cmTC_dce8f.dir/ -dumpbase CMakeCCompilerABI.c.c -dumpbase-ext .c -mlittle-endian -mabi=lp64 -version -fasynchronous-unwind-tables -o /tmp/ccsIK253.s
GNU C17 (Debian 12.2.0-14+deb12u1) version 12.2.0 (aarch64-linux-gnu)
	compiled by GNU C version 12.2.0, GMP version 6.2.1, MPFR version 4.2.0, MPC version 1.3.1, isl version isl-0.25-GMP

GGC heuristics: --param ggc-min-expand=100 --param ggc-min-heapsize=131072
ignoring nonexistent directory "/usr/local/include/aarch64-linux-gnu"
ignoring nonexistent directory "/usr/lib/gcc/aarch64-linux-gnu/12/include-fixed"
ignoring nonexistent directory "/usr/lib/gcc/aarch64-linux-gnu/12/../../../../aarch64-linux-gnu/include"
#include "..." search starts here:
#include <...> search starts here:
 /usr/lib/gcc/aarch64-linux-gnu/12/include
 /usr/local/include
 /usr/include/aarch64-linux-gnu
 /usr/include
End of search list.
GNU C17 (Debian 12.2.0-14+deb12u1) version 12.2.0 (aarch64-linux-gnu)
	compiled by GNU C version 12.2.0, GMP version 6.2.1, MPFR version 4.2.0, MPC version 1.3.1, isl version isl-0.25-GMP

GGC heuristics: --param ggc-min-expand=100 --param ggc-min-heapsize=131072
Compiler executable checksum: 353d9f3bda0709922bce3bd32cc6f6a4
COLLECT_GCC_OPTIONS='-v' '-o' 'CMakeFiles/cmTC_dce8f.dir/CMakeCCompilerABI.c.o' '-c' '-mlittle-endian' '-mabi=lp64' '-dumpdir' 'CMakeFiles/cmTC_dce8f.dir/'
 as -v -EL -mabi=lp64 -o CMakeFiles/cmTC_dce8f.dir/CMakeCCompilerABI.c.o /tmp/ccsIK253.s
GNU assembler version 2.40 (aarch64-linux-gnu) using BFD version (GNU Binutils for Debian) 2.40
COMPILER_PATH=/usr/lib/gcc/aarch64-linux-gnu/12/:/usr/lib/gcc/aarch64-linux-gnu/12/:/usr/lib/gcc/aarch64-linux-gnu/:/usr/lib/gcc/aarch64-linux-gnu/12/:/usr/lib/gcc/aarch64-linux-gnu/
LIBRARY_PATH=/usr/lib/gcc/aarch64-linux-gnu/12/:/usr/lib/gcc/aarch64-linux-gnu/12/../../../aarch64-linux-gnu/:/usr/lib/gcc/aarch64-linux-gnu/12/../../../../lib/:/lib/aarch64-linux-gnu/:/lib/../lib/:/usr/lib/aarch64-linux-gnu/:/usr/lib/../lib/:/usr/lib/gcc/aarch64-linux-gnu/12/../../../:/lib/:/usr/lib/
COLLECT_GCC_OPTIONS='-v' '-o' 'CMakeFiles/cmTC_dce8f.dir/CMakeCCompilerABI.c.o' '-c' '-mlittle-endian' '-mabi=lp64' '-dumpdir' 'CMakeFiles/cmTC_dce8f.dir/CMakeCCompilerABI.c.'
Linking C executable cmTC_dce8f
/usr/bin/cmake -E cmake_link_script CMakeFiles/cmTC_dce8f.dir/link.txt --verbose=1
/usr/bin/cc  -v CMakeFiles/cmTC_dce8f.dir/CMakeCCompilerABI.c.o -o cmTC_dce8f 
Using built-in specs.
COLLECT_GCC=/usr/bin/cc
COLLECT_LTO_WRAPPER=/usr/lib/gcc/aarch64-linux-gnu/12/lto-wrapper
Target: aarch64-linux-gnu
Configured with: ../src/configure -v --with-pkgversion='Debian 12.2.0-14+deb12u1' --with-bugurl=file:///usr/share/doc/gcc-12/README.Bugs --enable-languages=c,ada,c++,go,d,fortran,objc,obj-c++,m2 --prefix=/usr --with-gcc-major-version-only --program-suffix=-12 --program-prefix=aarch64-linux-gnu- --enable-shared --enable-linker-build-id --libexecdir=/usr/lib --without-included-gettext --enable-threads=posix --libdir=/usr/lib --enable-nls --enable-clocale=gnu --enable-libstdcxx-debug --enable-libstdcxx-time=yes --with-default-libstdcxx-abi=new --enable-gnu-unique-object --disable-libquadmath --disable-libquadmath-support --enable-plugin --enable-default-pie --with-system-zlib --enable-libphobos-checking=release --with-target-system-zlib=auto --enable-objc-gc=auto --enable-multiarch --enable-fix-cortex-a53-843419 --disable-werror --enable-checking=release --build=aarch64-linux-gnu --host=aarch64-linux-gnu --target=aarch64-linux-gnu
Thread model: posix
Supported LTO compression algorithms: zlib zstd
gcc version 12.2.0 (Debian 12.2.0-14+deb12u1) 
COMPILER_PATH=/usr/lib/gcc/aarch64-linux-gnu/12/:/usr/lib/gcc/aarch64-linux-gnu/12/:/usr/lib/gcc/aarch64-linux-gnu/:/usr/lib/gcc/aarch64-linux-gnu/12/:/usr/lib/gcc/aarch64-linux-gnu/
LIBRARY_PATH=/usr/lib/gcc/aarch64-linux-gnu/12/:/usr/lib/gcc/aarch64-linux-gnu/12/../../../aarch64-linux-gnu/:/usr/lib/gcc/aarch64-linux-gnu/12/../../../../lib/:/lib/aarch64-linux-gnu/:/lib/../lib/:/usr/lib/aarch64-linux-gnu/:/usr/lib/../lib/:/usr/lib/gcc/aarch64-linux-gnu/12/../../../:/lib/:/usr/lib/
COLLECT_GCC_OPTIONS='-v' '-o' 'cmTC_dce8f' '-mlittle-endian' '-mabi=lp64' '-dumpdir' 'cmTC_dce8f.'
 /usr/lib/gcc/aarch64-linux-gnu/12/collect2 -plugin /usr/lib/gcc/aarch64-linux-gnu/12/liblto_plugin.so -plugin-opt=/usr/lib/gcc/aarch64-linux-gnu/12/lto-wrapper -plugin-opt=-fresolution=/tmp/ccCPBZnA.res -plugin-opt=-pass-through=-lgcc -plugin-opt=-pass-through=-lgcc_s -plugin-opt=-pass-through=-lc -plugin-opt=-pass-through=-lgcc -plugin-opt=-pass-through=-lgcc_s --build-id --eh-frame-hdr --hash-style=gnu --as-needed -dynamic-linker /lib/ld-linux-aarch64.so.1 -X -EL -maarch64linux --fix-cortex-a53-843419 -pie -o cmTC_dce8f /usr/lib/gcc/aarch64-linux-gnu/12/../../../aarch64-linux-gnu/Scrt1.o /usr/lib/gcc/aarch64-linux-gnu/12/../../../aarch64-linux-gnu/crti.o /usr/lib/gcc/aarch64-linux-gnu/12/crtbeginS.o -L/usr/lib/gcc/aarch64-linux-gnu/12 -L/usr/lib/gcc/aarch64-linux-gnu/12/../../../aarch64-linux-gnu -L/usr/lib/gcc/aarch64-linux-gnu/12/../../../../lib -L/lib/aarch64-linux-gnu -L/lib/../lib -L/usr/lib/aarch64-linux-gnu -L/usr/lib/../lib -L/usr/lib/gcc/aarch64-linux-gnu/12/../../.. CMakeFiles/cmTC_dce8f.dir/CMakeCCompilerABI.c.o -lgcc --push-state --as-needed -lgcc_s --pop-state -lc -lgcc --push-state --as-needed -lgcc_s --pop-state /usr/lib/gcc/aarch64-linux-gnu/12/crtendS.o /usr/lib/gcc/aarch64-linux-gnu/12/../../../aarch64-linux-gnu/crtn.o
COLLECT_GCC_OPTIONS='-v' '-o' 'cmTC_dce8f' '-mlittle-endian' '-mabi=lp64' '-dumpdir' 'cmTC_dce8f.'
gmake[1]: Leaving directory '/home/dev/workspace/workspace/build/CMakeFiles/CMakeScratch/TryCompile-sf9QRt'



Parsed C implicit include dir info from above output: rv=done
  found start of include info
  found start of implicit include info
    add: [/usr/lib/gcc/aarch64-linux-gnu/12/include]
    add: [/usr/local/include]
    add: [/usr/include/aarch64-linux-gnu]
    add: [/usr/include]
  end of search list found
  collapse include dir [/usr/lib/gcc/aarch64-linux-gnu/12/include] ==> [/usr/lib/gcc/aarch64-linux-gnu/12/include]
  collapse include dir [/usr/local/include] ==> [/usr/local/include]
  collapse include dir [/usr/include/aarch64-linux-gnu] ==> [/usr/include/aarch64-linux-gnu]
  collapse include dir [/usr/include] ==> [/usr/include]
  implicit include dirs: [/usr/lib/gcc/aarch64-linux-gnu/12/include;/usr/local/include;/usr/include/aarch64-linux-gnu;/usr/include]


Parsed C implicit link information from above output:
  link line regex: [^( *|.*[/\])(ld|CMAKE_LINK_STARTFILE-NOTFOUND|([^/\]+-)?ld|collect2)[^/\]*( |$)]
  ignore line: [Change Dir: /home/dev/workspace/workspace/build/CMakeFiles/CMakeScratch/TryCompile-sf9QRt]
  ignore line: []
  ignore line: [Run Build Command(s):/usr/bin/gmake -f Makefile cmTC_dce8f/fast && /usr/bin/gmake  -f CMakeFiles/cmTC_dce8f.dir/build.make CMakeFiles/cmTC_dce8f.dir/build]
  ignore line: [gmake[1]: Entering directory '/home/dev/workspace/workspace/build/CMakeFiles/CMakeScratch/TryCompile-sf9QRt']
  ignore line: [Building C object CMakeFiles/cmTC_dce8f.dir/CMakeCCompilerABI.c.o]
  ignore line: [/usr/bin/cc   -v -o CMakeFiles/cmTC_dce8f.dir/CMakeCCompilerABI.c.o -c /usr/share/cmake-3.25/Modules/CMakeCCompilerABI.c]
  ignore line: [Using built-in specs.]
  ignore line: [COLLECT_GCC=/usr/bin/cc]
  ignore line: [Target: aarch64-linux-gnu]
  ignore line: [Configured with: ../src/configure -v --with-pkgversion='Debian 12.2.0-14+deb12u1' --with-bugurl=file:///usr/share/doc/gcc-12/README.Bugs --enable-languages=c ada c++ go d fortran objc obj-c++ m2 --prefix=/usr --with-gcc-major-version-only --program-suffix=-12 --program-prefix=aarch64-linux-gnu- --enable-shared --enable-linker-build-id --libexecdir=/usr/lib --without-included-gettext --enable-threads=posix --libdir=/usr/lib --enable-nls --enable-clocale=gnu --enable-libstdcxx-debug --enable-libstdcxx-time=yes --with-default-libstdcxx-abi=new --enable-gnu-unique-object --disable-libquadmath --disable-libquadmath-support --enable-plugin --enable-default-pie --with-system-zlib --enable-libphobos-checking=release --with-target-system-zlib=auto --enable-objc-gc=auto --enable-multiarch --enable-fix-cortex-a53-843419 --disable-werror --enable-checking=release --build=aarch64-linux-gnu --host=aarch64-linux-gnu --target=aarch64-linux-gnu]
  ignore line: [Thread model: posix]
  ignore line: [Supported LTO compression algorithms: zlib zstd]
  ignore line: [gcc version 12.2.0 (Debian 12.2.0-14+deb12u1) ]
  ignore line: [COLLECT_GCC_OPTIONS='-v' '-o' 'CMakeFiles/cmTC_dce8f.dir/CMakeCCompilerABI.c.o' '-c' '-mlittle-endian' '-mabi=lp64' '-dumpdir' 'CMakeFiles/cmTC_dce8f.dir/']
  ignore line: [ /usr/lib/gcc/aarch64-linux-gnu/12/cc1 -quiet -v -imultiarch aarch64-linux-gnu /usr/share/cmake-3.25/Modules/CMakeCCompilerABI.c -quiet -dumpdir CMakeFiles/cmTC_dce8f.dir/ -dumpbase CMakeCCompilerABI.c.c -dumpbase-ext .c -mlittle-endian -mabi=lp64 -version -fasynchronous-unwind-tables -o /tmp/ccsIK253.s]
  ignore line: [GNU C17 (Debian 12.2.0-14+deb12u1) version 12.2.0 (aarch64-linux-gnu)]
  ignore line: [	compiled by GNU C version 12.2.0  GMP version 6.2.1  MPFR version 4.2.0  MPC version 1.3.1  isl version isl-0.25-GMP]
  ignore line: []
  ignore line: [GGC heuristics: --param ggc-min-expand=100 --param ggc-min-heapsize=131072]
  ignore line: [ignoring nonexistent directory "/usr/local/include/aarch64-linux-gnu"]
  ignore line: [ignoring nonexistent directory "/usr/lib/gcc/aarch64-linux-gnu/12/include-fixed"]
  ignore line: [ignoring nonexistent directory "/usr/lib/gcc/aarch64-linux-gnu/12/../../../../aarch64-linux-gnu/include"]
  ignore line: [#include "..." search starts here:]
  ignore line: [#include <...> search starts here:]
  ignore line: [ /usr/lib/gcc/aarch64-linux-gnu/12/include]
  ignore line: [ /usr/local/include]
  ignore line: [ /usr/include/aarch64-linux-gnu]
  ignore line: [ /usr/include]
  ignore line: [End of search list.]
  ignore line: [GNU C17 (Debian 12.2.0-14+deb12u1) version 12.2.0 (aarch64-linux-gnu)]
  ignore line: [	compiled by GNU C version 12.2.0  GMP version 6.2.1  MPFR version 4.2.0  MPC version 1.3.1  isl version isl-0.25-GMP]
  ignore line: []
  ignore line: [GGC heuristics: --param ggc-min-expand=100 --param ggc-min-heapsize=131072]
  ignore line: [Compiler executable checksum: 353d9f3bda0709922bce3bd32cc6f6a4]
  ignore line: [COLLECT_GCC_OPTIONS='-v' '-o' 'CMakeFiles/cmTC_dce8f.dir/CMakeCCompilerABI.c.o' '-c' '-mlittle-endian' '-mabi=lp64' '-dumpdir' 'CMakeFiles/cmTC_dce8f.dir/']
  ignore line: [ as -v -EL -mabi=lp64 -o CMakeFiles/cmTC_dce8f.dir/CMakeCCompilerABI.c.o /tmp/ccsIK253.s]
  ignore line: [GNU assembler version 2.40 (aarch64-linux-gnu) using BFD version (GNU Binutils for Debian) 2.40]
  ignore line: [COMPILER_PATH=/usr/lib/gcc/aarch64-linux-gnu/12/:/usr/lib/gcc/aarch64-linux-gnu/12/:/usr/lib/gcc/aarch64-linux-gnu/:/usr/lib/gcc/aarch64-linux-gnu/12/:/usr/lib/gcc/aarch64-linux-gnu/]
  ignore line: [LIBRARY_PATH=/usr/lib/gcc/aarch64-linux-gnu/12/:/usr/lib/gcc/aarch64-linux-gnu/12/../../../aarch64-linux-gnu/:/usr/lib/gcc/aarch64-linux-gnu/12/../../../../lib/:/lib/aarch64-linux-gnu/:/lib/../lib/:/usr/lib/aarch64-linux-gnu/:/usr/lib/../lib/:/usr/lib/gcc/aarch64-linux-gnu/12/../../../:/lib/:/usr/lib/]
  ignore line: [COLLECT_GCC_OPTIONS='-v' '-o' 'CMakeFiles/cmTC_dce8f.dir/CMakeCCompilerABI.c.o' '-c' '-mlittle-endian' '-mabi=lp64' '-dumpdir' 'CMakeFiles/cmTC_dce8f.dir/CMakeCCompilerABI.c.']
  ignore line: [Linking C executable cmTC_dce8f]
  ignore line: [/usr/bin/cmake -E cmake_link_script CMakeFiles/cmTC_dce8f.dir/link.txt --verbose=1]
  ignore line: [/usr/bin/cc  -v CMakeFiles/cmTC_dce8f.dir/CMakeCCompilerABI.c.o -o cmTC_dce8f ]
  ignore line: [Using built-in specs.]
  ignore line: [COLLECT_GCC=/usr/bin/cc]
  ignore line: [COLLECT_LTO_WRAPPER=/usr/lib/gcc/aarch64-linux-gnu/12/lto-wrapper]
  ignore line: [Target: aarch64-linux-gnu]
  ignore line: [Configured with: ../src/configure -v --with-pkgversion='Debian 12.2.0-14+deb12u1' --with-bugurl=file:///usr/share/doc/gcc-12/README.Bugs --enable-languages=c ada c++ go d fortran objc obj-c++ m2 --prefix=/usr --with-gcc-major-version-only --program-suffix=-12 --program-prefix=aarch64-linux-gnu- --enable-shared --enable-linker-build-id --libexecdir=/usr/lib --without-included-gettext --enable-threads=posix --libdir=/usr/lib --enable-nls --enable-clocale=gnu --enable-libstdcxx-debug --enable-libstdcxx-time=yes --with-default-libstdcxx-abi=new --enable-gnu-unique-object --disable-libquadmath --disable-libquadmath-support --enable-plugin --enable-default-pie --with-system-zlib --enable-libphobos-checking=release --with-target-system-zlib=auto --enable-objc-gc=auto --enable-multiarch --enable-fix-cortex-a53-843419 --disable-werror --enable-checking=release --build=aarch64-linux-gnu --host=aarch64-linux-gnu --target=aarch64-linux-gnu]
  ignore line: [Thread model: posix]
  ignore line: [Supported LTO compression algorithms: zlib zstd]
  ignore line: [gcc version 12.2.0 (Debian 12.2.0-14+deb12u1) ]
  ignore line: [COMPILER_PATH=/usr/lib/gcc/aarch64-linux-gnu/12/:/usr/lib/gcc/aarch64-linux-gnu/12/:/usr/lib/gcc/aarch64-linux-gnu/:/usr/lib/gcc/aarch64-linux-gnu/12/:/usr/lib/gcc/aarch64-linux-gnu/]
  ignore line: [LIBRARY_PATH=/usr/lib/gcc/aarch64-linux-gnu/12/:/usr/lib/gcc/aarch64-linux-gnu/12/../../../aarch64-linux-gnu/:/usr/lib/gcc/aarch64-linux-gnu/12/../../../../lib/:/lib/aarch64-linux-gnu/:/lib/../lib/:/usr/lib/aarch64-linux-gnu/:/usr/lib/../lib/:/usr/lib/gcc/aarch64-linux-gnu/12/../../../:/lib/:/usr/lib/]
  ignore line: [COLLECT_GCC_OPTIONS='-v' '-o' 'cmTC_dce8f' '-mlittle-endian' '-mabi=lp64' '-dumpdir' 'cmTC_dce8f.']
  link line: [ /usr/lib/gcc/aarch64-linux-gnu/12/collect2 -plugin /usr/lib/gcc/aarch64-linux-gnu/12/liblto_plugin.so -plugin-opt=/usr/lib/gcc/aarch64-linux-gnu/12/lto-wrapper -plugin-opt=-fresolution=/tmp/ccCPBZnA.res -plugin-opt=-pass-through=-lgcc -plugin-opt=-pass-through=-lgcc_s -plugin-opt=-pass-through=-lc -plugin-opt=-pass-through=-lgcc -plugin-opt=-pass-through=-lgcc_s --build-id --eh-frame-hdr --hash-style=gnu --as-needed -dynamic-linker /lib/ld-linux-aarch64.so.1 -X -EL -maarch64linux --fix-cortex-a53-843419 -pie -o cmTC_dce8f /usr/lib/gcc/aarch64-linux-gnu/12/../../../aarch64-linux-gnu/Scrt1.o /usr/lib/gcc/aarch64-linux-gnu/12/../../../aarch64-linux-gnu/crti.o /usr/lib/gcc/aarch64-linux-gnu/12/crtbeginS.o -L/usr/lib/gcc/aarch64-linux-gnu/12 -L/usr/lib/gcc/aarch64-linux-gnu/12/../../../aarch64-linux-gnu -L/usr/lib/gcc/aarch64-linux-gnu/12/../../../../lib -L/lib/aarch64-linux-gnu -L/lib/../lib -L/usr/lib/aarch64-linux-gnu -L/usr/lib/../lib -L/usr/lib/gcc/aarch64-linux-gnu/12/../../.. CMakeFiles/cmTC_dce8f.dir/CMakeCCompilerABI.c.o -lgcc --push-state --as-needed -lgcc_s --pop-state -lc -lgcc --push-state --as-needed -lgcc_s --pop-state /usr/lib/gcc/aarch64-linux-gnu/12/crtendS.o /usr/lib/gcc/aarch64-linux-gnu/12/../../../aarch64-linux-gnu/crtn.o]
    arg [/usr/lib/gcc/aarch64-linux-gnu/12/collect2] ==> ignore
    arg [-plugin] ==> ignore
    arg [/usr/lib/gcc/aarch64-linux-gnu/12/liblto_plugin.so] ==> ignore
    arg [-plugin-opt=/usr/lib/gcc/aarch64-linux-gnu/12/lto-wrapper] ==> ignore
    arg [-plugin-opt=-fresolution=/tmp/ccCPBZnA.res] ==> ignore
    arg [-plugin-opt=-pass-through=-lgcc] ==> ignore
    arg [-plugin-opt=-pass-through=-lgcc_s] ==> ignore
    arg [-plugin-opt=-pass-through=-lc] ==> ignore
    arg [-plugin-opt=-pass-through=-lgcc] ==> ignore
    arg [-plugin-opt=-pass-through=-lgcc_s] ==> ignore
    arg [--build-id] ==> ignore
    arg [--eh-frame-hdr] ==> ignore
    arg [--hash-style=gnu] ==> ignore
    arg [--as-needed] ==> ignore
    arg [-dynamic-linker] ==> ignore
    arg [/lib/ld-linux-aarch64.so.1] ==> ignore
    arg [-X] ==> ignore
    arg [-EL] ==> ignore
    arg [-maarch64linux] ==> ignore
    arg [--fix-cortex-a53-843419] ==> ignore
    arg [-pie] ==> ignore
    arg [-o] ==> ignore
    arg [cmTC_dce8f] ==> ignore
    arg [/usr/lib/gcc/aarch64-linux-gnu/12/../../../aarch64-linux-gnu/Scrt1.o] ==> obj [/usr/lib/gcc/aarch64-linux-gnu/12/../../../aarch64-linux-gnu/Scrt1.o]
    arg [/usr/lib/gcc/aarch64-linux-gnu/12/../../../aarch64-linux-gnu/crti.o] ==> obj [/usr/lib/gcc/aarch64-linux-gnu/12/../../../aarch64-linux-gnu/crti.o]
    arg [/usr/lib/gcc/aarch64-linux-gnu/12/crtbeginS.o] ==> obj [/usr/lib/gcc/aarch64-linux-gnu/12/crtbeginS.o]
    arg [-L/usr/lib/gcc/aarch64-linux-gnu/12] ==> dir [/usr/lib/gcc/aarch64-linux-gnu/12]
    arg [-L/usr/lib/gcc/aarch64-linux-gnu/12/../../../aarch64-linux-gnu] ==> dir [/usr/lib/gcc/aarch64-linux-gnu/12/../../../aarch64-linux-gnu]
    arg [-L/usr/lib/gcc/aarch64-linux-gnu/12/../../../../lib] ==> dir [/usr/lib/gcc/aarch64-linux-gnu/12/../../../../lib]
    arg [-L/lib/aarch64-linux-gnu] ==> dir [/lib/aarch64-linux-gnu]
    arg [-L/lib/../lib] ==> dir [/lib/../lib]
    arg [-L/usr/lib/aarch64-linux-gnu] ==> dir [/usr/lib/aarch64-linux-gnu]
    arg [-L/usr/lib/../lib] ==> dir [/usr/lib/../lib]
    arg [-L/usr/lib/gcc/aarch64-linux-gnu/12/../../..] ==> dir [/usr/lib/gcc/aarch64-linux-gnu/12/../../..]
    arg [CMakeFiles/cmTC_dce8f.dir/CMakeCCompilerABI.c.o] ==> ignore
    arg [-lgcc] ==> lib [gcc]
    arg [--push-state] ==> ignore
    arg [--as-needed] ==> ignore
    arg [-lgcc_s] ==> lib [gcc_s]
    arg [--pop-state] ==> ignore
    arg [-lc] ==> lib [c]
    arg [-lgcc] ==> lib [gcc]
    arg [--push-state] ==> ignore
    arg [--as-needed] ==> ignore
    arg [-lgcc_s] ==> lib [gcc_s]
    arg [--pop-state] ==> ignore
    arg [/usr/lib/gcc/aarch64-linux-gnu/12/crtendS.o] ==> obj [/usr/lib/gcc/aarch64-linux-gnu/12/crtendS.o]
    arg [/usr/lib/gcc/aarch64-linux-gnu/12/../../../aarch64-linux-gnu/crtn.o] ==> obj [/usr/lib/gcc/aarch64-linux-gnu/12/../../../aarch64-linux-gnu/crtn.o]
  collapse obj [/usr/lib/gcc/aarch64-linux-gnu/12/../../../aarch64-linux-gnu/Scrt1.o] ==> [/usr/lib/aarch64-linux-gnu/Scrt1.o]
  collapse obj [/usr/lib/gcc/aarch64-linux-gnu/12/../../../aarch64-linux-gnu/crti.o] ==> [/usr/lib/aarch64-linux-gnu/crti.o]
  collapse obj [/usr/lib/gcc/aarch64-linux-gnu/12/../../../aarch64-linux-gnu/crtn.o] ==> [/usr/lib/aarch64-linux-gnu/crtn.o]
  collapse library dir [/usr/lib/gcc/aarch64-linux-gnu/12] ==> [/usr/lib/gcc/aarch64-linux-gnu/12]
  collapse library dir [/usr/lib/gcc/aarch64-linux-gnu/12/../../../aarch64-linux-gnu] ==> [/usr/lib/aarch64-linux-gnu]
  collapse library dir [/usr/lib/gcc/aarch64-linux-gnu/12/../../../../lib] ==> [/usr/lib]
  collapse library dir [/lib/aarch64-linux-gnu] ==> [/lib/aarch64-linux-gnu]
  collapse library dir [/lib/../lib] ==> [/lib]
  collapse library dir [/usr/lib/aarch64-linux-gnu] ==> [/usr/lib/aarch64-linux-gnu]
  collapse library dir [/usr/lib/../lib] ==> [/usr/lib]
  collapse library dir [/usr/lib/gcc/aarch64-linux-gnu/12/../../..] ==> [/usr/lib]
  implicit libs: [gcc;gcc_s;c;gcc;gcc_s]
  implicit objs: [/usr/lib/aarch64-linux-gnu/Scrt1.o;/usr/lib/aarch64-linux-gnu/crti.o;/usr/lib/gcc/aarch64-linux-gnu/12/crtbeginS.o;/usr/lib/gcc/aarch64-linux-gnu/12/crtendS.o;/usr/lib/aarch64-linux-gnu/crtn.o]
  implicit dirs: [/usr/lib/gcc/aarch64-linux-gnu/12;/usr/lib/aarch64-linux-gnu;/usr/lib;/lib/aarch64-linux-gnu;/lib]
  implicit fwks: []


The system is: Linux - 6.8.0-1050-oracle - aarch64
Compiling the C compiler identification source file "CMakeCCompilerId.c" succeeded.
Compiler: /usr/bin/cc 
Build flags: 
Id flags:  

The output was:
0


Compilation of the C compiler identification source "CMakeCCompilerId.c" produced "a.out"

The C compiler identification is GNU, found in "/home/dev/workspace/workspace/build/CMakeFiles/3.25.1/CompilerIdC/a.out"

Detecting C compiler ABI info compiled with the following output:
Change Dir: /home/dev/workspace/workspace/build/CMakeFiles/CMakeScratch/TryCompile-lqB5wG

Run Build Command(s):/usr/bin/gmake -f Makefile cmTC_7713e/fast && /usr/bin/gmake  -f CMakeFiles/cmTC_7713e.dir/build.make CMakeFiles/cmTC_7713e.dir/build
gmake[1]: Entering directory '/home/dev/workspace/workspace/build/CMakeFiles/CMakeScratch/TryCompile-lqB5wG'
Building C object CMakeFiles/cmTC_7713e.dir/CMakeCCompilerABI.c.o
/usr/bin/cc   -v -o CMakeFiles/cmTC_7713e.dir/CMakeCCompilerABI.c.o -c /usr/share/cmake-3.25/Modules/CMakeCCompilerABI.c
Using built-in specs.
COLLECT_GCC=/usr/bin/cc
Target: aarch64-linux-gnu
Configured with: ../src/configure -v --with-pkgversion='Debian 12.2.0-14+deb12u1' --with-bugurl=file:///usr/share/doc/gcc-12/README.Bugs --enable-languages=c,ada,c++,go,d,fortran,objc,obj-c++,m2 --prefix=/usr --with-gcc-major-version-only --program-suffix=-12 --program-prefix=aarch64-linux-gnu- --enable-shared --enable-linker-build-id --libexecdir=/usr/lib --without-included-gettext --enable-threads=posix --libdir=/usr/lib --enable-nls --enable-clocale=gnu --enable-libstdcxx-debug --enable-libstdcxx-time=yes --with-default-libstdcxx-abi=new --enable-gnu-unique-object --disable-libquadmath --disable-libquadmath-support --enable-plugin --enable-default-pie --with-system-zlib --enable-libphobos-checking=release --with-target-system-zlib=auto --enable-objc-gc=auto --enable-multiarch --enable-fix-cortex-a53-843419 --disable-werror --enable-checking=release --build=aarch64-linux-gnu --host=aarch64-linux-gnu --target=aarch64-linux-gnu
Thread model: posix
Supported LTO compression algorithms: zlib zstd
gcc version 12.2.0 (Debian 12.2.0-14+deb12u1) 
COLLECT_GCC_OPTIONS='-v' '-o' 'CMakeFiles/cmTC_7713e.dir/CMakeCCompilerABI.c.o' '-c' '-mlittle-endian' '-mabi=lp64' '-dumpdir' 'CMakeFiles/cmTC_7713e.dir/'
 /usr/lib/gcc/aarch64-linux-gnu/12/cc1 -quiet -v -imultiarch aarch64-linux-gnu /usr/share/cmake-3.25/Modules/CMakeCCompilerABI.c -quiet -dumpdir CMakeFiles/cmTC_7713e.dir/ -dumpbase CMakeCCompilerABI.c.c -dumpbase-ext .c -mlittle-endian -mabi=lp64 -version -fasynchronous-unwind-tables -o /tmp/ccZV8LrW.s
GNU C17 (Debian 12.2.0-14+deb12u1) version 12.2.0 (aarch64-linux-gnu)
	compiled by GNU C version 12.2.0, GMP version 6.2.1, MPFR version 4.2.0, MPC version 1.3.1, isl version isl-0.25-GMP

GGC heuristics: --param ggc-min-expand=100 --param ggc-min-heapsize=131072
ignoring nonexistent directory "/usr/local/include/aarch64-linux-gnu"
ignoring nonexistent directory "/usr/lib/gcc/aarch64-linux-gnu/12/include-fixed"
ignoring nonexistent directory "/usr/lib/gcc/aarch64-linux-gnu/12/../../../../aarch64-linux-gnu/include"
#include "..." search starts here:
#include <...> search starts here:
 /usr/lib/gcc/aarch64-linux-gnu/12/include
 /usr/local/include
 /usr/include/aarch64-linux-gnu
 /usr/include
End of search list.
GNU C17 (Debian 12.2.0-14+deb12u1) version 12.2.0 (aarch64-linux-gnu)
	compiled by GNU C version 12.2.0, GMP version 6.2.1, MPFR version 4.2.0, MPC version 1.3.1, isl version isl-0.25-GMP

GGC heuristics: --param ggc-min-expand=100 --param ggc-min-heapsize=131072
Compiler executable checksum: 353d9f3bda0709922bce3bd32cc6f6a4
COLLECT_GCC_OPTIONS='-v' '-o' 'CMakeFiles/cmTC_7713e.dir/CMakeCCompilerABI.c.o' '-c' '-mlittle-endian' '-mabi=lp64' '-dumpdir' 'CMakeFiles/cmTC_7713e.dir/'
 as -v -EL -mabi=lp64 -o CMakeFiles/cmTC_7713e.dir/CMakeCCompilerABI.c.o /tmp/ccZV8LrW.s
GNU assembler version 2.40 (aarch64-linux-gnu) using BFD version (GNU Binutils for Debian) 2.40
COMPILER_PATH=/usr/lib/gcc/aarch64-linux-gnu/12/:/usr/lib/gcc/aarch64-linux-gnu/12/:/usr/lib/gcc/aarch64-linux-gnu/:/usr/lib/gcc/aarch64-linux-gnu/12/:/usr/lib/gcc/aarch64-linux-gnu/
LIBRARY_PATH=/usr/lib/gcc/aarch64-linux-gnu/12/:/usr/lib/gcc/aarch64-linux-gnu/12/../../../aarch64-linux-gnu/:/usr/lib/gcc/aarch64-linux-gnu/12/../../../../lib/:/lib/aarch64-linux-gnu/:/lib/../lib/:/usr/lib/aarch64-linux-gnu/:/usr/lib/../lib/:/usr/lib/gcc/aarch64-linux-gnu/12/../../../:/lib/:/usr/lib/
COLLECT_GCC_OPTIONS='-v' '-o' 'CMakeFiles/cmTC_7713e.dir/CMakeCCompilerABI.c.o' '-c' '-mlittle-endian' '-mabi=lp64' '-dumpdir' 'CMakeFiles/cmTC_7713e.dir/CMakeCCompilerABI.c.'
Linking C executable cmTC_7713e
/usr/bin/cmake -E cmake_link_script CMakeFiles/cmTC_7713e.dir/link.txt --verbose=1
/usr/bin/cc  -v CMakeFiles/cmTC_7713e.dir/CMakeCCompilerABI.c.o -o cmTC_7713e 
Using built-in specs.
COLLECT_GCC=/usr/bin/cc
COLLECT_LTO_WRAPPER=/usr/lib/gcc/aarch64-linux-gnu/12/lto-wrapper
Target: aarch64-linux-gnu
Configured with: ../src/configure -v --with-pkgversion='Debian 12.2.0-14+deb12u1' --with-bugurl=file:///usr/share/doc/gcc-12/README.Bugs --enable-languages=c,ada,c++,go,d,fortran,objc,obj-c++,m2 --prefix=/usr --with-gcc-major-version-only --program-suffix=-12 --program-prefix=aarch64-linux-gnu- --enable-shared --enable-linker-build-id --libexecdir=/usr/lib --without-included-gettext --enable-threads=posix --libdir=/usr/lib --enable-nls --enable-clocale=gnu --enable-libstdcxx-debug --enable-libstdcxx-time=yes --with-default-libstdcxx-abi=new --enable-gnu-unique-object --disable-libquadmath --disable-libquadmath-support --enable-plugin --enable-default-pie --with-system-zlib --enable-libphobos-checking=release --with-target-system-zlib=auto --enable-objc-gc=auto --enable-multiarch --enable-fix-cortex-a53-843419 --disable-werror --enable-checking=release --build=aarch64-linux-gnu --host=aarch64-linux-gnu --target=aarch64-linux-gnu
Thread model: posix
Supported LTO compression algorithms: zlib zstd
gcc version 12.2.0 (Debian 12.2.0-14+deb12u1) 
COMPILER_PATH=/usr/lib/gcc/aarch64-linux-gnu/12/:/usr/lib/gcc/aarch64-linux-gnu/12/:/usr/lib/gcc/aarch64-linux-gnu/:/usr/lib/gcc/aarch64-linux-gnu/12/:/usr/lib/gcc/aarch64-linux-gnu/
LIBRARY_PATH=/usr/lib/gcc/aarch64-linux-gnu/12/:/usr/lib/gcc/aarch64-linux-gnu/12/../../../aarch64-linux-gnu/:/usr/lib/gcc/aarch64-linux-gnu/12/../../../../lib/:/lib/aarch64-linux-gnu/:/lib/../lib/:/usr/lib/aarch64-linux-gnu/:/usr/lib/../lib/:/usr/lib/gcc/aarch64-linux-gnu/12/../../../:/lib/:/usr/lib/
COLLECT_GCC_OPTIONS='-v' '-o' 'cmTC_7713e' '-mlittle-endian' '-mabi=lp64' '-dumpdir' 'cmTC_7713e.'
 /usr/lib/gcc/aarch64-linux-gnu/12/collect2 -plugin /usr/lib/gcc/aarch64-linux-gnu/12/liblto_plugin.so -plugin-opt=/usr/lib/gcc/aarch64-linux-gnu/12/lto-wrapper -plugin-opt=-fresolution=/tmp/ccVParFq.res -plugin-opt=-pass-through=-lgcc -plugin-opt=-pass-through=-lgcc_s -plugin-opt=-pass-through=-lc -plugin-opt=-pass-through=-lgcc -plugin-opt=-pass-through=-lgcc_s --build-id --eh-frame-hdr --hash-style=gnu --as-needed -dynamic-linker /lib/ld-linux-aarch64.so.1 -X -EL -maarch64linux --fix-cortex-a53-843419 -pie -o cmTC_7713e /usr/lib/gcc/aarch64-linux-gnu/12/../../../aarch64-linux-gnu/Scrt1.o /usr/lib/gcc/aarch64-linux-gnu/12/../../../aarch64-linux-gnu/crti.o /usr/lib/gcc/aarch64-linux-gnu/12/crtbeginS.o -L/usr/lib/gcc/aarch64-linux-gnu/12 -L/usr/lib/gcc/aarch64-linux-gnu/12/../../../aarch64-linux-gnu -L/usr/lib/gcc/aarch64-linux-gnu/12/../../../../lib -L/lib/aarch64-linux-gnu -L/lib/../lib -L/usr/lib/aarch64-linux-gnu -L/usr/lib/../lib -L/usr/lib/gcc/aarch64-linux-gnu/12/../../.. CMakeFiles/cmTC_7713e.dir/CMakeCCompilerABI.c.o -lgcc --push-state --as-needed -lgcc_s --pop-state -lc -lgcc --push-state --as-needed -lgcc_s --pop-state /usr/lib/gcc/aarch64-linux-gnu/12/crtendS.o /usr/lib/gcc/aarch64-linux-gnu/12/../../../aarch64-linux-gnu/crtn.o
COLLECT_GCC_OPTIONS='-v' '-o' 'cmTC_7713e' '-mlittle-endian' '-mabi=lp64' '-dumpdir' 'cmTC_7713e.'
gmake[1]: Leaving directory '/home/dev/workspace/workspace/build/CMakeFiles/CMakeScratch/TryCompile-lqB5wG'



Parsed C implicit include dir info from above output: rv=done
  found start of include info
  found start of implicit include info
    add: [/usr/lib/gcc/aarch64-linux-gnu/12/include]
    add: [/usr/local/include]
    add: [/usr/include/aarch64-linux-gnu]
    add: [/usr/include]
  end of search list found
  collapse include dir [/usr/lib/gcc/aarch64-linux-gnu/12/include] ==> [/usr/lib/gcc/aarch64-linux-gnu/12/include]
  collapse include dir [/usr/local/include] ==> [/usr/local/include]
  collapse include dir [/usr/include/aarch64-linux-gnu] ==> [/usr/include/aarch64-linux-gnu]
  collapse include dir [/usr/include] ==> [/usr/include]
  implicit include dirs: [/usr/lib/gcc/aarch64-linux-gnu/12/include;/usr/local/include;/usr/include/aarch64-linux-gnu;/usr/include]


Parsed C implicit link information from above output:
  link line regex: [^( *|.*[/\])(ld|CMAKE_LINK_STARTFILE-NOTFOUND|([^/\]+-)?ld|collect2)[^/\]*( |$)]
  ignore line: [Change Dir: /home/dev/workspace/workspace/build/CMakeFiles/CMakeScratch/TryCompile-lqB5wG]
  ignore line: []
  ignore line: [Run Build Command(s):/usr/bin/gmake -f Makefile cmTC_7713e/fast && /usr/bin/gmake  -f CMakeFiles/cmTC_7713e.dir/build.make CMakeFiles/cmTC_7713e.dir/build]
  ignore line: [gmake[1]: Entering directory '/home/dev/workspace/workspace/build/CMakeFiles/CMakeScratch/TryCompile-lqB5wG']
  ignore line: [Building C object CMakeFiles/cmTC_7713e.dir/CMakeCCompilerABI.c.o]
  ignore line: [/usr/bin/cc   -v -o CMakeFiles/cmTC_7713e.dir/CMakeCCompilerABI.c.o -c /usr/share/cmake-3.25/Modules/CMakeCCompilerABI.c]
  ignore line: [Using built-in specs.]
  ignore line: [COLLECT_GCC=/usr/bin/cc]
  ignore line: [Target: aarch64-linux-gnu]
  ignore line: [Configured with: ../src/configure -v --with-pkgversion='Debian 12.2.0-14+deb12u1' --with-bugurl=file:///usr/share/doc/gcc-12/README.Bugs --enable-languages=c ada c++ go d fortran objc obj-c++ m2 --prefix=/usr --with-gcc-major-version-only --program-suffix=-12 --program-prefix=aarch64-linux-gnu- --enable-shared --enable-linker-build-id --libexecdir=/usr/lib --without-included-gettext --enable-threads=posix --libdir=/usr/lib --enable-nls --enable-clocale=gnu --enable-libstdcxx-debug --enable-libstdcxx-time=yes --with-default-libstdcxx-abi=new --enable-gnu-unique-object --disable-libquadmath --disable-libquadmath-support --enable-plugin --enable-default-pie --with-system-zlib --enable-libphobos-checking=release --with-target-system-zlib=auto --enable-objc-gc=auto --enable-multiarch --enable-fix-cortex-a53-843419 --disable-werror --enable-checking=release --build=aarch64-linux-gnu --host=aarch64-linux-gnu --target=aarch64-linux-gnu]
  ignore line: [Thread model: posix]
  ignore line: [Supported LTO compression algorithms: zlib zstd]
  ignore line: [gcc version 12.2.0 (Debian 12.2.0-14+deb12u1) ]
  ignore line: [COLLECT_GCC_OPTIONS='-v' '-o' 'CMakeFiles/cmTC_7713e.dir/CMakeCCompilerABI.c.o' '-c' '-mlittle-endian' '-mabi=lp64' '-dumpdir' 'CMakeFiles/cmTC_7713e.dir/']
  ignore line: [ /usr/lib/gcc/aarch64-linux-gnu/12/cc1 -quiet -v -imultiarch aarch64-linux-gnu /usr/share/cmake-3.25/Modules/CMakeCCompilerABI.c -quiet -dumpdir CMakeFiles/cmTC_7713e.dir/ -dumpbase CMakeCCompilerABI.c.c -dumpbase-ext .c -mlittle-endian -mabi=lp64 -version -fasynchronous-unwind-tables -o /tmp/ccZV8LrW.s]
  ignore line: [GNU C17 (Debian 12.2.0-14+deb12u1) version 12.2.0 (aarch64-linux-gnu)]
  ignore line: [	compiled by GNU C version 12.2.0  GMP version 6.2.1  MPFR version 4.2.0  MPC version 1.3.1  isl version isl-0.25-GMP]
  ignore line: []
  ignore line: [GGC heuristics: --param ggc-min-expand=100 --param ggc-min-heapsize=131072]
  ignore line: [ignoring nonexistent directory "/usr/local/include/aarch64-linux-gnu"]
  ignore line: [ignoring nonexistent directory "/usr/lib/gcc/aarch64-linux-gnu/12/include-fixed"]
  ignore line: [ignoring nonexistent directory "/usr/lib/gcc/aarch64-linux-gnu/12/../../../../aarch64-linux-gnu/include"]
  ignore line: [#include "..." search starts here:]
  ignore line: [#include <...> search starts here:]
  ignore line: [ /usr/lib/gcc/aarch64-linux-gnu/12/include]
  ignore line: [ /usr/local/include]
  ignore line: [ /usr/include/aarch64-linux-gnu]
  ignore line: [ /usr/include]
  ignore line: [End of search list.]
  ignore line: [GNU C17 (Debian 12.2.0-14+deb12u1) version 12.2.0 (aarch64-linux-gnu)]
  ignore line: [	compiled by GNU C version 12.2.0  GMP version 6.2.1  MPFR version 4.2.0  MPC version 1.3.1  isl version isl-0.25-GMP]
  ignore line: []
  ignore line: [GGC heuristics: --param ggc-min-expand=100 --param ggc-min-heapsize=131072]
  ignore line: [Compiler executable checksum: 353d9f3bda0709922bce3bd32cc6f6a4]
  ignore line: [COLLECT_GCC_OPTIONS='-v' '-o' 'CMakeFiles/cmTC_7713e.dir/CMakeCCompilerABI.c.o' '-c' '-mlittle-endian' '-mabi=lp64' '-dumpdir' 'CMakeFiles/cmTC_7713e.dir/']
  ignore line: [ as -v -EL -mabi=lp64 -o CMakeFiles/cmTC_7713e.dir/CMakeCCompilerABI.c.o /tmp/ccZV8LrW.s]
  ignore line: [GNU assembler version 2.40 (aarch64-linux-gnu) using BFD version (GNU Binutils for Debian) 2.40]
  ignore line: [COMPILER_PATH=/usr/lib/gcc/aarch64-linux-gnu/12/:/usr/lib/gcc/aarch64-linux-gnu/12/:/usr/lib/gcc/aarch64-linux-gnu/:/usr/lib/gcc/aarch64-linux-gnu/12/:/usr/lib/gcc/aarch64-linux-gnu/]
  ignore line: [LIBRARY_PATH=/usr/lib/gcc/aarch64-linux-gnu/12/:/usr/lib/gcc/aarch64-linux-gnu/12/../../../aarch64-linux-gnu/:/usr/lib/gcc/aarch64-linux-gnu/12/../../../../lib/:/lib/aarch64-linux-gnu/:/lib/../lib/:/usr/lib/aarch64-linux-gnu/:/usr/lib/../lib/:/usr/lib/gcc/aarch64-linux-gnu/12/../../../:/lib/:/usr/lib/]
  ignore line: [COLLECT_GCC_OPTIONS='-v' '-o' 'CMakeFiles/cmTC_7713e.dir/CMakeCCompilerABI.c.o' '-c' '-mlittle-endian' '-mabi=lp64' '-dumpdir' 'CMakeFiles/cmTC_7713e.dir/CMakeCCompilerABI.c.']
  ignore line: [Linking C executable cmTC_7713e]
  ignore line: [/usr/bin/cmake -E cmake_link_script CMakeFiles/cmTC_7713e.dir/link.txt --verbose=1]
  ignore line: [/usr/bin/cc  -v CMakeFiles/cmTC_7713e.dir/CMakeCCompilerABI.c.o -o cmTC_7713e ]
  ignore line: [Using built-in specs.]
  ignore line: [COLLECT_GCC=/usr/bin/cc]
  ignore line: [COLLECT_LTO_WRAPPER=/usr/lib/gcc/aarch64-linux-gnu/12/lto-wrapper]
  ignore line: [Target: aarch64-linux-gnu]
  ignore line: [Configured with: ../src/configure -v --with-pkgversion='Debian 12.2.0-14+deb12u1' --with-bugurl=file:///usr/share/doc/gcc-12/README.Bugs --enable-languages=c ada c++ go d fortran objc obj-c++ m2 --prefix=/usr --with-gcc-major-version-only --program-suffix=-12 --program-prefix=aarch64-linux-gnu- --enable-shared --enable-linker-build-id --libexecdir=/usr/lib --without-included-gettext --enable-threads=posix --libdir=/usr/lib --enable-nls --enable-clocale=gnu --enable-libstdcxx-debug --enable-libstdcxx-time=yes --with-default-libstdcxx-abi=new --enable-gnu-unique-object --disable-libquadmath --disable-libquadmath-support --enable-plugin --enable-default-pie --with-system-zlib --enable-libphobos-checking=release --with-target-system-zlib=auto --enable-objc-gc=auto --enable-multiarch --enable-fix-cortex-a53-843419 --disable-werror --enable-checking=release --build=aarch64-linux-gnu --host=aarch64-linux-gnu --target=aarch64-linux-gnu]
  ignore line: [Thread model: posix]
  ignore line: [Supported LTO compression algorithms: zlib zstd]
  ignore line: [gcc version 12.2.0 (Debian 12.2.0-14+deb12u1) ]
  ignore line: [COMPILER_PATH=/usr/lib/gcc/aarch64-linux-gnu/12/:/usr/lib/gcc/aarch64-linux-gnu/12/:/usr/lib/gcc/aarch64-linux-gnu/:/usr/lib/gcc/aarch64-linux-gnu/12/:/usr/lib/gcc/aarch64-linux-gnu/]
  ignore line: [LIBRARY_PATH=/usr/lib/gcc/aarch64-linux-gnu/12/:/usr/lib/gcc/aarch64-linux-gnu/12/../../../aarch64-linux-gnu/:/usr/lib/gcc/aarch64-linux-gnu/12/../../../../lib/:/lib/aarch64-linux-gnu/:/lib/../lib/:/usr/lib/aarch64-linux-gnu/:/usr/lib/../lib/:/usr/lib/gcc/aarch64-linux-gnu/12/../../../:/lib/:/usr/lib/]
  ignore line: [COLLECT_GCC_OPTIONS='-v' '-o' 'cmTC_7713e' '-mlittle-endian' '-mabi=lp64' '-dumpdir' 'cmTC_7713e.']
  link line: [ /usr/lib/gcc/aarch64-linux-gnu/12/collect2 -plugin /usr/lib/gcc/aarch64-linux-gnu/12/liblto_plugin.so -plugin-opt=/usr/lib/gcc/aarch64-linux-gnu/12/lto-wrapper -plugin-opt=-fresolution=/tmp/ccVParFq.res -plugin-opt=-pass-through=-lgcc -plugin-opt=-pass-through=-lgcc_s -plugin-opt=-pass-through=-lc -plugin-opt=-pass-through=-lgcc -plugin-opt=-pass-through=-lgcc_s --build-id --eh-frame-hdr --hash-style=gnu --as-needed -dynamic-linker /lib/ld-linux-aarch64.so.1 -X -EL -maarch64linux --fix-cortex-a53-843419 -pie -o cmTC_7713e /usr/lib/gcc/aarch64-linux-gnu/12/../../../aarch64-linux-gnu/Scrt1.o /usr/lib/gcc/aarch64-linux-gnu/12/../../../aarch64-linux-gnu/crti.o /usr/lib/gcc/aarch64-linux-gnu/12/crtbeginS.o -L/usr/lib/gcc/aarch64-linux-gnu/12 -L/usr/lib/gcc/aarch64-linux-gnu/12/../../../aarch64-linux-gnu -L/usr/lib/gcc/aarch64-linux-gnu/12/../../../../lib -L/lib/aarch64-linux-gnu -L/lib/../lib -L/usr/lib/aarch64-linux-gnu -L/usr/lib/../lib -L/usr/lib/gcc/aarch64-linux-gnu/12/../../.. CMakeFiles/cmTC_7713e.dir/CMakeCCompilerABI.c.o -lgcc --push-state --as-needed -lgcc_s --pop-state -lc -lgcc --push-state --as-needed -lgcc_s --pop-state /usr/lib/gcc/aarch64-linux-gnu/12/crtendS.o /usr/lib/gcc/aarch64-linux-gnu/12/../../../aarch64-linux-gnu/crtn.o]
    arg [/usr/lib/gcc/aarch64-linux-gnu/12/collect2] ==> ignore
    arg [-plugin] ==> ignore
    arg [/usr/lib/gcc/aarch64-linux-gnu/12/liblto_plugin.so] ==> ignore
    arg [-plugin-opt=/usr/lib/gcc/aarch64-linux-gnu/12/lto-wrapper] ==> ignore
    arg [-plugin-opt=-fresolution=/tmp/ccVParFq.res] ==> ignore
    arg [-plugin-opt=-pass-through=-lgcc] ==> ignore
    arg [-plugin-opt=-pass-through=-lgcc_s] ==> ignore
    arg [-plugin-opt=-pass-through=-lc] ==> ignore
    arg [-plugin-opt=-pass-through=-lgcc] ==> ignore
    arg [-plugin-opt=-pass-through=-lgcc_s] ==> ignore
    arg [--build-id] ==> ignore
    arg [--eh-frame-hdr] ==> ignore
    arg [--hash-style=gnu] ==> ignore
    arg [--as-needed] ==> ignore
    arg [-dynamic-linker] ==> ignore
    arg [/lib/ld-linux-aarch64.so.1] ==> ignore
    arg [-X] ==> ignore
    arg [-EL] ==> ignore
    arg [-maarch64linux] ==> ignore
    arg [--fix-cortex-a53-843419] ==> ignore
    arg [-pie] ==> ignore
    arg [-o] ==> ignore
    arg [cmTC_7713e] ==> ignore
    arg [/usr/lib/gcc/aarch64-linux-gnu/12/../../../aarch64-linux-gnu/Scrt1.o] ==> obj [/usr/lib/gcc/aarch64-linux-gnu/12/../../../aarch64-linux-gnu/Scrt1.o]
    arg [/usr/lib/gcc/aarch64-linux-gnu/12/../../../aarch64-linux-gnu/crti.o] ==> obj [/usr/lib/gcc/aarch64-linux-gnu/12/../../../aarch64-linux-gnu/crti.o]
    arg [/usr/lib/gcc/aarch64-linux-gnu/12/crtbeginS.o] ==> obj [/usr/lib/gcc/aarch64-linux-gnu/12/crtbeginS.o]
    arg [-L/usr/lib/gcc/aarch64-linux-gnu/12] ==> dir [/usr/lib/gcc/aarch64-linux-gnu/12]
    arg [-L/usr/lib/gcc/aarch64-linux-gnu/12/../../../aarch64-linux-gnu] ==> dir [/usr/lib/gcc/aarch64-linux-gnu/12/../../../aarch64-linux-gnu]
    arg [-L/usr/lib/gcc/aarch64-linux-gnu/12/../../../../lib] ==> dir [/usr/lib/gcc/aarch64-linux-gnu/12/../../../../lib]
    arg [-L/lib/aarch64-linux-gnu] ==> dir [/lib/aarch64-linux-gnu]
    arg [-L/lib/../lib] ==> dir [/lib/../lib]
    arg [-L/usr/lib/aarch64-linux-gnu] ==> dir [/usr/lib/aarch64-linux-gnu]
    arg [-L/usr/lib/../lib] ==> dir [/usr/lib/../lib]
    arg [-L/usr/lib/gcc/aarch64-linux-gnu/12/../../..] ==> dir [/usr/lib/gcc/aarch64-linux-gnu/12/../../..]
    arg [CMakeFiles/cmTC_7713e.dir/CMakeCCompilerABI.c.o] ==> ignore
    arg [-lgcc] ==> lib [gcc]
    arg [--push-state] ==> ignore
    arg [--as-needed] ==> ignore
    arg [-lgcc_s] ==> lib [gcc_s]
    arg [--pop-state] ==> ignore
    arg [-lc] ==> lib [c]
    arg [-lgcc] ==> lib [gcc]
    arg [--push-state] ==> ignore
    arg [--as-needed] ==> ignore
    arg [-lgcc_s] ==> lib [gcc_s]
    arg [--pop-state] ==> ignore
    arg [/usr/lib/gcc/aarch64-linux-gnu/12/crtendS.o] ==> obj [/usr/lib/gcc/aarch64-linux-gnu/12/crtendS.o]
    arg [/usr/lib/gcc/aarch64-linux-gnu/12/../../../aarch64-linux-gnu/crtn.o] ==> obj [/usr/lib/gcc/aarch64-linux-gnu/12/../../../aarch64-linux-gnu/crtn.o]
  collapse obj [/usr/lib/gcc/aarch64-linux-gnu/12/../../../aarch64-linux-gnu/Scrt1.o] ==> [/usr/lib/aarch64-linux-gnu/Scrt1.o]
  collapse obj [/usr/lib/gcc/aarch64-linux-gnu/12/../../../aarch64-linux-gnu/crti.o] ==> [/usr/lib/aarch64-linux-gnu/crti.o]
  collapse obj [/usr/lib/gcc/aarch64-linux-gnu/12/../../../aarch64-linux-gnu/crtn.o] ==> [/usr/lib/aarch64-linux-gnu/crtn.o]
  collapse library dir [/usr/lib/gcc/aarch64-linux-gnu/12] ==> [/usr/lib/gcc/aarch64-linux-gnu/12]
  collapse library dir [/usr/lib/gcc/aarch64-linux-gnu/12/../../../aarch64-linux-gnu] ==> [/usr/lib/aarch64-linux-gnu]
  collapse library dir [/usr/lib/gcc/aarch64-linux-gnu/12/../../../../lib] ==> [/usr/lib]
  collapse library dir [/lib/aarch64-linux-gnu] ==> [/lib/aarch64-linux-gnu]
  collapse library dir [/lib/../lib] ==> [/lib]
  collapse library dir [/usr/lib/aarch64-linux-gnu] ==> [/usr/lib/aarch64-linux-gnu]
  collapse library dir [/usr/lib/../lib] ==> [/usr/lib]
  collapse library dir [/usr/lib/gcc/aarch64-linux-gnu/12/../../..] ==> [/usr/lib]
  implicit libs: [gcc;gcc_s;c;gcc;gcc_s]
  implicit objs: [/usr/lib/aarch64-linux-gnu/Scrt1.o;/usr/lib/aarch64-linux-gnu/crti.o;/usr/lib/gcc/aarch64-linux-gnu/12/crtbeginS.o;/usr/lib/gcc/aarch64-linux-gnu/12/crtendS.o;/usr/lib/aarch64-linux-gnu/crtn.o]
  implicit dirs: [/usr/lib/gcc/aarch64-linux-gnu/12;/usr/lib/aarch64-linux-gnu;/usr/lib;/lib/aarch64-linux-gnu;/lib]
  implicit fwks: []


The system is: Linux - 6.8.0-1050-oracle - aarch64
Compiling the C compiler identification source file "CMakeCCompilerId.c" succeeded.
Compiler: /usr/bin/cc 
Build flags: 
Id flags:  

The output was:
0


Compilation of the C compiler identification source "CMakeCCompilerId.c" produced "a.out"

The C compiler identification is GNU, found in "/home/dev/workspace/workspace/build/CMakeFiles/3.25.1/CompilerIdC/a.out"

Detecting C compiler ABI info compiled with the following output:
Change Dir: /home/dev/workspace/workspace/build/CMakeFiles/CMakeScratch/TryCompile-JW7Pye

Run Build Command(s):/usr/bin/gmake -f Makefile cmTC_51e8f/fast && /usr/bin/gmake  -f CMakeFiles/cmTC_51e8f.dir/build.make CMakeFiles/cmTC_51e8f.dir/build
gmake[1]: Entering directory '/home/dev/workspace/workspace/build/CMakeFiles/CMakeScratch/TryCompile-JW7Pye'
Building C object CMakeFiles/cmTC_51e8f.dir/CMakeCCompilerABI.c.o
/usr/bin/cc   -v -o CMakeFiles/cmTC_51e8f.dir/CMakeCCompilerABI.c.o -c /usr/share/cmake-3.25/Modules/CMakeCCompilerABI.c
Using built-in specs.
COLLECT_GCC=/usr/bin/cc
Target: aarch64-linux-gnu
Configured with: ../src/configure -v --with-pkgversion='Debian 12.2.0-14+deb12u1' --with-bugurl=file:///usr/share/doc/gcc-12/README.Bugs --enable-languages=c,ada,c++,go,d,fortran,objc,obj-c++,m2 --prefix=/usr --with-gcc-major-version-only --program-suffix=-12 --program-prefix=aarch64-linux-gnu- --enable-shared --enable-linker-build-id --libexecdir=/usr/lib --without-included-gettext --enable-threads=posix --libdir=/usr/lib --enable-nls --enable-clocale=gnu --enable-libstdcxx-debug --enable-libstdcxx-time=yes --with-default-libstdcxx-abi=new --enable-gnu-unique-object --disable-libquadmath --disable-libquadmath-support --enable-plugin --enable-default-pie --with-system-zlib --enable-libphobos-checking=release --with-target-system-zlib=auto --enable-objc-gc=auto --enable-multiarch --enable-fix-cortex-a53-843419 --disable-werror --enable-checking=release --build=aarch64-linux-gnu --host=aarch64-linux-gnu --target=aarch64-linux-gnu
Thread model: posix
Supported LTO compression algorithms: zlib zstd
gcc version 12.2.0 (Debian 12.2.0-14+deb12u1) 
COLLECT_GCC_OPTIONS='-v' '-o' 'CMakeFiles/cmTC_51e8f.dir/CMakeCCompilerABI.c.o' '-c' '-mlittle-endian' '-mabi=lp64' '-dumpdir' 'CMakeFiles/cmTC_51e8f.dir/'
 /usr/lib/gcc/aarch64-linux-gnu/12/cc1 -quiet -v -imultiarch aarch64-linux-gnu /usr/share/cmake-3.25/Modules/CMakeCCompilerABI.c -quiet -dumpdir CMakeFiles/cmTC_51e8f.dir/ -dumpbase CMakeCCompilerABI.c.c -dumpbase-ext .c -mlittle-endian -mabi=lp64 -version -fasynchronous-unwind-tables -o /tmp/ccR2pnj9.s
GNU C17 (Debian 12.2.0-14+deb12u1) version 12.2.0 (aarch64-linux-gnu)
	compiled by GNU C version 12.2.0, GMP version 6.2.1, MPFR version 4.2.0, MPC version 1.3.1, isl version isl-0.25-GMP

GGC heuristics: --param ggc-min-expand=100 --param ggc-min-heapsize=131072
ignoring nonexistent directory "/usr/local/include/aarch64-linux-gnu"
ignoring nonexistent directory "/usr/lib/gcc/aarch64-linux-gnu/12/include-fixed"
ignoring nonexistent directory "/usr/lib/gcc/aarch64-linux-gnu/12/../../../../aarch64-linux-gnu/include"
#include "..." search starts here:
#include <...> search starts here:
 /usr/lib/gcc/aarch64-linux-gnu/12/include
 /usr/local/include
 /usr/include/aarch64-linux-gnu
 /usr/include
End of search list.
GNU C17 (Debian 12.2.0-14+deb12u1) version 12.2.0 (aarch64-linux-gnu)
	compiled by GNU C version 12.2.0, GMP version 6.2.1, MPFR version 4.2.0, MPC version 1.3.1, isl version isl-0.25-GMP

GGC heuristics: --param ggc-min-expand=100 --param ggc-min-heapsize=131072
Compiler executable checksum: 353d9f3bda0709922bce3bd32cc6f6a4
COLLECT_GCC_OPTIONS='-v' '-o' 'CMakeFiles/cmTC_51e8f.dir/CMakeCCompilerABI.c.o' '-c' '-mlittle-endian' '-mabi=lp64' '-dumpdir' 'CMakeFiles/cmTC_51e8f.dir/'
 as -v -EL -mabi=lp64 -o CMakeFiles/cmTC_51e8f.dir/CMakeCCompilerABI.c.o /tmp/ccR2pnj9.s
GNU assembler version 2.40 (aarch64-linux-gnu) using BFD version (GNU Binutils for Debian) 2.40
COMPILER_PATH=/usr/lib/gcc/aarch64-linux-gnu/12/:/usr/lib/gcc/aarch64-linux-gnu/12/:/usr/lib/gcc/aarch64-linux-gnu/:/usr/lib/gcc/aarch64-linux-gnu/12/:/usr/lib/gcc/aarch64-linux-gnu/
LIBRARY_PATH=/usr/lib/gcc/aarch64-linux-gnu/12/:/usr/lib/gcc/aarch64-linux-gnu/12/../../../aarch64-linux-gnu/:/usr/lib/gcc/aarch64-linux-gnu/12/../../../../lib/:/lib/aarch64-linux-gnu/:/lib/../lib/:/usr/lib/aarch64-linux-gnu/:/usr/lib/../lib/:/usr/lib/gcc/aarch64-linux-gnu/12/../../../:/lib/:/usr/lib/
COLLECT_GCC_OPTIONS='-v' '-o' 'CMakeFiles/cmTC_51e8f.dir/CMakeCCompilerABI.c.o' '-c' '-mlittle-endian' '-mabi=lp64' '-dumpdir' 'CMakeFiles/cmTC_51e8f.dir/CMakeCCompilerABI.c.'
Linking C executable cmTC_51e8f
/usr/bin/cmake -E cmake_link_script CMakeFiles/cmTC_51e8f.dir/link.txt --verbose=1
/usr/bin/cc  -v CMakeFiles/cmTC_51e8f.dir/CMakeCCompilerABI.c.o -o cmTC_51e8f 
Using built-in specs.
COLLECT_GCC=/usr/bin/cc
COLLECT_LTO_WRAPPER=/usr/lib/gcc/aarch64-linux-gnu/12/lto-wrapper
Target: aarch64-linux-gnu
Configured with: ../src/configure -v --with-pkgversion='Debian 12.2.0-14+deb12u1' --with-bugurl=file:///usr/share/doc/gcc-12/README.Bugs --enable-languages=c,ada,c++,go,d,fortran,objc,obj-c++,m2 --prefix=/usr --with-gcc-major-version-only --program-suffix=-12 --program-prefix=aarch64-linux-gnu- --enable-shared --enable-linker-build-id --libexecdir=/usr/lib --without-included-gettext --enable-threads=posix --libdir=/usr/lib --enable-nls --enable-clocale=gnu --enable-libstdcxx-debug --enable-libstdcxx-time=yes --with-default-libstdcxx-abi=new --enable-gnu-unique-object --disable-libquadmath --disable-libquadmath-support --enable-plugin --enable-default-pie --with-system-zlib --enable-libphobos-checking=release --with-target-system-zlib=auto --enable-objc-gc=auto --enable-multiarch --enable-fix-cortex-a53-843419 --disable-werror --enable-checking=release --build=aarch64-linux-gnu --host=aarch64-linux-gnu --target=aarch64-linux-gnu
Thread model: posix
Supported LTO compression algorithms: zlib zstd
gcc version 12.2.0 (Debian 12.2.0-14+deb12u1) 
COMPILER_PATH=/usr/lib/gcc/aarch64-linux-gnu/12/:/usr/lib/gcc/aarch64-linux-gnu/12/:/usr/lib/gcc/aarch64-linux-gnu/:/usr/lib/gcc/aarch64-linux-gnu/12/:/usr/lib/gcc/aarch64-linux-gnu/
LIBRARY_PATH=/usr/lib/gcc/aarch64-linux-gnu/12/:/usr/lib/gcc/aarch64-linux-gnu/12/../../../aarch64-linux-gnu/:/usr/lib/gcc/aarch64-linux-gnu/12/../../../../lib/:/lib/aarch64-linux-gnu/:/lib/../lib/:/usr/lib/aarch64-linux-gnu/:/usr/lib/../lib/:/usr/lib/gcc/aarch64-linux-gnu/12/../../../:/lib/:/usr/lib/
COLLECT_GCC_OPTIONS='-v' '-o' 'cmTC_51e8f' '-mlittle-endian' '-mabi=lp64' '-dumpdir' 'cmTC_51e8f.'
 /usr/lib/gcc/aarch64-linux-gnu/12/collect2 -plugin /usr/lib/gcc/aarch64-linux-gnu/12/liblto_plugin.so -plugin-opt=/usr/lib/gcc/aarch64-linux-gnu/12/lto-wrapper -plugin-opt=-fresolution=/tmp/cc14mjNt.res -plugin-opt=-pass-through=-lgcc -plugin-opt=-pass-through=-lgcc_s -plugin-opt=-pass-through=-lc -plugin-opt=-pass-through=-lgcc -plugin-opt=-pass-through=-lgcc_s --build-id --eh-frame-hdr --hash-style=gnu --as-needed -dynamic-linker /lib/ld-linux-aarch64.so.1 -X -EL -maarch64linux --fix-cortex-a53-843419 -pie -o cmTC_51e8f /usr/lib/gcc/aarch64-linux-gnu/12/../../../aarch64-linux-gnu/Scrt1.o /usr/lib/gcc/aarch64-linux-gnu/12/../../../aarch64-linux-gnu/crti.o /usr/lib/gcc/aarch64-linux-gnu/12/crtbeginS.o -L/usr/lib/gcc/aarch64-linux-gnu/12 -L/usr/lib/gcc/aarch64-linux-gnu/12/../../../aarch64-linux-gnu -L/usr/lib/gcc/aarch64-linux-gnu/12/../../../../lib -L/lib/aarch64-linux-gnu -L/lib/../lib -L/usr/lib/aarch64-linux-gnu -L/usr/lib/../lib -L/usr/lib/gcc/aarch64-linux-gnu/12/../../.. CMakeFiles/cmTC_51e8f.dir/CMakeCCompilerABI.c.o -lgcc --push-state --as-needed -lgcc_s --pop-state -lc -lgcc --push-state --as-needed -lgcc_s --pop-state /usr/lib/gcc/aarch64-linux-gnu/12/crtendS.o /usr/lib/gcc/aarch64-linux-gnu/12/../../../aarch64-linux-gnu/crtn.o
COLLECT_GCC_OPTIONS='-v' '-o' 'cmTC_51e8f' '-mlittle-endian' '-mabi=lp64' '-dumpdir' 'cmTC_51e8f.'
gmake[1]: Leaving directory '/home/dev/workspace/workspace/build/CMakeFiles/CMakeScratch/TryCompile-JW7Pye'



Parsed C implicit include dir info from above output: rv=done
  found start of include info
  found start of implicit include info
    add: [/usr/lib/gcc/aarch64-linux-gnu/12/include]
    add: [/usr/local/include]
    add: [/usr/include/aarch64-linux-gnu]
    add: [/usr/include]
  end of search list found
  collapse include dir [/usr/lib/gcc/aarch64-linux-gnu/12/include] ==> [/usr/lib/gcc/aarch64-linux-gnu/12/include]
  collapse include dir [/usr/local/include] ==> [/usr/local/include]
  collapse include dir [/usr/include/aarch64-linux-gnu] ==> [/usr/include/aarch64-linux-gnu]
  collapse include dir [/usr/include] ==> [/usr/include]
  implicit include dirs: [/usr/lib/gcc/aarch64-linux-gnu/12/include;/usr/local/include;/usr/include/aarch64-linux-gnu;/usr/include]


Parsed C implicit link information from above output:
  link line regex: [^( *|.*[/\])(ld|CMAKE_LINK_STARTFILE-NOTFOUND|([^/\]+-)?ld|collect2)[^/\]*( |$)]
  ignore line: [Change Dir: /home/dev/workspace/workspace/build/CMakeFiles/CMakeScratch/TryCompile-JW7Pye]
  ignore line: []
  ignore line: [Run Build Command(s):/usr/bin/gmake -f Makefile cmTC_51e8f/fast && /usr/bin/gmake  -f CMakeFiles/cmTC_51e8f.dir/build.make CMakeFiles/cmTC_51e8f.dir/build]
  ignore line: [gmake[1]: Entering directory '/home/dev/workspace/workspace/build/CMakeFiles/CMakeScratch/TryCompile-JW7Pye']
  ignore line: [Building C object CMakeFiles/cmTC_51e8f.dir/CMakeCCompilerABI.c.o]
  ignore line: [/usr/bin/cc   -v -o CMakeFiles/cmTC_51e8f.dir/CMakeCCompilerABI.c.o -c /usr/share/cmake-3.25/Modules/CMakeCCompilerABI.c]
  ignore line: [Using built-in specs.]
  ignore line: [COLLECT_GCC=/usr/bin/cc]
  ignore line: [Target: aarch64-linux-gnu]
  ignore line: [Configured with: ../src/configure -v --with-pkgversion='Debian 12.2.0-14+deb12u1' --with-bugurl=file:///usr/share/doc/gcc-12/README.Bugs --enable-languages=c ada c++ go d fortran objc obj-c++ m2 --prefix=/usr --with-gcc-major-version-only --program-suffix=-12 --program-prefix=aarch64-linux-gnu- --enable-shared --enable-linker-build-id --libexecdir=/usr/lib --without-included-gettext --enable-threads=posix --libdir=/usr/lib --enable-nls --enable-clocale=gnu --enable-libstdcxx-debug --enable-libstdcxx-time=yes --with-default-libstdcxx-abi=new --enable-gnu-unique-object --disable-libquadmath --disable-libquadmath-support --enable-plugin --enable-default-pie --with-system-zlib --enable-libphobos-checking=release --with-target-system-zlib=auto --enable-objc-gc=auto --enable-multiarch --enable-fix-cortex-a53-843419 --disable-werror --enable-checking=release --build=aarch64-linux-gnu --host=aarch64-linux-gnu --target=aarch64-linux-gnu]
  ignore line: [Thread model: posix]
  ignore line: [Supported LTO compression algorithms: zlib zstd]
  ignore line: [gcc version 12.2.0 (Debian 12.2.0-14+deb12u1) ]
  ignore line: [COLLECT_GCC_OPTIONS='-v' '-o' 'CMakeFiles/cmTC_51e8f.dir/CMakeCCompilerABI.c.o' '-c' '-mlittle-endian' '-mabi=lp64' '-dumpdir' 'CMakeFiles/cmTC_51e8f.dir/']
  ignore line: [ /usr/lib/gcc/aarch64-linux-gnu/12/cc1 -quiet -v -imultiarch aarch64-linux-gnu /usr/share/cmake-3.25/Modules/CMakeCCompilerABI.c -quiet -dumpdir CMakeFiles/cmTC_51e8f.dir/ -dumpbase CMakeCCompilerABI.c.c -dumpbase-ext .c -mlittle-endian -mabi=lp64 -version -fasynchronous-unwind-tables -o /tmp/ccR2pnj9.s]
  ignore line: [GNU C17 (Debian 12.2.0-14+deb12u1) version 12.2.0 (aarch64-linux-gnu)]
  ignore line: [	compiled by GNU C version 12.2.0  GMP version 6.2.1  MPFR version 4.2.0  MPC version 1.3.1  isl version isl-0.25-GMP]
  ignore line: []
  ignore line: [GGC heuristics: --param ggc-min-expand=100 --param ggc-min-heapsize=131072]
  ignore line: [ignoring nonexistent directory "/usr/local/include/aarch64-linux-gnu"]
  ignore line: [ignoring nonexistent directory "/usr/lib/gcc/aarch64-linux-gnu/12/include-fixed"]
  ignore line: [ignoring nonexistent directory "/usr/lib/gcc/aarch64-linux-gnu/12/../../../../aarch64-linux-gnu/include"]
  ignore line: [#include "..." search starts here:]
  ignore line: [#include <...> search starts here:]
  ignore line: [ /usr/lib/gcc/aarch64-linux-gnu/12/include]
  ignore line: [ /usr/local/include]
  ignore line: [ /usr/include/aarch64-linux-gnu]
  ignore line: [ /usr/include]
  ignore line: [End of search list.]
  ignore line: [GNU C17 (Debian 12.2.0-14+deb12u1) version 12.2.0 (aarch64-linux-gnu)]
  ignore line: [	compiled by GNU C version 12.2.0  GMP version 6.2.1  MPFR version 4.2.0  MPC version 1.3.1  isl version isl-0.25-GMP]
  ignore line: []
  ignore line: [GGC heuristics: --param ggc-min-expand=100 --param ggc-min-heapsize=131072]
  ignore line: [Compiler executable checksum: 353d9f3bda0709922bce3bd32cc6f6a4]
  ignore line: [COLLECT_GCC_OPTIONS='-v' '-o' 'CMakeFiles/cmTC_51e8f.dir/CMakeCCompilerABI.c.o' '-c' '-mlittle-endian' '-mabi=lp64' '-dumpdir' 'CMakeFiles/cmTC_51e8f.dir/']
  ignore line: [ as -v -EL -mabi=lp64 -o CMakeFiles/cmTC_51e8f.dir/CMakeCCompilerABI.c.o /tmp/ccR2pnj9.s]
  ignore line: [GNU assembler version 2.40 (aarch64-linux-gnu) using BFD version (GNU Binutils for Debian) 2.40]
  ignore line: [COMPILER_PATH=/usr/lib/gcc/aarch64-linux-gnu/12/:/usr/lib/gcc/aarch64-linux-gnu/12/:/usr/lib/gcc/aarch64-linux-gnu/:/usr/lib/gcc/aarch64-linux-gnu/12/:/usr/lib/gcc/aarch64-linux-gnu/]
  ignore line: [LIBRARY_PATH=/usr/lib/gcc/aarch64-linux-gnu/12/:/usr/lib/gcc/aarch64-linux-gnu/12/../../../aarch64-linux-gnu/:/usr/lib/gcc/aarch64-linux-gnu/12/../../../../lib/:/lib/aarch64-linux-gnu/:/lib/../lib/:/usr/lib/aarch64-linux-gnu/:/usr/lib/../lib/:/usr/lib/gcc/aarch64-linux-gnu/12/../../../:/lib/:/usr/lib/]
  ignore line: [COLLECT_GCC_OPTIONS='-v' '-o' 'CMakeFiles/cmTC_51e8f.dir/CMakeCCompilerABI.c.o' '-c' '-mlittle-endian' '-mabi=lp64' '-dumpdir' 'CMakeFiles/cmTC_51e8f.dir/CMakeCCompilerABI.c.']
  ignore line: [Linking C executable cmTC_51e8f]
  ignore line: [/usr/bin/cmake -E cmake_link_script CMakeFiles/cmTC_51e8f.dir/link.txt --verbose=1]
  ignore line: [/usr/bin/cc  -v CMakeFiles/cmTC_51e8f.dir/CMakeCCompilerABI.c.o -o cmTC_51e8f ]
  ignore line: [Using built-in specs.]
  ignore line: [COLLECT_GCC=/usr/bin/cc]
  ignore line: [COLLECT_LTO_WRAPPER=/usr/lib/gcc/aarch64-linux-gnu/12/lto-wrapper]
  ignore line: [Target: aarch64-linux-gnu]
  ignore line: [Configured with: ../src/configure -v --with-pkgversion='Debian 12.2.0-14+deb12u1' --with-bugurl=file:///usr/share/doc/gcc-12/README.Bugs --enable-languages=c ada c++ go d fortran objc obj-c++ m2 --prefix=/usr --with-gcc-major-version-only --program-suffix=-12 --program-prefix=aarch64-linux-gnu- --enable-shared --enable-linker-build-id --libexecdir=/usr/lib --without-included-gettext --enable-threads=posix --libdir=/usr/lib --enable-nls --enable-clocale=gnu --enable-libstdcxx-debug --enable-libstdcxx-time=yes --with-default-libstdcxx-abi=new --enable-gnu-unique-object --disable-libquadmath --disable-libquadmath-support --enable-plugin --enable-default-pie --with-system-zlib --enable-libphobos-checking=release --with-target-system-zlib=auto --enable-objc-gc=auto --enable-multiarch --enable-fix-cortex-a53-843419 --disable-werror --enable-checking=release --build=aarch64-linux-gnu --host=aarch64-linux-gnu --target=aarch64-linux-gnu]
  ignore line: [Thread model: posix]
  ignore line: [Supported LTO compression algorithms: zlib zstd]
  ignore line: [gcc version 12.2.0 (Debian 12.2.0-14+deb12u1) ]
  ignore line: [COMPILER_PATH=/usr/lib/gcc/aarch64-linux-gnu/12/:/usr/lib/gcc/aarch64-linux-gnu/12/:/usr/lib/gcc/aarch64-linux-gnu/:/usr/lib/gcc/aarch64-linux-gnu/12/:/usr/lib/gcc/aarch64-linux-gnu/]
  ignore line: [LIBRARY_PATH=/usr/lib/gcc/aarch64-linux-gnu/12/:/usr/lib/gcc/aarch64-linux-gnu/12/../../../aarch64-linux-gnu/:/usr/lib/gcc/aarch64-linux-gnu/12/../../../../lib/:/lib/aarch64-linux-gnu/:/lib/../lib/:/usr/lib/aarch64-linux-gnu/:/usr/lib/../lib/:/usr/lib/gcc/aarch64-linux-gnu/12/../../../:/lib/:/usr/lib/]
  ignore line: [COLLECT_GCC_OPTIONS='-v' '-o' 'cmTC_51e8f' '-mlittle-endian' '-mabi=lp64' '-dumpdir' 'cmTC_51e8f.']
  link line: [ /usr/lib/gcc/aarch64-linux-gnu/12/collect2 -plugin /usr/lib/gcc/aarch64-linux-gnu/12/liblto_plugin.so -plugin-opt=/usr/lib/gcc/aarch64-linux-gnu/12/lto-wrapper -plugin-opt=-fresolution=/tmp/cc14mjNt.res -plugin-opt=-pass-through=-lgcc -plugin-opt=-pass-through=-lgcc_s -plugin-opt=-pass-through=-lc -plugin-opt=-pass-through=-lgcc -plugin-opt=-pass-through=-lgcc_s --build-id --eh-frame-hdr --hash-style=gnu --as-needed -dynamic-linker /lib/ld-linux-aarch64.so.1 -X -EL -maarch64linux --fix-cortex-a53-843419 -pie -o cmTC_51e8f /usr/lib/gcc/aarch64-linux-gnu/12/../../../aarch64-linux-gnu/Scrt1.o /usr/lib/gcc/aarch64-linux-gnu/12/../../../aarch64-linux-gnu/crti.o /usr/lib/gcc/aarch64-linux-gnu/12/crtbeginS.o -L/usr/lib/gcc/aarch64-linux-gnu/12 -L/usr/lib/gcc/aarch64-linux-gnu/12/../../../aarch64-linux-gnu -L/usr/lib/gcc/aarch64-linux-gnu/12/../../../../lib -L/lib/aarch64-linux-gnu -L/lib/../lib -L/usr/lib/aarch64-linux-gnu -L/usr/lib/../lib -L/usr/lib/gcc/aarch64-linux-gnu/12/../../.. CMakeFiles/cmTC_51e8f.dir/CMakeCCompilerABI.c.o -lgcc --push-state --as-needed -lgcc_s --pop-state -lc -lgcc --push-state --as-needed -lgcc_s --pop-state /usr/lib/gcc/aarch64-linux-gnu/12/crtendS.o /usr/lib/gcc/aarch64-linux-gnu/12/../../../aarch64-linux-gnu/crtn.o]
    arg [/usr/lib/gcc/aarch64-linux-gnu/12/collect2] ==> ignore
    arg [-plugin] ==> ignore
    arg [/usr/lib/gcc/aarch64-linux-gnu/12/liblto_plugin.so] ==> ignore
    arg [-plugin-opt=/usr/lib/gcc/aarch64-linux-gnu/12/lto-wrapper] ==> ignore
    arg [-plugin-opt=-fresolution=/tmp/cc14mjNt.res] ==> ignore
    arg [-plugin-opt=-pass-through=-lgcc] ==> ignore
    arg [-plugin-opt=-pass-through=-lgcc_s] ==> ignore
    arg [-plugin-opt=-pass-through=-lc] ==> ignore
    arg [-plugin-opt=-pass-through=-lgcc] ==> ignore
    arg [-plugin-opt=-pass-through=-lgcc_s] ==> ignore
    arg [--build-id] ==> ignore
    arg [--eh-frame-hdr] ==> ignore
    arg [--hash-style=gnu] ==> ignore
    arg [--as-needed] ==> ignore
    arg [-dynamic-linker] ==> ignore
    arg [/lib/ld-linux-aarch64.so.1] ==> ignore
    arg [-X] ==> ignore
    arg [-EL] ==> ignore
    arg [-maarch64linux] ==> ignore
    arg [--fix-cortex-a53-843419] ==> ignore
    arg [-pie] ==> ignore
    arg [-o] ==> ignore
    arg [cmTC_51e8f] ==> ignore
    arg [/usr/lib/gcc/aarch64-linux-gnu/12/../../../aarch64-linux-gnu/Scrt1.o] ==> obj [/usr/lib/gcc/aarch64-linux-gnu/12/../../../aarch64-linux-gnu/Scrt1.o]
    arg [/usr/lib/gcc/aarch64-linux-gnu/12/../../../aarch64-linux-gnu/crti.o] ==> obj [/usr/lib/gcc/aarch64-linux-gnu/12/../../../aarch64-linux-gnu/crti.o]
    arg [/usr/lib/gcc/aarch64-linux-gnu/12/crtbeginS.o] ==> obj [/usr/lib/gcc/aarch64-linux-gnu/12/crtbeginS.o]
    arg [-L/usr/lib/gcc/aarch64-linux-gnu/12] ==> dir [/usr/lib/gcc/aarch64-linux-gnu/12]
    arg [-L/usr/lib/gcc/aarch64-linux-gnu/12/../../../aarch64-linux-gnu] ==> dir [/usr/lib/gcc/aarch64-linux-gnu/12/../../../aarch64-linux-gnu]
    arg [-L/usr/lib/gcc/aarch64-linux-gnu/12/../../../../lib] ==> dir [/usr/lib/gcc/aarch64-linux-gnu/12/../../../../lib]
    arg [-L/lib/aarch64-linux-gnu] ==> dir [/lib/aarch64-linux-gnu]
    arg [-L/lib/../lib] ==> dir [/lib/../lib]
    arg [-L/usr/lib/aarch64-linux-gnu] ==> dir [/usr/lib/aarch64-linux-gnu]
    arg [-L/usr/lib/../lib] ==> dir [/usr/lib/../lib]
    arg [-L/usr/lib/gcc/aarch64-linux-gnu/12/../../..] ==> dir [/usr/lib/gcc/aarch64-linux-gnu/12/../../..]
    arg [CMakeFiles/cmTC_51e8f.dir/CMakeCCompilerABI.c.o] ==> ignore
    arg [-lgcc] ==> lib [gcc]
    arg [--push-state] ==> ignore
    arg [--as-needed] ==> ignore
    arg [-lgcc_s] ==> lib [gcc_s]
    arg [--pop-state] ==> ignore
    arg [-lc] ==> lib [c]
    arg [-lgcc] ==> lib [gcc]
    arg [--push-state] ==> ignore
    arg [--as-needed] ==> ignore
    arg [-lgcc_s] ==> lib [gcc_s]
    arg [--pop-state] ==> ignore
    arg [/usr/lib/gcc/aarch64-linux-gnu/12/crtendS.o] ==> obj [/usr/lib/gcc/aarch64-linux-gnu/12/crtendS.o]
    arg [/usr/lib/gcc/aarch64-linux-gnu/12/../../../aarch64-linux-gnu/crtn.o] ==> obj [/usr/lib/gcc/aarch64-linux-gnu/12/../../../aarch64-linux-gnu/crtn.o]
  collapse obj [/usr/lib/gcc/aarch64-linux-gnu/12/../../../aarch64-linux-gnu/Scrt1.o] ==> [/usr/lib/aarch64-linux-gnu/Scrt1.o]
  collapse obj [/usr/lib/gcc/aarch64-linux-gnu/12/../../../aarch64-linux-gnu/crti.o] ==> [/usr/lib/aarch64-linux-gnu/crti.o]
  collapse obj [/usr/lib/gcc/aarch64-linux-gnu/12/../../../aarch64-linux-gnu/crtn.o] ==> [/usr/lib/aarch64-linux-gnu/crtn.o]
  collapse library dir [/usr/lib/gcc/aarch64-linux-gnu/12] ==> [/usr/lib/gcc/aarch64-linux-gnu/12]
  collapse library dir [/usr/lib/gcc/aarch64-linux-gnu/12/../../../aarch64-linux-gnu] ==> [/usr/lib/aarch64-linux-gnu]
  collapse library dir [/usr/lib/gcc/aarch64-linux-gnu/12/../../../../lib] ==> [/usr/lib]
  collapse library dir [/lib/aarch64-linux-gnu] ==> [/lib/aarch64-linux-gnu]
  collapse library dir [/lib/../lib] ==> [/lib]
  collapse library dir [/usr/lib/aarch64-linux-gnu] ==> [/usr/lib/aarch64-linux-gnu]
  collapse library dir [/usr/lib/../lib] ==> [/usr/lib]
  collapse library dir [/usr/lib/gcc/aarch64-linux-gnu/12/../../..] ==> [/usr/lib]
  implicit libs: [gcc;gcc_s;c;gcc;gcc_s]
  implicit objs: [/usr/lib/aarch64-linux-gnu/Scrt1.o;/usr/lib/aarch64-linux-gnu/crti.o;/usr/lib/gcc/aarch64-linux-gnu/12/crtbeginS.o;/usr/lib/gcc/aarch64-linux-gnu/12/crtendS.o;/usr/lib/aarch64-linux-gnu/crtn.o]
  implicit dirs: [/usr/lib/gcc/aarch64-linux-gnu/12;/usr/lib/aarch64-linux-gnu;/usr/lib;/lib/aarch64-linux-gnu;/lib]
  implicit fwks: []


The system is: Linux - 6.8.0-1050-oracle - aarch64
Compiling the C compiler identification source file "CMakeCCompilerId.c" succeeded.
Compiler: /usr/bin/cc 
Build flags: 
Id flags:  

The output was:
0


Compilation of the C compiler identification source "CMakeCCompilerId.c" produced "a.out"

The C compiler identification is GNU, found in "/home/dev/workspace/workspace/build/CMakeFiles/3.25.1/CompilerIdC/a.out"

Detecting C compiler ABI info compiled with the following output:
Change Dir: /home/dev/workspace/workspace/build/CMakeFiles/CMakeScratch/TryCompile-huacwP

Run Build Command(s):/usr/bin/gmake -f Makefile cmTC_01353/fast && /usr/bin/gmake  -f CMakeFiles/cmTC_01353.dir/build.make CMakeFiles/cmTC_01353.dir/build
gmake[1]: Entering directory '/home/dev/workspace/workspace/build/CMakeFiles/CMakeScratch/TryCompile-huacwP'
Building C object CMakeFiles/cmTC_01353.dir/CMakeCCompilerABI.c.o
/usr/bin/cc   -v -o CMakeFiles/cmTC_01353.dir/CMakeCCompilerABI.c.o -c /usr/share/cmake-3.25/Modules/CMakeCCompilerABI.c
Using built-in specs.
COLLECT_GCC=/usr/bin/cc
Target: aarch64-linux-gnu
Configured with: ../src/configure -v --with-pkgversion='Debian 12.2.0-14+deb12u1' --with-bugurl=file:///usr/share/doc/gcc-12/README.Bugs --enable-languages=c,ada,c++,go,d,fortran,objc,obj-c++,m2 --prefix=/usr --with-gcc-major-version-only --program-suffix=-12 --program-prefix=aarch64-linux-gnu- --enable-shared --enable-linker-build-id --libexecdir=/usr/lib --without-included-gettext --enable-threads=posix --libdir=/usr/lib --enable-nls --enable-clocale=gnu --enable-libstdcxx-debug --enable-libstdcxx-time=yes --with-default-libstdcxx-abi=new --enable-gnu-unique-object --disable-libquadmath --disable-libquadmath-support --enable-plugin --enable-default-pie --with-system-zlib --enable-libphobos-checking=release --with-target-system-zlib=auto --enable-objc-gc=auto --enable-multiarch --enable-fix-cortex-a53-843419 --disable-werror --enable-checking=release --build=aarch64-linux-gnu --host=aarch64-linux-gnu --target=aarch64-linux-gnu
Thread model: posix
Supported LTO compression algorithms: zlib zstd
gcc version 12.2.0 (Debian 12.2.0-14+deb12u1) 
COLLECT_GCC_OPTIONS='-v' '-o' 'CMakeFiles/cmTC_01353.dir/CMakeCCompilerABI.c.o' '-c' '-mlittle-endian' '-mabi=lp64' '-dumpdir' 'CMakeFiles/cmTC_01353.dir/'
 /usr/lib/gcc/aarch64-linux-gnu/12/cc1 -quiet -v -imultiarch aarch64-linux-gnu /usr/share/cmake-3.25/Modules/CMakeCCompilerABI.c -quiet -dumpdir CMakeFiles/cmTC_01353.dir/ -dumpbase CMakeCCompilerABI.c.c -dumpbase-ext .c -mlittle-endian -mabi=lp64 -version -fasynchronous-unwind-tables -o /tmp/ccZyIfqL.s
GNU C17 (Debian 12.2.0-14+deb12u1) version 12.2.0 (aarch64-linux-gnu)
	compiled by GNU C version 12.2.0, GMP version 6.2.1, MPFR version 4.2.0, MPC version 1.3.1, isl version isl-0.25-GMP

GGC heuristics: --param ggc-min-expand=100 --param ggc-min-heapsize=131072
ignoring nonexistent directory "/usr/local/include/aarch64-linux-gnu"
ignoring nonexistent directory "/usr/lib/gcc/aarch64-linux-gnu/12/include-fixed"
ignoring nonexistent directory "/usr/lib/gcc/aarch64-linux-gnu/12/../../../../aarch64-linux-gnu/include"
#include "..." search starts here:
#include <...> search starts here:
 /usr/lib/gcc/aarch64-linux-gnu/12/include
 /usr/local/include
 /usr/include/aarch64-linux-gnu
 /usr/include
End of search list.
GNU C17 (Debian 12.2.0-14+deb12u1) version 12.2.0 (aarch64-linux-gnu)
	compiled by GNU C version 12.2.0, GMP version 6.2.1, MPFR version 4.2.0, MPC version 1.3.1, isl version isl-0.25-GMP

GGC heuristics: --param ggc-min-expand=100 --param ggc-min-heapsize=131072
Compiler executable checksum: 353d9f3bda0709922bce3bd32cc6f6a4
COLLECT_GCC_OPTIONS='-v' '-o' 'CMakeFiles/cmTC_01353.dir/CMakeCCompilerABI.c.o' '-c' '-mlittle-endian' '-mabi=lp64' '-dumpdir' 'CMakeFiles/cmTC_01353.dir/'
 as -v -EL -mabi=lp64 -o CMakeFiles/cmTC_01353.dir/CMakeCCompilerABI.c.o /tmp/ccZyIfqL.s
GNU assembler version 2.40 (aarch64-linux-gnu) using BFD version (GNU Binutils for Debian) 2.40
COMPILER_PATH=/usr/lib/gcc/aarch64-linux-gnu/12/:/usr/lib/gcc/aarch64-linux-gnu/12/:/usr/lib/gcc/aarch64-linux-gnu/:/usr/lib/gcc/aarch64-linux-gnu/12/:/usr/lib/gcc/aarch64-linux-gnu/
LIBRARY_PATH=/usr/lib/gcc/aarch64-linux-gnu/12/:/usr/lib/gcc/aarch64-linux-gnu/12/../../../aarch64-linux-gnu/:/usr/lib/gcc/aarch64-linux-gnu/12/../../../../lib/:/lib/aarch64-linux-gnu/:/lib/../lib/:/usr/lib/aarch64-linux-gnu/:/usr/lib/../lib/:/usr/lib/gcc/aarch64-linux-gnu/12/../../../:/lib/:/usr/lib/
COLLECT_GCC_OPTIONS='-v' '-o' 'CMakeFiles/cmTC_01353.dir/CMakeCCompilerABI.c.o' '-c' '-mlittle-endian' '-mabi=lp64' '-dumpdir' 'CMakeFiles/cmTC_01353.dir/CMakeCCompilerABI.c.'
Linking C executable cmTC_01353
/usr/bin/cmake -E cmake_link_script CMakeFiles/cmTC_01353.dir/link.txt --verbose=1
/usr/bin/cc  -v CMakeFiles/cmTC_01353.dir/CMakeCCompilerABI.c.o -o cmTC_01353 
Using built-in specs.
COLLECT_GCC=/usr/bin/cc
COLLECT_LTO_WRAPPER=/usr/lib/gcc/aarch64-linux-gnu/12/lto-wrapper
Target: aarch64-linux-gnu
Configured with: ../src/configure -v --with-pkgversion='Debian 12.2.0-14+deb12u1' --with-bugurl=file:///usr/share/doc/gcc-12/README.Bugs --enable-languages=c,ada,c++,go,d,fortran,objc,obj-c++,m2 --prefix=/usr --with-gcc-major-version-only --program-suffix=-12 --program-prefix=aarch64-linux-gnu- --enable-shared --enable-linker-build-id --libexecdir=/usr/lib --without-included-gettext --enable-threads=posix --libdir=/usr/lib --enable-nls --enable-clocale=gnu --enable-libstdcxx-debug --enable-libstdcxx-time=yes --with-default-libstdcxx-abi=new --enable-gnu-unique-object --disable-libquadmath --disable-libquadmath-support --enable-plugin --enable-default-pie --with-system-zlib --enable-libphobos-checking=release --with-target-system-zlib=auto --enable-objc-gc=auto --enable-multiarch --enable-fix-cortex-a53-843419 --disable-werror --enable-checking=release --build=aarch64-linux-gnu --host=aarch64-linux-gnu --target=aarch64-linux-gnu
Thread model: posix
Supported LTO compression algorithms: zlib zstd
gcc version 12.2.0 (Debian 12.2.0-14+deb12u1) 
COMPILER_PATH=/usr/lib/gcc/aarch64-linux-gnu/12/:/usr/lib/gcc/aarch64-linux-gnu/12/:/usr/lib/gcc/aarch64-linux-gnu/:/usr/lib/gcc/aarch64-linux-gnu/12/:/usr/lib/gcc/aarch64-linux-gnu/
LIBRARY_PATH=/usr/lib/gcc/aarch64-linux-gnu/12/:/usr/lib/gcc/aarch64-linux-gnu/12/../../../aarch64-linux-gnu/:/usr/lib/gcc/aarch64-linux-gnu/12/../../../../lib/:/lib/aarch64-linux-gnu/:/lib/../lib/:/usr/lib/aarch64-linux-gnu/:/usr/lib/../lib/:/usr/lib/gcc/aarch64-linux-gnu/12/../../../:/lib/:/usr/lib/
COLLECT_GCC_OPTIONS='-v' '-o' 'cmTC_01353' '-mlittle-endian' '-mabi=lp64' '-dumpdir' 'cmTC_01353.'
 /usr/lib/gcc/aarch64-linux-gnu/12/collect2 -plugin /usr/lib/gcc/aarch64-linux-gnu/12/liblto_plugin.so -plugin-opt=/usr/lib/gcc/aarch64-linux-gnu/12/lto-wrapper -plugin-opt=-fresolution=/tmp/ccofMznP.res -plugin-opt=-pass-through=-lgcc -plugin-opt=-pass-through=-lgcc_s -plugin-opt=-pass-through=-lc -plugin-opt=-pass-through=-lgcc -plugin-opt=-pass-through=-lgcc_s --build-id --eh-frame-hdr --hash-style=gnu --as-needed -dynamic-linker /lib/ld-linux-aarch64.so.1 -X -EL -maarch64linux --fix-cortex-a53-843419 -pie -o cmTC_01353 /usr/lib/gcc/aarch64-linux-gnu/12/../../../aarch64-linux-gnu/Scrt1.o /usr/lib/gcc/aarch64-linux-gnu/12/../../../aarch64-linux-gnu/crti.o /usr/lib/gcc/aarch64-linux-gnu/12/crtbeginS.o -L/usr/lib/gcc/aarch64-linux-gnu/12 -L/usr/lib/gcc/aarch64-linux-gnu/12/../../../aarch64-linux-gnu -L/usr/lib/gcc/aarch64-linux-gnu/12/../../../../lib -L/lib/aarch64-linux-gnu -L/lib/../lib -L/usr/lib/aarch64-linux-gnu -L/usr/lib/../lib -L/usr/lib/gcc/aarch64-linux-gnu/12/../../.. CMakeFiles/cmTC_01353.dir/CMakeCCompilerABI.c.o -lgcc --push-state --as-needed -lgcc_s --pop-state -lc -lgcc --push-state --as-needed -lgcc_s --pop-state /usr/lib/gcc/aarch64-linux-gnu/12/crtendS.o /usr/lib/gcc/aarch64-linux-gnu/12/../../../aarch64-linux-gnu/crtn.o
COLLECT_GCC_OPTIONS='-v' '-o' 'cmTC_01353' '-mlittle-endian' '-mabi=lp64' '-dumpdir' 'cmTC_01353.'
gmake[1]: Leaving directory '/home/dev/workspace/workspace/build/CMakeFiles/CMakeScratch/TryCompile-huacwP'



Parsed C implicit include dir info from above output: rv=done
  found start of include info
  found start of implicit include info
    add: [/usr/lib/gcc/aarch64-linux-gnu/12/include]
    add: [/usr/local/include]
    add: [/usr/include/aarch64-linux-gnu]
    add: [/usr/include]
  end of search list found
  collapse include dir [/usr/lib/gcc/aarch64-linux-gnu/12/include] ==> [/usr/lib/gcc/aarch64-linux-gnu/12/include]
  collapse include dir [/usr/local/include] ==> [/usr/local/include]
  collapse include dir [/usr/include/aarch64-linux-gnu] ==> [/usr/include/aarch64-linux-gnu]
  collapse include dir [/usr/include] ==> [/usr/include]
  implicit include dirs: [/usr/lib/gcc/aarch64-linux-gnu/12/include;/usr/local/include;/usr/include/aarch64-linux-gnu;/usr/include]


Parsed C implicit link information from above output:
  link line regex: [^( *|.*[/\])(ld|CMAKE_LINK_STARTFILE-NOTFOUND|([^/\]+-)?ld|collect2)[^/\]*( |$)]
  ignore line: [Change Dir: /home/dev/workspace/workspace/build/CMakeFiles/CMakeScratch/TryCompile-huacwP]
  ignore line: []
  ignore line: [Run Build Command(s):/usr/bin/gmake -f Makefile cmTC_01353/fast && /usr/bin/gmake  -f CMakeFiles/cmTC_01353.dir/build.make CMakeFiles/cmTC_01353.dir/build]
  ignore line: [gmake[1]: Entering directory '/home/dev/workspace/workspace/build/CMakeFiles/CMakeScratch/TryCompile-huacwP']
  ignore line: [Building C object CMakeFiles/cmTC_01353.dir/CMakeCCompilerABI.c.o]
  ignore line: [/usr/bin/cc   -v -o CMakeFiles/cmTC_01353.dir/CMakeCCompilerABI.c.o -c /usr/share/cmake-3.25/Modules/CMakeCCompilerABI.c]
  ignore line: [Using built-in specs.]
  ignore line: [COLLECT_GCC=/usr/bin/cc]
  ignore line: [Target: aarch64-linux-gnu]
  ignore line: [Configured with: ../src/configure -v --with-pkgversion='Debian 12.2.0-14+deb12u1' --with-bugurl=file:///usr/share/doc/gcc-12/README.Bugs --enable-languages=c ada c++ go d fortran objc obj-c++ m2 --prefix=/usr --with-gcc-major-version-only --program-suffix=-12 --program-prefix=aarch64-linux-gnu- --enable-shared --enable-linker-build-id --libexecdir=/usr/lib --without-included-gettext --enable-threads=posix --libdir=/usr/lib --enable-nls --enable-clocale=gnu --enable-libstdcxx-debug --enable-libstdcxx-time=yes --with-default-libstdcxx-abi=new --enable-gnu-unique-object --disable-libquadmath --disable-libquadmath-support --enable-plugin --enable-default-pie --with-system-zlib --enable-libphobos-checking=release --with-target-system-zlib=auto --enable-objc-gc=auto --enable-multiarch --enable-fix-cortex-a53-843419 --disable-werror --enable-checking=release --build=aarch64-linux-gnu --host=aarch64-linux-gnu --target=aarch64-linux-gnu]
  ignore line: [Thread model: posix]
  ignore line: [Supported LTO compression algorithms: zlib zstd]
  ignore line: [gcc version 12.2.0 (Debian 12.2.0-14+deb12u1) ]
  ignore line: [COLLECT_GCC_OPTIONS='-v' '-o' 'CMakeFiles/cmTC_01353.dir/CMakeCCompilerABI.c.o' '-c' '-mlittle-endian' '-mabi=lp64' '-dumpdir' 'CMakeFiles/cmTC_01353.dir/']
  ignore line: [ /usr/lib/gcc/aarch64-linux-gnu/12/cc1 -quiet -v -imultiarch aarch64-linux-gnu /usr/share/cmake-3.25/Modules/CMakeCCompilerABI.c -quiet -dumpdir CMakeFiles/cmTC_01353.dir/ -dumpbase CMakeCCompilerABI.c.c -dumpbase-ext .c -mlittle-endian -mabi=lp64 -version -fasynchronous-unwind-tables -o /tmp/ccZyIfqL.s]
  ignore line: [GNU C17 (Debian 12.2.0-14+deb12u1) version 12.2.0 (aarch64-linux-gnu)]
  ignore line: [	compiled by GNU C version 12.2.0  GMP version 6.2.1  MPFR version 4.2.0  MPC version 1.3.1  isl version isl-0.25-GMP]
  ignore line: []
  ignore line: [GGC heuristics: --param ggc-min-expand=100 --param ggc-min-heapsize=131072]
  ignore line: [ignoring nonexistent directory "/usr/local/include/aarch64-linux-gnu"]
  ignore line: [ignoring nonexistent directory "/usr/lib/gcc/aarch64-linux-gnu/12/include-fixed"]
  ignore line: [ignoring nonexistent directory "/usr/lib/gcc/aarch64-linux-gnu/12/../../../../aarch64-linux-gnu/include"]
  ignore line: [#include "..." search starts here:]
  ignore line: [#include <...> search starts here:]
  ignore line: [ /usr/lib/gcc/aarch64-linux-gnu/12/include]
  ignore line: [ /usr/local/include]
  ignore line: [ /usr/include/aarch64-linux-gnu]
  ignore line: [ /usr/include]
  ignore line: [End of search list.]
  ignore line: [GNU C17 (Debian 12.2.0-14+deb12u1) version 12.2.0 (aarch64-linux-gnu)]
  ignore line: [	compiled by GNU C version 12.2.0  GMP version 6.2.1  MPFR version 4.2.0  MPC version 1.3.1  isl version isl-0.25-GMP]
  ignore line: []
  ignore line: [GGC heuristics: --param ggc-min-expand=100 --param ggc-min-heapsize=131072]
  ignore line: [Compiler executable checksum: 353d9f3bda0709922bce3bd32cc6f6a4]
  ignore line: [COLLECT_GCC_OPTIONS='-v' '-o' 'CMakeFiles/cmTC_01353.dir/CMakeCCompilerABI.c.o' '-c' '-mlittle-endian' '-mabi=lp64' '-dumpdir' 'CMakeFiles/cmTC_01353.dir/']
  ignore line: [ as -v -EL -mabi=lp64 -o CMakeFiles/cmTC_01353.dir/CMakeCCompilerABI.c.o /tmp/ccZyIfqL.s]
  ignore line: [GNU assembler version 2.40 (aarch64-linux-gnu) using BFD version (GNU Binutils for Debian) 2.40]
  ignore line: [COMPILER_PATH=/usr/lib/gcc/aarch64-linux-gnu/12/:/usr/lib/gcc/aarch64-linux-gnu/12/:/usr/lib/gcc/aarch64-linux-gnu/:/usr/lib/gcc/aarch64-linux-gnu/12/:/usr/lib/gcc/aarch64-linux-gnu/]
  ignore line: [LIBRARY_PATH=/usr/lib/gcc/aarch64-linux-gnu/12/:/usr/lib/gcc/aarch64-linux-gnu/12/../../../aarch64-linux-gnu/:/usr/lib/gcc/aarch64-linux-gnu/12/../../../../lib/:/lib/aarch64-linux-gnu/:/lib/../lib/:/usr/lib/aarch64-linux-gnu/:/usr/lib/../lib/:/usr/lib/gcc/aarch64-linux-gnu/12/../../../:/lib/:/usr/lib/]
  ignore line: [COLLECT_GCC_OPTIONS='-v' '-o' 'CMakeFiles/cmTC_01353.dir/CMakeCCompilerABI.c.o' '-c' '-mlittle-endian' '-mabi=lp64' '-dumpdir' 'CMakeFiles/cmTC_01353.dir/CMakeCCompilerABI.c.']
  ignore line: [Linking C executable cmTC_01353]
  ignore line: [/usr/bin/cmake -E cmake_link_script CMakeFiles/cmTC_01353.dir/link.txt --verbose=1]
  ignore line: [/usr/bin/cc  -v CMakeFiles/cmTC_01353.dir/CMakeCCompilerABI.c.o -o cmTC_01353 ]
  ignore line: [Using built-in specs.]
  ignore line: [COLLECT_GCC=/usr/bin/cc]
  ignore line: [COLLECT_LTO_WRAPPER=/usr/lib/gcc/aarch64-linux-gnu/12/lto-wrapper]
  ignore line: [Target: aarch64-linux-gnu]
  ignore line: [Configured with: ../src/configure -v --with-pkgversion='Debian 12.2.0-14+deb12u1' --with-bugurl=file:///usr/share/doc/gcc-12/README.Bugs --enable-languages=c ada c++ go d fortran objc obj-c++ m2 --prefix=/usr --with-gcc-major-version-only --program-suffix=-12 --program-prefix=aarch64-linux-gnu- --enable-shared --enable-linker-build-id --libexecdir=/usr/lib --without-included-gettext --enable-threads=posix --libdir=/usr/lib --enable-nls --enable-clocale=gnu --enable-libstdcxx-debug --enable-libstdcxx-time=yes --with-default-libstdcxx-abi=new --enable-gnu-unique-object --disable-libquadmath --disable-libquadmath-support --enable-plugin --enable-default-pie --with-system-zlib --enable-libphobos-checking=release --with-target-system-zlib=auto --enable-objc-gc=auto --enable-multiarch --enable-fix-cortex-a53-843419 --disable-werror --enable-checking=release --build=aarch64-linux-gnu --host=aarch64-linux-gnu --target=aarch64-linux-gnu]
  ignore line: [Thread model: posix]
  ignore line: [Supported LTO compression algorithms: zlib zstd]
  ignore line: [gcc version 12.2.0 (Debian 12.2.0-14+deb12u1) ]
  ignore line: [COMPILER_PATH=/usr/lib/gcc/aarch64-linux-gnu/12/:/usr/lib/gcc/aarch64-linux-gnu/12/:/usr/lib/gcc/aarch64-linux-gnu/:/usr/lib/gcc/aarch64-linux-gnu/12/:/usr/lib/gcc/aarch64-linux-gnu/]
  ignore line: [LIBRARY_PATH=/usr/lib/gcc/aarch64-linux-gnu/12/:/usr/lib/gcc/aarch64-linux-gnu/12/../../../aarch64-linux-gnu/:/usr/lib/gcc/aarch64-linux-gnu/12/../../../../lib/:/lib/aarch64-linux-gnu/:/lib/../lib/:/usr/lib/aarch64-linux-gnu/:/usr/lib/../lib/:/usr/lib/gcc/aarch64-linux-gnu/12/../../../:/lib/:/usr/lib/]
  ignore line: [COLLECT_GCC_OPTIONS='-v' '-o' 'cmTC_01353' '-mlittle-endian' '-mabi=lp64' '-dumpdir' 'cmTC_01353.']
  link line: [ /usr/lib/gcc/aarch64-linux-gnu/12/collect2 -plugin /usr/lib/gcc/aarch64-linux-gnu/12/liblto_plugin.so -plugin-opt=/usr/lib/gcc/aarch64-linux-gnu/12/lto-wrapper -plugin-opt=-fresolution=/tmp/ccofMznP.res -plugin-opt=-pass-through=-lgcc -plugin-opt=-pass-through=-lgcc_s -plugin-opt=-pass-through=-lc -plugin-opt=-pass-through=-lgcc -plugin-opt=-pass-through=-lgcc_s --build-id --eh-frame-hdr --hash-style=gnu --as-needed -dynamic-linker /lib/ld-linux-aarch64.so.1 -X -EL -maarch64linux --fix-cortex-a53-843419 -pie -o cmTC_01353 /usr/lib/gcc/aarch64-linux-gnu/12/../../../aarch64-linux-gnu/Scrt1.o /usr/lib/gcc/aarch64-linux-gnu/12/../../../aarch64-linux-gnu/crti.o /usr/lib/gcc/aarch64-linux-gnu/12/crtbeginS.o -L/usr/lib/gcc/aarch64-linux-gnu/12 -L/usr/lib/gcc/aarch64-linux-gnu/12/../../../aarch64-linux-gnu -L/usr/lib/gcc/aarch64-linux-gnu/12/../../../../lib -L/lib/aarch64-linux-gnu -L/lib/../lib -L/usr/lib/aarch64-linux-gnu -L/usr/lib/../lib -L/usr/lib/gcc/aarch64-linux-gnu/12/../../.. CMakeFiles/cmTC_01353.dir/CMakeCCompilerABI.c.o -lgcc --push-state --as-needed -lgcc_s --pop-state -lc -lgcc --push-state --as-needed -lgcc_s --pop-state /usr/lib/gcc/aarch64-linux-gnu/12/crtendS.o /usr/lib/gcc/aarch64-linux-gnu/12/../../../aarch64-linux-gnu/crtn.o]
    arg [/usr/lib/gcc/aarch64-linux-gnu/12/collect2] ==> ignore
    arg [-plugin] ==> ignore
    arg [/usr/lib/gcc/aarch64-linux-gnu/12/liblto_plugin.so] ==> ignore
    arg [-plugin-opt=/usr/lib/gcc/aarch64-linux-gnu/12/lto-wrapper] ==> ignore
    arg [-plugin-opt=-fresolution=/tmp/ccofMznP.res] ==> ignore
    arg [-plugin-opt=-pass-through=-lgcc] ==> ignore
    arg [-plugin-opt=-pass-through=-lgcc_s] ==> ignore
    arg [-plugin-opt=-pass-through=-lc] ==> ignore
    arg [-plugin-opt=-pass-through=-lgcc] ==> ignore
    arg [-plugin-opt=-pass-through=-lgcc_s] ==> ignore
    arg [--build-id] ==> ignore
    arg [--eh-frame-hdr] ==> ignore
    arg [--hash-style=gnu] ==> ignore
    arg [--as-needed] ==> ignore
    arg [-dynamic-linker] ==> ignore
    arg [/lib/ld-linux-aarch64.so.1] ==> ignore
    arg [-X] ==> ignore
    arg [-EL] ==> ignore
    arg [-maarch64linux] ==> ignore
    arg [--fix-cortex-a53-843419] ==> ignore
    arg [-pie] ==> ignore
    arg [-o] ==> ignore
    arg [cmTC_01353] ==> ignore
    arg [/usr/lib/gcc/aarch64-linux-gnu/12/../../../aarch64-linux-gnu/Scrt1.o] ==> obj [/usr/lib/gcc/aarch64-linux-gnu/12/../../../aarch64-linux-gnu/Scrt1.o]
    arg [/usr/lib/gcc/aarch64-linux-gnu/12/../../../aarch64-linux-gnu/crti.o] ==> obj [/usr/lib/gcc/aarch64-linux-gnu/12/../../../aarch64-linux-gnu/crti.o]
    arg [/usr/lib/gcc/aarch64-linux-gnu/12/crtbeginS.o] ==> obj [/usr/lib/gcc/aarch64-linux-gnu/12/crtbeginS.o]
    arg [-L/usr/lib/gcc/aarch64-linux-gnu/12] ==> dir [/usr/lib/gcc/aarch64-linux-gnu/12]
    arg [-L/usr/lib/gcc/aarch64-linux-gnu/12/../../../aarch64-linux-gnu] ==> dir [/usr/lib/gcc/aarch64-linux-gnu/12/../../../aarch64-linux-gnu]
    arg [-L/usr/lib/gcc/aarch64-linux-gnu/12/../../../../lib] ==> dir [/usr/lib/gcc/aarch64-linux-gnu/12/../../../../lib]
    arg [-L/lib/aarch64-linux-gnu] ==> dir [/lib/aarch64-linux-gnu]
    arg [-L/lib/../lib] ==> dir [/lib/../lib]
    arg [-L/usr/lib/aarch64-linux-gnu] ==> dir [/usr/lib/aarch64-linux-gnu]
    arg [-L/usr/lib/../lib] ==> dir [/usr/lib/../lib]
    arg [-L/usr/lib/gcc/aarch64-linux-gnu/12/../../..] ==> dir [/usr/lib/gcc/aarch64-linux-gnu/12/../../..]
    arg [CMakeFiles/cmTC_01353.dir/CMakeCCompilerABI.c.o] ==> ignore
    arg [-lgcc] ==> lib [gcc]
    arg [--push-state] ==> ignore
    arg [--as-needed] ==> ignore
    arg [-lgcc_s] ==> lib [gcc_s]
    arg [--pop-state] ==> ignore
    arg [-lc] ==> lib [c]
    arg [-lgcc] ==> lib [gcc]
    arg [--push-state] ==> ignore
    arg [--as-needed] ==> ignore
    arg [-lgcc_s] ==> lib [gcc_s]
    arg [--pop-state] ==> ignore
    arg [/usr/lib/gcc/aarch64-linux-gnu/12/crtendS.o] ==> obj [/usr/lib/gcc/aarch64-linux-gnu/12/crtendS.o]
    arg [/usr/lib/gcc/aarch64-linux-gnu/12/../../../aarch64-linux-gnu/crtn.o] ==> obj [/usr/lib/gcc/aarch64-linux-gnu/12/../../../aarch64-linux-gnu/crtn.o]
  collapse obj [/usr/lib/gcc/aarch64-linux-gnu/12/../../../aarch64-linux-gnu/Scrt1.o] ==> [/usr/lib/aarch64-linux-gnu/Scrt1.o]
  collapse obj [/usr/lib/gcc/aarch64-linux-gnu/12/../../../aarch64-linux-gnu/crti.o] ==> [/usr/lib/aarch64-linux-gnu/crti.o]
  collapse obj [/usr/lib/gcc/aarch64-linux-gnu/12/../../../aarch64-linux-gnu/crtn.o] ==> [/usr/lib/aarch64-linux-gnu/crtn.o]
  collapse library dir [/usr/lib/gcc/aarch64-linux-gnu/12] ==> [/usr/lib/gcc/aarch64-linux-gnu/12]
  collapse library dir [/usr/lib/gcc/aarch64-linux-gnu/12/../../../aarch64-linux-gnu] ==> [/usr/lib/aarch64-linux-gnu]
  collapse library dir [/usr/lib/gcc/aarch64-linux-gnu/12/../../../../lib] ==> [/usr/lib]
  collapse library dir [/lib/aarch64-linux-gnu] ==> [/lib/aarch64-linux-gnu]
  collapse library dir [/lib/../lib] ==> [/lib]
  collapse library dir [/usr/lib/aarch64-linux-gnu] ==> [/usr/lib/aarch64-linux-gnu]
  collapse library dir [/usr/lib/../lib] ==> [/usr/lib]
  collapse library dir [/usr/lib/gcc/aarch64-linux-gnu/12/../../..] ==> [/usr/lib]
  implicit libs: [gcc;gcc_s;c;gcc;gcc_s]
  implicit objs: [/usr/lib/aarch64-linux-gnu/Scrt1.o;/usr/lib/aarch64-linux-gnu/crti.o;/usr/lib/gcc/aarch64-linux-gnu/12/crtbeginS.o;/usr/lib/gcc/aarch64-linux-gnu/12/crtendS.o;/usr/lib/aarch64-linux-gnu/crtn.o]
  implicit dirs: [/usr/lib/gcc/aarch64-linux-gnu/12;/usr/lib/aarch64-linux-gnu;/usr/lib;/lib/aarch64-linux-gnu;/lib]
  implicit fwks: []


The system is: Linux - 6.8.0-1050-oracle - aarch64
Compiling the C compiler identification source file "CMakeCCompilerId.c" succeeded.
Compiler: /usr/bin/cc 
Build flags: 
Id flags:  

The output was:
0


Compilation of the C compiler identification source "CMakeCCompilerId.c" produced "a.out"

The C compiler identification is GNU, found in "/home/dev/workspace/workspace/build/CMakeFiles/3.25.1/CompilerIdC/a.out"

Detecting C compiler ABI info compiled with the following output:
Change Dir: /home/dev/workspace/workspace/build/CMakeFiles/CMakeScratch/TryCompile-FFkOtu

Run Build Command(s):/usr/bin/gmake -f Makefile cmTC_b3634/fast && /usr/bin/gmake  -f CMakeFiles/cmTC_b3634.dir/build.make CMakeFiles/cmTC_b3634.dir/build
gmake[1]: Entering directory '/home/dev/workspace/workspace/build/CMakeFiles/CMakeScratch/TryCompile-FFkOtu'
Building C object CMakeFiles/cmTC_b3634.dir/CMakeCCompilerABI.c.o
/usr/bin/cc   -v -o CMakeFiles/cmTC_b3634.dir/CMakeCCompilerABI.c.o -c /usr/share/cmake-3.25/Modules/CMakeCCompilerABI.c
Using built-in specs.
COLLECT_GCC=/usr/bin/cc
Target: aarch64-linux-gnu
Configured with: ../src/configure -v --with-pkgversion='Debian 12.2.0-14+deb12u1' --with-bugurl=file:///usr/share/doc/gcc-12/README.Bugs --enable-languages=c,ada,c++,go,d,fortran,objc,obj-c++,m2 --prefix=/usr --with-gcc-major-version-only --program-suffix=-12 --program-prefix=aarch64-linux-gnu- --enable-shared --enable-linker-build-id --libexecdir=/usr/lib --without-included-gettext --enable-threads=posix --libdir=/usr/lib --enable-nls --enable-clocale=gnu --enable-libstdcxx-debug --enable-libstdcxx-time=yes --with-default-libstdcxx-abi=new --enable-gnu-unique-object --disable-libquadmath --disable-libquadmath-support --enable-plugin --enable-default-pie --with-system-zlib --enable-libphobos-checking=release --with-target-system-zlib=auto --enable-objc-gc=auto --enable-multiarch --enable-fix-cortex-a53-843419 --disable-werror --enable-checking=release --build=aarch64-linux-gnu --host=aarch64-linux-gnu --target=aarch64-linux-gnu
Thread model: posix
Supported LTO compression algorithms: zlib zstd
gcc version 12.2.0 (Debian 12.2.0-14+deb12u1) 
COLLECT_GCC_OPTIONS='-v' '-o' 'CMakeFiles/cmTC_b3634.dir/CMakeCCompilerABI.c.o' '-c' '-mlittle-endian' '-mabi=lp64' '-dumpdir' 'CMakeFiles/cmTC_b3634.dir/'
 /usr/lib/gcc/aarch64-linux-gnu/12/cc1 -quiet -v -imultiarch aarch64-linux-gnu /usr/share/cmake-3.25/Modules/CMakeCCompilerABI.c -quiet -dumpdir CMakeFiles/cmTC_b3634.dir/ -dumpbase CMakeCCompilerABI.c.c -dumpbase-ext .c -mlittle-endian -mabi=lp64 -version -fasynchronous-unwind-tables -o /tmp/ccTzAYoH.s
GNU C17 (Debian 12.2.0-14+deb12u1) version 12.2.0 (aarch64-linux-gnu)
	compiled by GNU C version 12.2.0, GMP version 6.2.1, MPFR version 4.2.0, MPC version 1.3.1, isl version isl-0.25-GMP

GGC heuristics: --param ggc-min-expand=100 --param ggc-min-heapsize=131072
ignoring nonexistent directory "/usr/local/include/aarch64-linux-gnu"
ignoring nonexistent directory "/usr/lib/gcc/aarch64-linux-gnu/12/include-fixed"
ignoring nonexistent directory "/usr/lib/gcc/aarch64-linux-gnu/12/../../../../aarch64-linux-gnu/include"
#include "..." search starts here:
#include <...> search starts here:
 /usr/lib/gcc/aarch64-linux-gnu/12/include
 /usr/local/include
 /usr/include/aarch64-linux-gnu
 /usr/include
End of search list.
GNU C17 (Debian 12.2.0-14+deb12u1) version 12.2.0 (aarch64-linux-gnu)
	compiled by GNU C version 12.2.0, GMP version 6.2.1, MPFR version 4.2.0, MPC version 1.3.1, isl version isl-0.25-GMP

GGC heuristics: --param ggc-min-expand=100 --param ggc-min-heapsize=131072
Compiler executable checksum: 353d9f3bda0709922bce3bd32cc6f6a4
COLLECT_GCC_OPTIONS='-v' '-o' 'CMakeFiles/cmTC_b3634.dir/CMakeCCompilerABI.c.o' '-c' '-mlittle-endian' '-mabi=lp64' '-dumpdir' 'CMakeFiles/cmTC_b3634.dir/'
 as -v -EL -mabi=lp64 -o CMakeFiles/cmTC_b3634.dir/CMakeCCompilerABI.c.o /tmp/ccTzAYoH.s
GNU assembler version 2.40 (aarch64-linux-gnu) using BFD version (GNU Binutils for Debian) 2.40
COMPILER_PATH=/usr/lib/gcc/aarch64-linux-gnu/12/:/usr/lib/gcc/aarch64-linux-gnu/12/:/usr/lib/gcc/aarch64-linux-gnu/:/usr/lib/gcc/aarch64-linux-gnu/12/:/usr/lib/gcc/aarch64-linux-gnu/
LIBRARY_PATH=/usr/lib/gcc/aarch64-linux-gnu/12/:/usr/lib/gcc/aarch64-linux-gnu/12/../../../aarch64-linux-gnu/:/usr/lib/gcc/aarch64-linux-gnu/12/../../../../lib/:/lib/aarch64-linux-gnu/:/lib/../lib/:/usr/lib/aarch64-linux-gnu/:/usr/lib/../lib/:/usr/lib/gcc/aarch64-linux-gnu/12/../../../:/lib/:/usr/lib/
COLLECT_GCC_OPTIONS='-v' '-o' 'CMakeFiles/cmTC_b3634.dir/CMakeCCompilerABI.c.o' '-c' '-mlittle-endian' '-mabi=lp64' '-dumpdir' 'CMakeFiles/cmTC_b3634.dir/CMakeCCompilerABI.c.'
Linking C executable cmTC_b3634
/usr/bin/cmake -E cmake_link_script CMakeFiles/cmTC_b3634.dir/link.txt --verbose=1
/usr/bin/cc  -v CMakeFiles/cmTC_b3634.dir/CMakeCCompilerABI.c.o -o cmTC_b3634 
Using built-in specs.
COLLECT_GCC=/usr/bin/cc
COLLECT_LTO_WRAPPER=/usr/lib/gcc/aarch64-linux-gnu/12/lto-wrapper
Target: aarch64-linux-gnu
Configured with: ../src/configure -v --with-pkgversion='Debian 12.2.0-14+deb12u1' --with-bugurl=file:///usr/share/doc/gcc-12/README.Bugs --enable-languages=c,ada,c++,go,d,fortran,objc,obj-c++,m2 --prefix=/usr --with-gcc-major-version-only --program-suffix=-12 --program-prefix=aarch64-linux-gnu- --enable-shared --enable-linker-build-id --libexecdir=/usr/lib --without-included-gettext --enable-threads=posix --libdir=/usr/lib --enable-nls --enable-clocale=gnu --enable-libstdcxx-debug --enable-libstdcxx-time=yes --with-default-libstdcxx-abi=new --enable-gnu-unique-object --disable-libquadmath --disable-libquadmath-support --enable-plugin --enable-default-pie --with-system-zlib --enable-libphobos-checking=release --with-target-system-zlib=auto --enable-objc-gc=auto --enable-multiarch --enable-fix-cortex-a53-843419 --disable-werror --enable-checking=release --build=aarch64-linux-gnu --host=aarch64-linux-gnu --target=aarch64-linux-gnu
Thread model: posix
Supported LTO compression algorithms: zlib zstd
gcc version 12.2.0 (Debian 12.2.0-14+deb12u1) 
COMPILER_PATH=/usr/lib/gcc/aarch64-linux-gnu/12/:/usr/lib/gcc/aarch64-linux-gnu/12/:/usr/lib/gcc/aarch64-linux-gnu/:/usr/lib/gcc/aarch64-linux-gnu/12/:/usr/lib/gcc/aarch64-linux-gnu/
LIBRARY_PATH=/usr/lib/gcc/aarch64-linux-gnu/12/:/usr/lib/gcc/aarch64-linux-gnu/12/../../../aarch64-linux-gnu/:/usr/lib/gcc/aarch64-linux-gnu/12/../../../../lib/:/lib/aarch64-linux-gnu/:/lib/../lib/:/usr/lib/aarch64-linux-gnu/:/usr/lib/../lib/:/usr/lib/gcc/aarch64-linux-gnu/12/../../../:/lib/:/usr/lib/
COLLECT_GCC_OPTIONS='-v' '-o' 'cmTC_b3634' '-mlittle-endian' '-mabi=lp64' '-dumpdir' 'cmTC_b3634.'
 /usr/lib/gcc/aarch64-linux-gnu/12/collect2 -plugin /usr/lib/gcc/aarch64-linux-gnu/12/liblto_plugin.so -plugin-opt=/usr/lib/gcc/aarch64-linux-gnu/12/lto-wrapper -plugin-opt=-fresolution=/tmp/ccygjfwe.res -plugin-opt=-pass-through=-lgcc -plugin-opt=-pass-through=-lgcc_s -plugin-opt=-pass-through=-lc -plugin-opt=-pass-through=-lgcc -plugin-opt=-pass-through=-lgcc_s --build-id --eh-frame-hdr --hash-style=gnu --as-needed -dynamic-linker /lib/ld-linux-aarch64.so.1 -X -EL -maarch64linux --fix-cortex-a53-843419 -pie -o cmTC_b3634 /usr/lib/gcc/aarch64-linux-gnu/12/../../../aarch64-linux-gnu/Scrt1.o /usr/lib/gcc/aarch64-linux-gnu/12/../../../aarch64-linux-gnu/crti.o /usr/lib/gcc/aarch64-linux-gnu/12/crtbeginS.o -L/usr/lib/gcc/aarch64-linux-gnu/12 -L/usr/lib/gcc/aarch64-linux-gnu/12/../../../aarch64-linux-gnu -L/usr/lib/gcc/aarch64-linux-gnu/12/../../../../lib -L/lib/aarch64-linux-gnu -L/lib/../lib -L/usr/lib/aarch64-linux-gnu -L/usr/lib/../lib -L/usr/lib/gcc/aarch64-linux-gnu/12/../../.. CMakeFiles/cmTC_b3634.dir/CMakeCCompilerABI.c.o -lgcc --push-state --as-needed -lgcc_s --pop-state -lc -lgcc --push-state --as-needed -lgcc_s --pop-state /usr/lib/gcc/aarch64-linux-gnu/12/crtendS.o /usr/lib/gcc/aarch64-linux-gnu/12/../../../aarch64-linux-gnu/crtn.o
COLLECT_GCC_OPTIONS='-v' '-o' 'cmTC_b3634' '-mlittle-endian' '-mabi=lp64' '-dumpdir' 'cmTC_b3634.'
gmake[1]: Leaving directory '/home/dev/workspace/workspace/build/CMakeFiles/CMakeScratch/TryCompile-FFkOtu'



Parsed C implicit include dir info from above output: rv=done
  found start of include info
  found start of implicit include info
    add: [/usr/lib/gcc/aarch64-linux-gnu/12/include]
    add: [/usr/local/include]
    add: [/usr/include/aarch64-linux-gnu]
    add: [/usr/include]
  end of search list found
  collapse include dir [/usr/lib/gcc/aarch64-linux-gnu/12/include] ==> [/usr/lib/gcc/aarch64-linux-gnu/12/include]
  collapse include dir [/usr/local/include] ==> [/usr/local/include]
  collapse include dir [/usr/include/aarch64-linux-gnu] ==> [/usr/include/aarch64-linux-gnu]
  collapse include dir [/usr/include] ==> [/usr/include]
  implicit include dirs: [/usr/lib/gcc/aarch64-linux-gnu/12/include;/usr/local/include;/usr/include/aarch64-linux-gnu;/usr/include]


Parsed C implicit link information from above output:
  link line regex: [^( *|.*[/\])(ld|CMAKE_LINK_STARTFILE-NOTFOUND|([^/\]+-)?ld|collect2)[^/\]*( |$)]
  ignore line: [Change Dir: /home/dev/workspace/workspace/build/CMakeFiles/CMakeScratch/TryCompile-FFkOtu]
  ignore line: []
  ignore line: [Run Build Command(s):/usr/bin/gmake -f Makefile cmTC_b3634/fast && /usr/bin/gmake  -f CMakeFiles/cmTC_b3634.dir/build.make CMakeFiles/cmTC_b3634.dir/build]
  ignore line: [gmake[1]: Entering directory '/home/dev/workspace/workspace/build/CMakeFiles/CMakeScratch/TryCompile-FFkOtu']
  ignore line: [Building C object CMakeFiles/cmTC_b3634.dir/CMakeCCompilerABI.c.o]
  ignore line: [/usr/bin/cc   -v -o CMakeFiles/cmTC_b3634.dir/CMakeCCompilerABI.c.o -c /usr/share/cmake-3.25/Modules/CMakeCCompilerABI.c]
  ignore line: [Using built-in specs.]
  ignore line: [COLLECT_GCC=/usr/bin/cc]
  ignore line: [Target: aarch64-linux-gnu]
  ignore line: [Configured with: ../src/configure -v --with-pkgversion='Debian 12.2.0-14+deb12u1' --with-bugurl=file:///usr/share/doc/gcc-12/README.Bugs --enable-languages=c ada c++ go d fortran objc obj-c++ m2 --prefix=/usr --with-gcc-major-version-only --program-suffix=-12 --program-prefix=aarch64-linux-gnu- --enable-shared --enable-linker-build-id --libexecdir=/usr/lib --without-included-gettext --enable-threads=posix --libdir=/usr/lib --enable-nls --enable-clocale=gnu --enable-libstdcxx-debug --enable-libstdcxx-time=yes --with-default-libstdcxx-abi=new --enable-gnu-unique-object --disable-libquadmath --disable-libquadmath-support --enable-plugin --enable-default-pie --with-system-zlib --enable-libphobos-checking=release --with-target-system-zlib=auto --enable-objc-gc=auto --enable-multiarch --enable-fix-cortex-a53-843419 --disable-werror --enable-checking=release --build=aarch64-linux-gnu --host=aarch64-linux-gnu --target=aarch64-linux-gnu]
  ignore line: [Thread model: posix]
  ignore line: [Supported LTO compression algorithms: zlib zstd]
  ignore line: [gcc version 12.2.0 (Debian 12.2.0-14+deb12u1) ]
  ignore line: [COLLECT_GCC_OPTIONS='-v' '-o' 'CMakeFiles/cmTC_b3634.dir/CMakeCCompilerABI.c.o' '-c' '-mlittle-endian' '-mabi=lp64' '-dumpdir' 'CMakeFiles/cmTC_b3634.dir/']
  ignore line: [ /usr/lib/gcc/aarch64-linux-gnu/12/cc1 -quiet -v -imultiarch aarch64-linux-gnu /usr/share/cmake-3.25/Modules/CMakeCCompilerABI.c -quiet -dumpdir CMakeFiles/cmTC_b3634.dir/ -dumpbase CMakeCCompilerABI.c.c -dumpbase-ext .c -mlittle-endian -mabi=lp64 -version -fasynchronous-unwind-tables -o /tmp/ccTzAYoH.s]
  ignore line: [GNU C17 (Debian 12.2.0-14+deb12u1) version 12.2.0 (aarch64-linux-gnu)]
  ignore line: [	compiled by GNU C version 12.2.0  GMP version 6.2.1  MPFR version 4.2.0  MPC version 1.3.1  isl version isl-0.25-GMP]
  ignore line: []
  ignore line: [GGC heuristics: --param ggc-min-expand=100 --param ggc-min-heapsize=131072]
  ignore line: [ignoring nonexistent directory "/usr/local/include/aarch64-linux-gnu"]
  ignore line: [ignoring nonexistent directory "/usr/lib/gcc/aarch64-linux-gnu/12/include-fixed"]
  ignore line: [ignoring nonexistent directory "/usr/lib/gcc/aarch64-linux-gnu/12/../../../../aarch64-linux-gnu/include"]
  ignore line: [#include "..." search starts here:]
  ignore line: [#include <...> search starts here:]
  ignore line: [ /usr/lib/gcc/aarch64-linux-gnu/12/include]
  ignore line: [ /usr/local/include]
  ignore line: [ /usr/include/aarch64-linux-gnu]
  ignore line: [ /usr/include]
  ignore line: [End of search list.]
  ignore line: [GNU C17 (Debian 12.2.0-14+deb12u1) version 12.2.0 (aarch64-linux-gnu)]
  ignore line: [	compiled by GNU C version 12.2.0  GMP version 6.2.1  MPFR version 4.2.0  MPC version 1.3.1  isl version isl-0.25-GMP]
  ignore line: []
  ignore line: [GGC heuristics: --param ggc-min-expand=100 --param ggc-min-heapsize=131072]
  ignore line: [Compiler executable checksum: 353d9f3bda0709922bce3bd32cc6f6a4]
  ignore line: [COLLECT_GCC_OPTIONS='-v' '-o' 'CMakeFiles/cmTC_b3634.dir/CMakeCCompilerABI.c.o' '-c' '-mlittle-endian' '-mabi=lp64' '-dumpdir' 'CMakeFiles/cmTC_b3634.dir/']
  ignore line: [ as -v -EL -mabi=lp64 -o CMakeFiles/cmTC_b3634.dir/CMakeCCompilerABI.c.o /tmp/ccTzAYoH.s]
  ignore line: [GNU assembler version 2.40 (aarch64-linux-gnu) using BFD version (GNU Binutils for Debian) 2.40]
  ignore line: [COMPILER_PATH=/usr/lib/gcc/aarch64-linux-gnu/12/:/usr/lib/gcc/aarch64-linux-gnu/12/:/usr/lib/gcc/aarch64-linux-gnu/:/usr/lib/gcc/aarch64-linux-gnu/12/:/usr/lib/gcc/aarch64-linux-gnu/]
  ignore line: [LIBRARY_PATH=/usr/lib/gcc/aarch64-linux-gnu/12/:/usr/lib/gcc/aarch64-linux-gnu/12/../../../aarch64-linux-gnu/:/usr/lib/gcc/aarch64-linux-gnu/12/../../../../lib/:/lib/aarch64-linux-gnu/:/lib/../lib/:/usr/lib/aarch64-linux-gnu/:/usr/lib/../lib/:/usr/lib/gcc/aarch64-linux-gnu/12/../../../:/lib/:/usr/lib/]
  ignore line: [COLLECT_GCC_OPTIONS='-v' '-o' 'CMakeFiles/cmTC_b3634.dir/CMakeCCompilerABI.c.o' '-c' '-mlittle-endian' '-mabi=lp64' '-dumpdir' 'CMakeFiles/cmTC_b3634.dir/CMakeCCompilerABI.c.']
  ignore line: [Linking C executable cmTC_b3634]
  ignore line: [/usr/bin/cmake -E cmake_link_script CMakeFiles/cmTC_b3634.dir/link.txt --verbose=1]
  ignore line: [/usr/bin/cc  -v CMakeFiles/cmTC_b3634.dir/CMakeCCompilerABI.c.o -o cmTC_b3634 ]
  ignore line: [Using built-in specs.]
  ignore line: [COLLECT_GCC=/usr/bin/cc]
  ignore line: [COLLECT_LTO_WRAPPER=/usr/lib/gcc/aarch64-linux-gnu/12/lto-wrapper]
  ignore line: [Target: aarch64-linux-gnu]
  ignore line: [Configured with: ../src/configure -v --with-pkgversion='Debian 12.2.0-14+deb12u1' --with-bugurl=file:///usr/share/doc/gcc-12/README.Bugs --enable-languages=c ada c++ go d fortran objc obj-c++ m2 --prefix=/usr --with-gcc-major-version-only --program-suffix=-12 --program-prefix=aarch64-linux-gnu- --enable-shared --enable-linker-build-id --libexecdir=/usr/lib --without-included-gettext --enable-threads=posix --libdir=/usr/lib --enable-nls --enable-clocale=gnu --enable-libstdcxx-debug --enable-libstdcxx-time=yes --with-default-libstdcxx-abi=new --enable-gnu-unique-object --disable-libquadmath --disable-libquadmath-support --enable-plugin --enable-default-pie --with-system-zlib --enable-libphobos-checking=release --with-target-system-zlib=auto --enable-objc-gc=auto --enable-multiarch --enable-fix-cortex-a53-843419 --disable-werror --enable-checking=release --build=aarch64-linux-gnu --host=aarch64-linux-gnu --target=aarch64-linux-gnu]
  ignore line: [Thread model: posix]
  ignore line: [Supported LTO compression algorithms: zlib zstd]
  ignore line: [gcc version 12.2.0 (Debian 12.2.0-14+deb12u1) ]
  ignore line: [COMPILER_PATH=/usr/lib/gcc/aarch64-linux-gnu/12/:/usr/lib/gcc/aarch64-linux-gnu/12/:/usr/lib/gcc/aarch64-linux-gnu/:/usr/lib/gcc/aarch64-linux-gnu/12/:/usr/lib/gcc/aarch64-linux-gnu/]
  ignore line: [LIBRARY_PATH=/usr/lib/gcc/aarch64-linux-gnu/12/:/usr/lib/gcc/aarch64-linux-gnu/12/../../../aarch64-linux-gnu/:/usr/lib/gcc/aarch64-linux-gnu/12/../../../../lib/:/lib/aarch64-linux-gnu/:/lib/../lib/:/usr/lib/aarch64-linux-gnu/:/usr/lib/../lib/:/usr/lib/gcc/aarch64-linux-gnu/12/../../../:/lib/:/usr/lib/]
  ignore line: [COLLECT_GCC_OPTIONS='-v' '-o' 'cmTC_b3634' '-mlittle-endian' '-mabi=lp64' '-dumpdir' 'cmTC_b3634.']
  link line: [ /usr/lib/gcc/aarch64-linux-gnu/12/collect2 -plugin /usr/lib/gcc/aarch64-linux-gnu/12/liblto_plugin.so -plugin-opt=/usr/lib/gcc/aarch64-linux-gnu/12/lto-wrapper -plugin-opt=-fresolution=/tmp/ccygjfwe.res -plugin-opt=-pass-through=-lgcc -plugin-opt=-pass-through=-lgcc_s -plugin-opt=-pass-through=-lc -plugin-opt=-pass-through=-lgcc -plugin-opt=-pass-through=-lgcc_s --build-id --eh-frame-hdr --hash-style=gnu --as-needed -dynamic-linker /lib/ld-linux-aarch64.so.1 -X -EL -maarch64linux --fix-cortex-a53-843419 -pie -o cmTC_b3634 /usr/lib/gcc/aarch64-linux-gnu/12/../../../aarch64-linux-gnu/Scrt1.o /usr/lib/gcc/aarch64-linux-gnu/12/../../../aarch64-linux-gnu/crti.o /usr/lib/gcc/aarch64-linux-gnu/12/crtbeginS.o -L/usr/lib/gcc/aarch64-linux-gnu/12 -L/usr/lib/gcc/aarch64-linux-gnu/12/../../../aarch64-linux-gnu -L/usr/lib/gcc/aarch64-linux-gnu/12/../../../../lib -L/lib/aarch64-linux-gnu -L/lib/../lib -L/usr/lib/aarch64-linux-gnu -L/usr/lib/../lib -L/usr/lib/gcc/aarch64-linux-gnu/12/../../.. CMakeFiles/cmTC_b3634.dir/CMakeCCompilerABI.c.o -lgcc --push-state --as-needed -lgcc_s --pop-state -lc -lgcc --push-state --as-needed -lgcc_s --pop-state /usr/lib/gcc/aarch64-linux-gnu/12/crtendS.o /usr/lib/gcc/aarch64-linux-gnu/12/../../../aarch64-linux-gnu/crtn.o]
    arg [/usr/lib/gcc/aarch64-linux-gnu/12/collect2] ==> ignore
    arg [-plugin] ==> ignore
    arg [/usr/lib/gcc/aarch64-linux-gnu/12/liblto_plugin.so] ==> ignore
    arg [-plugin-opt=/usr/lib/gcc/aarch64-linux-gnu/12/lto-wrapper] ==> ignore
    arg [-plugin-opt=-fresolution=/tmp/ccygjfwe.res] ==> ignore
    arg [-plugin-opt=-pass-through=-lgcc] ==> ignore
    arg [-plugin-opt=-pass-through=-lgcc_s] ==> ignore
    arg [-plugin-opt=-pass-through=-lc] ==> ignore
    arg [-plugin-opt=-pass-through=-lgcc] ==> ignore
    arg [-plugin-opt=-pass-through=-lgcc_s] ==> ignore
    arg [--build-id] ==> ignore
    arg [--eh-frame-hdr] ==> ignore
    arg [--hash-style=gnu] ==> ignore
    arg [--as-needed] ==> ignore
    arg [-dynamic-linker] ==> ignore
    arg [/lib/ld-linux-aarch64.so.1] ==> ignore
    arg [-X] ==> ignore
    arg [-EL] ==> ignore
    arg [-maarch64linux] ==> ignore
    arg [--fix-cortex-a53-843419] ==> ignore
    arg [-pie] ==> ignore
    arg [-o] ==> ignore
    arg [cmTC_b3634] ==> ignore
    arg [/usr/lib/gcc/aarch64-linux-gnu/12/../../../aarch64-linux-gnu/Scrt1.o] ==> obj [/usr/lib/gcc/aarch64-linux-gnu/12/../../../aarch64-linux-gnu/Scrt1.o]
    arg [/usr/lib/gcc/aarch64-linux-gnu/12/../../../aarch64-linux-gnu/crti.o] ==> obj [/usr/lib/gcc/aarch64-linux-gnu/12/../../../aarch64-linux-gnu/crti.o]
    arg [/usr/lib/gcc/aarch64-linux-gnu/12/crtbeginS.o] ==> obj [/usr/lib/gcc/aarch64-linux-gnu/12/crtbeginS.o]
    arg [-L/usr/lib/gcc/aarch64-linux-gnu/12] ==> dir [/usr/lib/gcc/aarch64-linux-gnu/12]
    arg [-L/usr/lib/gcc/aarch64-linux-gnu/12/../../../aarch64-linux-gnu] ==> dir [/usr/lib/gcc/aarch64-linux-gnu/12/../../../aarch64-linux-gnu]
    arg [-L/usr/lib/gcc/aarch64-linux-gnu/12/../../../../lib] ==> dir [/usr/lib/gcc/aarch64-linux-gnu/12/../../../../lib]
    arg [-L/lib/aarch64-linux-gnu] ==> dir [/lib/aarch64-linux-gnu]
    arg [-L/lib/../lib] ==> dir [/lib/../lib]
    arg [-L/usr/lib/aarch64-linux-gnu] ==> dir [/usr/lib/aarch64-linux-gnu]
    arg [-L/usr/lib/../lib] ==> dir [/usr/lib/../lib]
    arg [-L/usr/lib/gcc/aarch64-linux-gnu/12/../../..] ==> dir [/usr/lib/gcc/aarch64-linux-gnu/12/../../..]
    arg [CMakeFiles/cmTC_b3634.dir/CMakeCCompilerABI.c.o] ==> ignore
    arg [-lgcc] ==> lib [gcc]
    arg [--push-state] ==> ignore
    arg [--as-needed] ==> ignore
    arg [-lgcc_s] ==> lib [gcc_s]
    arg [--pop-state] ==> ignore
    arg [-lc] ==> lib [c]
    arg [-lgcc] ==> lib [gcc]
    arg [--push-state] ==> ignore
    arg [--as-needed] ==> ignore
    arg [-lgcc_s] ==> lib [gcc_s]
    arg [--pop-state] ==> ignore
    arg [/usr/lib/gcc/aarch64-linux-gnu/12/crtendS.o] ==> obj [/usr/lib/gcc/aarch64-linux-gnu/12/crtendS.o]
    arg [/usr/lib/gcc/aarch64-linux-gnu/12/../../../aarch64-linux-gnu/crtn.o] ==> obj [/usr/lib/gcc/aarch64-linux-gnu/12/../../../aarch64-linux-gnu/crtn.o]
  collapse obj [/usr/lib/gcc/aarch64-linux-gnu/12/../../../aarch64-linux-gnu/Scrt1.o] ==> [/usr/lib/aarch64-linux-gnu/Scrt1.o]
  collapse obj [/usr/lib/gcc/aarch64-linux-gnu/12/../../../aarch64-linux-gnu/crti.o] ==> [/usr/lib/aarch64-linux-gnu/crti.o]
  collapse obj [/usr/lib/gcc/aarch64-linux-gnu/12/../../../aarch64-linux-gnu/crtn.o] ==> [/usr/lib/aarch64-linux-gnu/crtn.o]
  collapse library dir [/usr/lib/gcc/aarch64-linux-gnu/12] ==> [/usr/lib/gcc/aarch64-linux-gnu/12]
  collapse library dir [/usr/lib/gcc/aarch64-linux-gnu/12/../../../aarch64-linux-gnu] ==> [/usr/lib/aarch64-linux-gnu]
  collapse library dir [/usr/lib/gcc/aarch64-linux-gnu/12/../../../../lib] ==> [/usr/lib]
  collapse library dir [/lib/aarch64-linux-gnu] ==> [/lib/aarch64-linux-gnu]
  collapse library dir [/lib/../lib] ==> [/lib]
  collapse library dir [/usr/lib/aarch64-linux-gnu] ==> [/usr/lib/aarch64-linux-gnu]
  collapse library dir [/usr/lib/../lib] ==> [/usr/lib]
  collapse library dir [/usr/lib/gcc/aarch64-linux-gnu/12/../../..] ==> [/usr/lib]
  implicit libs: [gcc;gcc_s;c;gcc;gcc_s]
  implicit objs: [/usr/lib/aarch64-linux-gnu/Scrt1.o;/usr/lib/aarch64-linux-gnu/crti.o;/usr/lib/gcc/aarch64-linux-gnu/12/crtbeginS.o;/usr/lib/gcc/aarch64-linux-gnu/12/crtendS.o;/usr/lib/aarch64-linux-gnu/crtn.o]
  implicit dirs: [/usr/lib/gcc/aarch64-linux-gnu/12;/usr/lib/aarch64-linux-gnu;/usr/lib;/lib/aarch64-linux-gnu;/lib]
  implicit fwks: []


The system is: Linux - 6.8.0-1050-oracle - aarch64
Compiling the C compiler identification source file "CMakeCCompilerId.c" succeeded.
Compiler: /usr/bin/cc 
Build flags: 
Id flags:  

The output was:
0


Compilation of the C compiler identification source "CMakeCCompilerId.c" produced "a.out"

The C compiler identification is GNU, found in "/home/dev/workspace/workspace/build/CMakeFiles/3.25.1/CompilerIdC/a.out"

Detecting C compiler ABI info compiled with the following output:
Change Dir: /home/dev/workspace/workspace/build/CMakeFiles/CMakeScratch/TryCompile-lyb9JJ

Run Build Command(s):/usr/bin/gmake -f Makefile cmTC_5e58d/fast && /usr/bin/gmake  -f CMakeFiles/cmTC_5e58d.dir/build.make CMakeFiles/cmTC_5e58d.dir/build
gmake[1]: Entering directory '/home/dev/workspace/workspace/build/CMakeFiles/CMakeScratch/TryCompile-lyb9JJ'
Building C object CMakeFiles/cmTC_5e58d.dir/CMakeCCompilerABI.c.o
/usr/bin/cc   -v -o CMakeFiles/cmTC_5e58d.dir/CMakeCCompilerABI.c.o -c /usr/share/cmake-3.25/Modules/CMakeCCompilerABI.c
Using built-in specs.
COLLECT_GCC=/usr/bin/cc
Target: aarch64-linux-gnu
Configured with: ../src/configure -v --with-pkgversion='Debian 12.2.0-14+deb12u1' --with-bugurl=file:///usr/share/doc/gcc-12/README.Bugs --enable-languages=c,ada,c++,go,d,fortran,objc,obj-c++,m2 --prefix=/usr --with-gcc-major-version-only --program-suffix=-12 --program-prefix=aarch64-linux-gnu- --enable-shared --enable-linker-build-id --libexecdir=/usr/lib --without-included-gettext --enable-threads=posix --libdir=/usr/lib --enable-nls --enable-clocale=gnu --enable-libstdcxx-debug --enable-libstdcxx-time=yes --with-default-libstdcxx-abi=new --enable-gnu-unique-object --disable-libquadmath --disable-libquadmath-support --enable-plugin --enable-default-pie --with-system-zlib --enable-libphobos-checking=release --with-target-system-zlib=auto --enable-objc-gc=auto --enable-multiarch --enable-fix-cortex-a53-843419 --disable-werror --enable-checking=release --build=aarch64-linux-gnu --host=aarch64-linux-gnu --target=aarch64-linux-gnu
Thread model: posix
Supported LTO compression algorithms: zlib zstd
gcc version 12.2.0 (Debian 12.2.0-14+deb12u1) 
COLLECT_GCC_OPTIONS='-v' '-o' 'CMakeFiles/cmTC_5e58d.dir/CMakeCCompilerABI.c.o' '-c' '-mlittle-endian' '-mabi=lp64' '-dumpdir' 'CMakeFiles/cmTC_5e58d.dir/'
 /usr/lib/gcc/aarch64-linux-gnu/12/cc1 -quiet -v -imultiarch aarch64-linux-gnu /usr/share/cmake-3.25/Modules/CMakeCCompilerABI.c -quiet -dumpdir CMakeFiles/cmTC_5e58d.dir/ -dumpbase CMakeCCompilerABI.c.c -dumpbase-ext .c -mlittle-endian -mabi=lp64 -version -fasynchronous-unwind-tables -o /tmp/ccRfE75W.s
GNU C17 (Debian 12.2.0-14+deb12u1) version 12.2.0 (aarch64-linux-gnu)
	compiled by GNU C version 12.2.0, GMP version 6.2.1, MPFR version 4.2.0, MPC version 1.3.1, isl version isl-0.25-GMP

GGC heuristics: --param ggc-min-expand=100 --param ggc-min-heapsize=131072
ignoring nonexistent directory "/usr/local/include/aarch64-linux-gnu"
ignoring nonexistent directory "/usr/lib/gcc/aarch64-linux-gnu/12/include-fixed"
ignoring nonexistent directory "/usr/lib/gcc/aarch64-linux-gnu/12/../../../../aarch64-linux-gnu/include"
#include "..." search starts here:
#include <...> search starts here:
 /usr/lib/gcc/aarch64-linux-gnu/12/include
 /usr/local/include
 /usr/include/aarch64-linux-gnu
 /usr/include
End of search list.
GNU C17 (Debian 12.2.0-14+deb12u1) version 12.2.0 (aarch64-linux-gnu)
	compiled by GNU C version 12.2.0, GMP version 6.2.1, MPFR version 4.2.0, MPC version 1.3.1, isl version isl-0.25-GMP

GGC heuristics: --param ggc-min-expand=100 --param ggc-min-heapsize=131072
Compiler executable checksum: 353d9f3bda0709922bce3bd32cc6f6a4
COLLECT_GCC_OPTIONS='-v' '-o' 'CMakeFiles/cmTC_5e58d.dir/CMakeCCompilerABI.c.o' '-c' '-mlittle-endian' '-mabi=lp64' '-dumpdir' 'CMakeFiles/cmTC_5e58d.dir/'
 as -v -EL -mabi=lp64 -o CMakeFiles/cmTC_5e58d.dir/CMakeCCompilerABI.c.o /tmp/ccRfE75W.s
GNU assembler version 2.40 (aarch64-linux-gnu) using BFD version (GNU Binutils for Debian) 2.40
COMPILER_PATH=/usr/lib/gcc/aarch64-linux-gnu/12/:/usr/lib/gcc/aarch64-linux-gnu/12/:/usr/lib/gcc/aarch64-linux-gnu/:/usr/lib/gcc/aarch64-linux-gnu/12/:/usr/lib/gcc/aarch64-linux-gnu/
LIBRARY_PATH=/usr/lib/gcc/aarch64-linux-gnu/12/:/usr/lib/gcc/aarch64-linux-gnu/12/../../../aarch64-linux-gnu/:/usr/lib/gcc/aarch64-linux-gnu/12/../../../../lib/:/lib/aarch64-linux-gnu/:/lib/../lib/:/usr/lib/aarch64-linux-gnu/:/usr/lib/../lib/:/usr/lib/gcc/aarch64-linux-gnu/12/../../../:/lib/:/usr/lib/
COLLECT_GCC_OPTIONS='-v' '-o' 'CMakeFiles/cmTC_5e58d.dir/CMakeCCompilerABI.c.o' '-c' '-mlittle-endian' '-mabi=lp64' '-dumpdir' 'CMakeFiles/cmTC_5e58d.dir/CMakeCCompilerABI.c.'
Linking C executable cmTC_5e58d
/usr/bin/cmake -E cmake_link_script CMakeFiles/cmTC_5e58d.dir/link.txt --verbose=1
/usr/bin/cc  -v CMakeFiles/cmTC_5e58d.dir/CMakeCCompilerABI.c.o -o cmTC_5e58d 
Using built-in specs.
COLLECT_GCC=/usr/bin/cc
COLLECT_LTO_WRAPPER=/usr/lib/gcc/aarch64-linux-gnu/12/lto-wrapper
Target: aarch64-linux-gnu
Configured with: ../src/configure -v --with-pkgversion='Debian 12.2.0-14+deb12u1' --with-bugurl=file:///usr/share/doc/gcc-12/README.Bugs --enable-languages=c,ada,c++,go,d,fortran,objc,obj-c++,m2 --prefix=/usr --with-gcc-major-version-only --program-suffix=-12 --program-prefix=aarch64-linux-gnu- --enable-shared --enable-linker-build-id --libexecdir=/usr/lib --without-included-gettext --enable-threads=posix --libdir=/usr/lib --enable-nls --enable-clocale=gnu --enable-libstdcxx-debug --enable-libstdcxx-time=yes --with-default-libstdcxx-abi=new --enable-gnu-unique-object --disable-libquadmath --disable-libquadmath-support --enable-plugin --enable-default-pie --with-system-zlib --enable-libphobos-checking=release --with-target-system-zlib=auto --enable-objc-gc=auto --enable-multiarch --enable-fix-cortex-a53-843419 --disable-werror --enable-checking=release --build=aarch64-linux-gnu --host=aarch64-linux-gnu --target=aarch64-linux-gnu
Thread model: posix
Supported LTO compression algorithms: zlib zstd
gcc version 12.2.0 (Debian 12.2.0-14+deb12u1) 
COMPILER_PATH=/usr/lib/gcc/aarch64-linux-gnu/12/:/usr/lib/gcc/aarch64-linux-gnu/12/:/usr/lib/gcc/aarch64-linux-gnu/:/usr/lib/gcc/aarch64-linux-gnu/12/:/usr/lib/gcc/aarch64-linux-gnu/
LIBRARY_PATH=/usr/lib/gcc/aarch64-linux-gnu/12/:/usr/lib/gcc/aarch64-linux-gnu/12/../../../aarch64-linux-gnu/:/usr/lib/gcc/aarch64-linux-gnu/12/../../../../lib/:/lib/aarch64-linux-gnu/:/lib/../lib/:/usr/lib/aarch64-linux-gnu/:/usr/lib/../lib/:/usr/lib/gcc/aarch64-linux-gnu/12/../../../:/lib/:/usr/lib/
COLLECT_GCC_OPTIONS='-v' '-o' 'cmTC_5e58d' '-mlittle-endian' '-mabi=lp64' '-dumpdir' 'cmTC_5e58d.'
 /usr/lib/gcc/aarch64-linux-gnu/12/collect2 -plugin /usr/lib/gcc/aarch64-linux-gnu/12/liblto_plugin.so -plugin-opt=/usr/lib/gcc/aarch64-linux-gnu/12/lto-wrapper -plugin-opt=-fresolution=/tmp/ccvWgXkc.res -plugin-opt=-pass-through=-lgcc -plugin-opt=-pass-through=-lgcc_s -plugin-opt=-pass-through=-lc -plugin-opt=-pass-through=-lgcc -plugin-opt=-pass-through=-lgcc_s --build-id --eh-frame-hdr --hash-style=gnu --as-needed -dynamic-linker /lib/ld-linux-aarch64.so.1 -X -EL -maarch64linux --fix-cortex-a53-843419 -pie -o cmTC_5e58d /usr/lib/gcc/aarch64-linux-gnu/12/../../../aarch64-linux-gnu/Scrt1.o /usr/lib/gcc/aarch64-linux-gnu/12/../../../aarch64-linux-gnu/crti.o /usr/lib/gcc/aarch64-linux-gnu/12/crtbeginS.o -L/usr/lib/gcc/aarch64-linux-gnu/12 -L/usr/lib/gcc/aarch64-linux-gnu/12/../../../aarch64-linux-gnu -L/usr/lib/gcc/aarch64-linux-gnu/12/../../../../lib -L/lib/aarch64-linux-gnu -L/lib/../lib -L/usr/lib/aarch64-linux-gnu -L/usr/lib/../lib -L/usr/lib/gcc/aarch64-linux-gnu/12/../../.. CMakeFiles/cmTC_5e58d.dir/CMakeCCompilerABI.c.o -lgcc --push-state --as-needed -lgcc_s --pop-state -lc -lgcc --push-state --as-needed -lgcc_s --pop-state /usr/lib/gcc/aarch64-linux-gnu/12/crtendS.o /usr/lib/gcc/aarch64-linux-gnu/12/../../../aarch64-linux-gnu/crtn.o
COLLECT_GCC_OPTIONS='-v' '-o' 'cmTC_5e58d' '-mlittle-endian' '-mabi=lp64' '-dumpdir' 'cmTC_5e58d.'
gmake[1]: Leaving directory '/home/dev/workspace/workspace/build/CMakeFiles/CMakeScratch/TryCompile-lyb9JJ'



Parsed C implicit include dir info from above output: rv=done
  found start of include info
  found start of implicit include info
    add: [/usr/lib/gcc/aarch64-linux-gnu/12/include]
    add: [/usr/local/include]
    add: [/usr/include/aarch64-linux-gnu]
    add: [/usr/include]
  end of search list found
  collapse include dir [/usr/lib/gcc/aarch64-linux-gnu/12/include] ==> [/usr/lib/gcc/aarch64-linux-gnu/12/include]
  collapse include dir [/usr/local/include] ==> [/usr/local/include]
  collapse include dir [/usr/include/aarch64-linux-gnu] ==> [/usr/include/aarch64-linux-gnu]
  collapse include dir [/usr/include] ==> [/usr/include]
  implicit include dirs: [/usr/lib/gcc/aarch64-linux-gnu/12/include;/usr/local/include;/usr/include/aarch64-linux-gnu;/usr/include]


Parsed C implicit link information from above output:
  link line regex: [^( *|.*[/\])(ld|CMAKE_LINK_STARTFILE-NOTFOUND|([^/\]+-)?ld|collect2)[^/\]*( |$)]
  ignore line: [Change Dir: /home/dev/workspace/workspace/build/CMakeFiles/CMakeScratch/TryCompile-lyb9JJ]
  ignore line: []
  ignore line: [Run Build Command(s):/usr/bin/gmake -f Makefile cmTC_5e58d/fast && /usr/bin/gmake  -f CMakeFiles/cmTC_5e58d.dir/build.make CMakeFiles/cmTC_5e58d.dir/build]
  ignore line: [gmake[1]: Entering directory '/home/dev/workspace/workspace/build/CMakeFiles/CMakeScratch/TryCompile-lyb9JJ']
  ignore line: [Building C object CMakeFiles/cmTC_5e58d.dir/CMakeCCompilerABI.c.o]
  ignore line: [/usr/bin/cc   -v -o CMakeFiles/cmTC_5e58d.dir/CMakeCCompilerABI.c.o -c /usr/share/cmake-3.25/Modules/CMakeCCompilerABI.c]
  ignore line: [Using built-in specs.]
  ignore line: [COLLECT_GCC=/usr/bin/cc]
  ignore line: [Target: aarch64-linux-gnu]
  ignore line: [Configured with: ../src/configure -v --with-pkgversion='Debian 12.2.0-14+deb12u1' --with-bugurl=file:///usr/share/doc/gcc-12/README.Bugs --enable-languages=c ada c++ go d fortran objc obj-c++ m2 --prefix=/usr --with-gcc-major-version-only --program-suffix=-12 --program-prefix=aarch64-linux-gnu- --enable-shared --enable-linker-build-id --libexecdir=/usr/lib --without-included-gettext --enable-threads=posix --libdir=/usr/lib --enable-nls --enable-clocale=gnu --enable-libstdcxx-debug --enable-libstdcxx-time=yes --with-default-libstdcxx-abi=new --enable-gnu-unique-object --disable-libquadmath --disable-libquadmath-support --enable-plugin --enable-default-pie --with-system-zlib --enable-libphobos-checking=release --with-target-system-zlib=auto --enable-objc-gc=auto --enable-multiarch --enable-fix-cortex-a53-843419 --disable-werror --enable-checking=release --build=aarch64-linux-gnu --host=aarch64-linux-gnu --target=aarch64-linux-gnu]
  ignore line: [Thread model: posix]
  ignore line: [Supported LTO compression algorithms: zlib zstd]
  ignore line: [gcc version 12.2.0 (Debian 12.2.0-14+deb12u1) ]
  ignore line: [COLLECT_GCC_OPTIONS='-v' '-o' 'CMakeFiles/cmTC_5e58d.dir/CMakeCCompilerABI.c.o' '-c' '-mlittle-endian' '-mabi=lp64' '-dumpdir' 'CMakeFiles/cmTC_5e58d.dir/']
  ignore line: [ /usr/lib/gcc/aarch64-linux-gnu/12/cc1 -quiet -v -imultiarch aarch64-linux-gnu /usr/share/cmake-3.25/Modules/CMakeCCompilerABI.c -quiet -dumpdir CMakeFiles/cmTC_5e58d.dir/ -dumpbase CMakeCCompilerABI.c.c -dumpbase-ext .c -mlittle-endian -mabi=lp64 -version -fasynchronous-unwind-tables -o /tmp/ccRfE75W.s]
  ignore line: [GNU C17 (Debian 12.2.0-14+deb12u1) version 12.2.0 (aarch64-linux-gnu)]
  ignore line: [	compiled by GNU C version 12.2.0  GMP version 6.2.1  MPFR version 4.2.0  MPC version 1.3.1  isl version isl-0.25-GMP]
  ignore line: []
  ignore line: [GGC heuristics: --param ggc-min-expand=100 --param ggc-min-heapsize=131072]
  ignore line: [ignoring nonexistent directory "/usr/local/include/aarch64-linux-gnu"]
  ignore line: [ignoring nonexistent directory "/usr/lib/gcc/aarch64-linux-gnu/12/include-fixed"]
  ignore line: [ignoring nonexistent directory "/usr/lib/gcc/aarch64-linux-gnu/12/../../../../aarch64-linux-gnu/include"]
  ignore line: [#include "..." search starts here:]
  ignore line: [#include <...> search starts here:]
  ignore line: [ /usr/lib/gcc/aarch64-linux-gnu/12/include]
  ignore line: [ /usr/local/include]
  ignore line: [ /usr/include/aarch64-linux-gnu]
  ignore line: [ /usr/include]
  ignore line: [End of search list.]
  ignore line: [GNU C17 (Debian 12.2.0-14+deb12u1) version 12.2.0 (aarch64-linux-gnu)]
  ignore line: [	compiled by GNU C version 12.2.0  GMP version 6.2.1  MPFR version 4.2.0  MPC version 1.3.1  isl version isl-0.25-GMP]
  ignore line: []
  ignore line: [GGC heuristics: --param ggc-min-expand=100 --param ggc-min-heapsize=131072]
  ignore line: [Compiler executable checksum: 353d9f3bda0709922bce3bd32cc6f6a4]
  ignore line: [COLLECT_GCC_OPTIONS='-v' '-o' 'CMakeFiles/cmTC_5e58d.dir/CMakeCCompilerABI.c.o' '-c' '-mlittle-endian' '-mabi=lp64' '-dumpdir' 'CMakeFiles/cmTC_5e58d.dir/']
  ignore line: [ as -v -EL -mabi=lp64 -o CMakeFiles/cmTC_5e58d.dir/CMakeCCompilerABI.c.o /tmp/ccRfE75W.s]
  ignore line: [GNU assembler version 2.40 (aarch64-linux-gnu) using BFD version (GNU Binutils for Debian) 2.40]
  ignore line: [COMPILER_PATH=/usr/lib/gcc/aarch64-linux-gnu/12/:/usr/lib/gcc/aarch64-linux-gnu/12/:/usr/lib/gcc/aarch64-linux-gnu/:/usr/lib/gcc/aarch64-linux-gnu/12/:/usr/lib/gcc/aarch64-linux-gnu/]
  ignore line: [LIBRARY_PATH=/usr/lib/gcc/aarch64-linux-gnu/12/:/usr/lib/gcc/aarch64-linux-gnu/12/../../../aarch64-linux-gnu/:/usr/lib/gcc/aarch64-linux-gnu/12/../../../../lib/:/lib/aarch64-linux-gnu/:/lib/../lib/:/usr/lib/aarch64-linux-gnu/:/usr/lib/../lib/:/usr/lib/gcc/aarch64-linux-gnu/12/../../../:/lib/:/usr/lib/]
  ignore line: [COLLECT_GCC_OPTIONS='-v' '-o' 'CMakeFiles/cmTC_5e58d.dir/CMakeCCompilerABI.c.o' '-c' '-mlittle-endian' '-mabi=lp64' '-dumpdir' 'CMakeFiles/cmTC_5e58d.dir/CMakeCCompilerABI.c.']
  ignore line: [Linking C executable cmTC_5e58d]
  ignore line: [/usr/bin/cmake -E cmake_link_script CMakeFiles/cmTC_5e58d.dir/link.txt --verbose=1]
  ignore line: [/usr/bin/cc  -v CMakeFiles/cmTC_5e58d.dir/CMakeCCompilerABI.c.o -o cmTC_5e58d ]
  ignore line: [Using built-in specs.]
  ignore line: [COLLECT_GCC=/usr/bin/cc]
  ignore line: [COLLECT_LTO_WRAPPER=/usr/lib/gcc/aarch64-linux-gnu/12/lto-wrapper]
  ignore line: [Target: aarch64-linux-gnu]
  ignore line: [Configured with: ../src/configure -v --with-pkgversion='Debian 12.2.0-14+deb12u1' --with-bugurl=file:///usr/share/doc/gcc-12/README.Bugs --enable-languages=c ada c++ go d fortran objc obj-c++ m2 --prefix=/usr --with-gcc-major-version-only --program-suffix=-12 --program-prefix=aarch64-linux-gnu- --enable-shared --enable-linker-build-id --libexecdir=/usr/lib --without-included-gettext --enable-threads=posix --libdir=/usr/lib --enable-nls --enable-clocale=gnu --enable-libstdcxx-debug --enable-libstdcxx-time=yes --with-default-libstdcxx-abi=new --enable-gnu-unique-object --disable-libquadmath --disable-libquadmath-support --enable-plugin --enable-default-pie --with-system-zlib --enable-libphobos-checking=release --with-target-system-zlib=auto --enable-objc-gc=auto --enable-multiarch --enable-fix-cortex-a53-843419 --disable-werror --enable-checking=release --build=aarch64-linux-gnu --host=aarch64-linux-gnu --target=aarch64-linux-gnu]
  ignore line: [Thread model: posix]
  ignore line: [Supported LTO compression algorithms: zlib zstd]
  ignore line: [gcc version 12.2.0 (Debian 12.2.0-14+deb12u1) ]
  ignore line: [COMPILER_PATH=/usr/lib/gcc/aarch64-linux-gnu/12/:/usr/lib/gcc/aarch64-linux-gnu/12/:/usr/lib/gcc/aarch64-linux-gnu/:/usr/lib/gcc/aarch64-linux-gnu/12/:/usr/lib/gcc/aarch64-linux-gnu/]
  ignore line: [LIBRARY_PATH=/usr/lib/gcc/aarch64-linux-gnu/12/:/usr/lib/gcc/aarch64-linux-gnu/12/../../../aarch64-linux-gnu/:/usr/lib/gcc/aarch64-linux-gnu/12/../../../../lib/:/lib/aarch64-linux-gnu/:/lib/../lib/:/usr/lib/aarch64-linux-gnu/:/usr/lib/../lib/:/usr/lib/gcc/aarch64-linux-gnu/12/../../../:/lib/:/usr/lib/]
  ignore line: [COLLECT_GCC_OPTIONS='-v' '-o' 'cmTC_5e58d' '-mlittle-endian' '-mabi=lp64' '-dumpdir' 'cmTC_5e58d.']
  link line: [ /usr/lib/gcc/aarch64-linux-gnu/12/collect2 -plugin /usr/lib/gcc/aarch64-linux-gnu/12/liblto_plugin.so -plugin-opt=/usr/lib/gcc/aarch64-linux-gnu/12/lto-wrapper -plugin-opt=-fresolution=/tmp/ccvWgXkc.res -plugin-opt=-pass-through=-lgcc -plugin-opt=-pass-through=-lgcc_s -plugin-opt=-pass-through=-lc -plugin-opt=-pass-through=-lgcc -plugin-opt=-pass-through=-lgcc_s --build-id --eh-frame-hdr --hash-style=gnu --as-needed -dynamic-linker /lib/ld-linux-aarch64.so.1 -X -EL -maarch64linux --fix-cortex-a53-843419 -pie -o cmTC_5e58d /usr/lib/gcc/aarch64-linux-gnu/12/../../../aarch64-linux-gnu/Scrt1.o /usr/lib/gcc/aarch64-linux-gnu/12/../../../aarch64-linux-gnu/crti.o /usr/lib/gcc/aarch64-linux-gnu/12/crtbeginS.o -L/usr/lib/gcc/aarch64-linux-gnu/12 -L/usr/lib/gcc/aarch64-linux-gnu/12/../../../aarch64-linux-gnu -L/usr/lib/gcc/aarch64-linux-gnu/12/../../../../lib -L/lib/aarch64-linux-gnu -L/lib/../lib -L/usr/lib/aarch64-linux-gnu -L/usr/lib/../lib -L/usr/lib/gcc/aarch64-linux-gnu/12/../../.. CMakeFiles/cmTC_5e58d.dir/CMakeCCompilerABI.c.o -lgcc --push-state --as-needed -lgcc_s --pop-state -lc -lgcc --push-state --as-needed -lgcc_s --pop-state /usr/lib/gcc/aarch64-linux-gnu/12/crtendS.o /usr/lib/gcc/aarch64-linux-gnu/12/../../../aarch64-linux-gnu/crtn.o]
    arg [/usr/lib/gcc/aarch64-linux-gnu/12/collect2] ==> ignore
    arg [-plugin] ==> ignore
    arg [/usr/lib/gcc/aarch64-linux-gnu/12/liblto_plugin.so] ==> ignore
    arg [-plugin-opt=/usr/lib/gcc/aarch64-linux-gnu/12/lto-wrapper] ==> ignore
    arg [-plugin-opt=-fresolution=/tmp/ccvWgXkc.res] ==> ignore
    arg [-plugin-opt=-pass-through=-lgcc] ==> ignore
    arg [-plugin-opt=-pass-through=-lgcc_s] ==> ignore
    arg [-plugin-opt=-pass-through=-lc] ==> ignore
    arg [-plugin-opt=-pass-through=-lgcc] ==> ignore
    arg [-plugin-opt=-pass-through=-lgcc_s] ==> ignore
    arg [--build-id] ==> ignore
    arg [--eh-frame-hdr] ==> ignore
    arg [--hash-style=gnu] ==> ignore
    arg [--as-needed] ==> ignore
    arg [-dynamic-linker] ==> ignore
    arg [/lib/ld-linux-aarch64.so.1] ==> ignore
    arg [-X] ==> ignore
    arg [-EL] ==> ignore
    arg [-maarch64linux] ==> ignore
    arg [--fix-cortex-a53-843419] ==> ignore
    arg [-pie] ==> ignore
    arg [-o] ==> ignore
    arg [cmTC_5e58d] ==> ignore
    arg [/usr/lib/gcc/aarch64-linux-gnu/12/../../../aarch64-linux-gnu/Scrt1.o] ==> obj [/usr/lib/gcc/aarch64-linux-gnu/12/../../../aarch64-linux-gnu/Scrt1.o]
    arg [/usr/lib/gcc/aarch64-linux-gnu/12/../../../aarch64-linux-gnu/crti.o] ==> obj [/usr/lib/gcc/aarch64-linux-gnu/12/../../../aarch64-linux-gnu/crti.o]
    arg [/usr/lib/gcc/aarch64-linux-gnu/12/crtbeginS.o] ==> obj [/usr/lib/gcc/aarch64-linux-gnu/12/crtbeginS.o]
    arg [-L/usr/lib/gcc/aarch64-linux-gnu/12] ==> dir [/usr/lib/gcc/aarch64-linux-gnu/12]
    arg [-L/usr/lib/gcc/aarch64-linux-gnu/12/../../../aarch64-linux-gnu] ==> dir [/usr/lib/gcc/aarch64-linux-gnu/12/../../../aarch64-linux-gnu]
    arg [-L/usr/lib/gcc/aarch64-linux-gnu/12/../../../../lib] ==> dir [/usr/lib/gcc/aarch64-linux-gnu/12/../../../../lib]
    arg [-L/lib/aarch64-linux-gnu] ==> dir [/lib/aarch64-linux-gnu]
    arg [-L/lib/../lib] ==> dir [/lib/../lib]
    arg [-L/usr/lib/aarch64-linux-gnu] ==> dir [/usr/lib/aarch64-linux-gnu]
    arg [-L/usr/lib/../lib] ==> dir [/usr/lib/../lib]
    arg [-L/usr/lib/gcc/aarch64-linux-gnu/12/../../..] ==> dir [/usr/lib/gcc/aarch64-linux-gnu/12/../../..]
    arg [CMakeFiles/cmTC_5e58d.dir/CMakeCCompilerABI.c.o] ==> ignore
    arg [-lgcc] ==> lib [gcc]
    arg [--push-state] ==> ignore
    arg [--as-needed] ==> ignore
    arg [-lgcc_s] ==> lib [gcc_s]
    arg [--pop-state] ==> ignore
    arg [-lc] ==> lib [c]
    arg [-lgcc] ==> lib [gcc]
    arg [--push-state] ==> ignore
    arg [--as-needed] ==> ignore
    arg [-lgcc_s] ==> lib [gcc_s]
    arg [--pop-state] ==> ignore
    arg [/usr/lib/gcc/aarch64-linux-gnu/12/crtendS.o] ==> obj [/usr/lib/gcc/aarch64-linux-gnu/12/crtendS.o]
    arg [/usr/lib/gcc/aarch64-linux-gnu/12/../../../aarch64-linux-gnu/crtn.o] ==> obj [/usr/lib/gcc/aarch64-linux-gnu/12/../../../aarch64-linux-gnu/crtn.o]
  collapse obj [/usr/lib/gcc/aarch64-linux-gnu/12/../../../aarch64-linux-gnu/Scrt1.o] ==> [/usr/lib/aarch64-linux-gnu/Scrt1.o]
  collapse obj [/usr/lib/gcc/aarch64-linux-gnu/12/../../../aarch64-linux-gnu/crti.o] ==> [/usr/lib/aarch64-linux-gnu/crti.o]
  collapse obj [/usr/lib/gcc/aarch64-linux-gnu/12/../../../aarch64-linux-gnu/crtn.o] ==> [/usr/lib/aarch64-linux-gnu/crtn.o]
  collapse library dir [/usr/lib/gcc/aarch64-linux-gnu/12] ==> [/usr/lib/gcc/aarch64-linux-gnu/12]
  collapse library dir [/usr/lib/gcc/aarch64-linux-gnu/12/../../../aarch64-linux-gnu] ==> [/usr/lib/aarch64-linux-gnu]
  collapse library dir [/usr/lib/gcc/aarch64-linux-gnu/12/../../../../lib] ==> [/usr/lib]
  collapse library dir [/lib/aarch64-linux-gnu] ==> [/lib/aarch64-linux-gnu]
  collapse library dir [/lib/../lib] ==> [/lib]
  collapse library dir [/usr/lib/aarch64-linux-gnu] ==> [/usr/lib/aarch64-linux-gnu]
  collapse library dir [/usr/lib/../lib] ==> [/usr/lib]
  collapse library dir [/usr/lib/gcc/aarch64-linux-gnu/12/../../..] ==> [/usr/lib]
  implicit libs: [gcc;gcc_s;c;gcc;gcc_s]
  implicit objs: [/usr/lib/aarch64-linux-gnu/Scrt1.o;/usr/lib/aarch64-linux-gnu/crti.o;/usr/lib/gcc/aarch64-linux-gnu/12/crtbeginS.o;/usr/lib/gcc/aarch64-linux-gnu/12/crtendS.o;/usr/lib/aarch64-linux-gnu/crtn.o]
  implicit dirs: [/usr/lib/gcc/aarch64-linux-gnu/12;/usr/lib/aarch64-linux-gnu;/usr/lib;/lib/aarch64-linux-gnu;/lib]
  implicit fwks: []


The system is: Linux - 6.8.0-1050-oracle - aarch64
Compiling the C compiler identification source file "CMakeCCompilerId.c" succeeded.
Compiler: /usr/bin/cc 
Build flags: 
Id flags:  

The output was:
0


Compilation of the C compiler identification source "CMakeCCompilerId.c" produced "a.out"

The C compiler identification is GNU, found in "/home/dev/workspace/workspace/build/CMakeFiles/3.25.1/CompilerIdC/a.out"

Detecting C compiler ABI info compiled with the following output:
Change Dir: /home/dev/workspace/workspace/build/CMakeFiles/CMakeScratch/TryCompile-RmCImO

Run Build Command(s):/usr/bin/gmake -f Makefile cmTC_630c6/fast && /usr/bin/gmake  -f CMakeFiles/cmTC_630c6.dir/build.make CMakeFiles/cmTC_630c6.dir/build
gmake[1]: Entering directory '/home/dev/workspace/workspace/build/CMakeFiles/CMakeScratch/TryCompile-RmCImO'
Building C object CMakeFiles/cmTC_630c6.dir/CMakeCCompilerABI.c.o
/usr/bin/cc   -v -o CMakeFiles/cmTC_630c6.dir/CMakeCCompilerABI.c.o -c /usr/share/cmake-3.25/Modules/CMakeCCompilerABI.c
Using built-in specs.
COLLECT_GCC=/usr/bin/cc
Target: aarch64-linux-gnu
Configured with: ../src/configure -v --with-pkgversion='Debian 12.2.0-14+deb12u1' --with-bugurl=file:///usr/share/doc/gcc-12/README.Bugs --enable-languages=c,ada,c++,go,d,fortran,objc,obj-c++,m2 --prefix=/usr --with-gcc-major-version-only --program-suffix=-12 --program-prefix=aarch64-linux-gnu- --enable-shared --enable-linker-build-id --libexecdir=/usr/lib --without-included-gettext --enable-threads=posix --libdir=/usr/lib --enable-nls --enable-clocale=gnu --enable-libstdcxx-debug --enable-libstdcxx-time=yes --with-default-libstdcxx-abi=new --enable-gnu-unique-object --disable-libquadmath --disable-libquadmath-support --enable-plugin --enable-default-pie --with-system-zlib --enable-libphobos-checking=release --with-target-system-zlib=auto --enable-objc-gc=auto --enable-multiarch --enable-fix-cortex-a53-843419 --disable-werror --enable-checking=release --build=aarch64-linux-gnu --host=aarch64-linux-gnu --target=aarch64-linux-gnu
Thread model: posix
Supported LTO compression algorithms: zlib zstd
gcc version 12.2.0 (Debian 12.2.0-14+deb12u1) 
COLLECT_GCC_OPTIONS='-v' '-o' 'CMakeFiles/cmTC_630c6.dir/CMakeCCompilerABI.c.o' '-c' '-mlittle-endian' '-mabi=lp64' '-dumpdir' 'CMakeFiles/cmTC_630c6.dir/'
 /usr/lib/gcc/aarch64-linux-gnu/12/cc1 -quiet -v -imultiarch aarch64-linux-gnu /usr/share/cmake-3.25/Modules/CMakeCCompilerABI.c -quiet -dumpdir CMakeFiles/cmTC_630c6.dir/ -dumpbase CMakeCCompilerABI.c.c -dumpbase-ext .c -mlittle-endian -mabi=lp64 -version -fasynchronous-unwind-tables -o /tmp/ccSGUcop.s
GNU C17 (Debian 12.2.0-14+deb12u1) version 12.2.0 (aarch64-linux-gnu)
	compiled by GNU C version 12.2.0, GMP version 6.2.1, MPFR version 4.2.0, MPC version 1.3.1, isl version isl-0.25-GMP

GGC heuristics: --param ggc-min-expand=100 --param ggc-min-heapsize=131072
ignoring nonexistent directory "/usr/local/include/aarch64-linux-gnu"
ignoring nonexistent directory "/usr/lib/gcc/aarch64-linux-gnu/12/include-fixed"
ignoring nonexistent directory "/usr/lib/gcc/aarch64-linux-gnu/12/../../../../aarch64-linux-gnu/include"
#include "..." search starts here:
#include <...> search starts here:
 /usr/lib/gcc/aarch64-linux-gnu/12/include
 /usr/local/include
 /usr/include/aarch64-linux-gnu
 /usr/include
End of search list.
GNU C17 (Debian 12.2.0-14+deb12u1) version 12.2.0 (aarch64-linux-gnu)
	compiled by GNU C version 12.2.0, GMP version 6.2.1, MPFR version 4.2.0, MPC version 1.3.1, isl version isl-0.25-GMP

GGC heuristics: --param ggc-min-expand=100 --param ggc-min-heapsize=131072
Compiler executable checksum: 353d9f3bda0709922bce3bd32cc6f6a4
COLLECT_GCC_OPTIONS='-v' '-o' 'CMakeFiles/cmTC_630c6.dir/CMakeCCompilerABI.c.o' '-c' '-mlittle-endian' '-mabi=lp64' '-dumpdir' 'CMakeFiles/cmTC_630c6.dir/'
 as -v -EL -mabi=lp64 -o CMakeFiles/cmTC_630c6.dir/CMakeCCompilerABI.c.o /tmp/ccSGUcop.s
GNU assembler version 2.40 (aarch64-linux-gnu) using BFD version (GNU Binutils for Debian) 2.40
COMPILER_PATH=/usr/lib/gcc/aarch64-linux-gnu/12/:/usr/lib/gcc/aarch64-linux-gnu/12/:/usr/lib/gcc/aarch64-linux-gnu/:/usr/lib/gcc/aarch64-linux-gnu/12/:/usr/lib/gcc/aarch64-linux-gnu/
LIBRARY_PATH=/usr/lib/gcc/aarch64-linux-gnu/12/:/usr/lib/gcc/aarch64-linux-gnu/12/../../../aarch64-linux-gnu/:/usr/lib/gcc/aarch64-linux-gnu/12/../../../../lib/:/lib/aarch64-linux-gnu/:/lib/../lib/:/usr/lib/aarch64-linux-gnu/:/usr/lib/../lib/:/usr/lib/gcc/aarch64-linux-gnu/12/../../../:/lib/:/usr/lib/
COLLECT_GCC_OPTIONS='-v' '-o' 'CMakeFiles/cmTC_630c6.dir/CMakeCCompilerABI.c.o' '-c' '-mlittle-endian' '-mabi=lp64' '-dumpdir' 'CMakeFiles/cmTC_630c6.dir/CMakeCCompilerABI.c.'
Linking C executable cmTC_630c6
/usr/bin/cmake -E cmake_link_script CMakeFiles/cmTC_630c6.dir/link.txt --verbose=1
/usr/bin/cc  -v CMakeFiles/cmTC_630c6.dir/CMakeCCompilerABI.c.o -o cmTC_630c6 
Using built-in specs.
COLLECT_GCC=/usr/bin/cc
COLLECT_LTO_WRAPPER=/usr/lib/gcc/aarch64-linux-gnu/12/lto-wrapper
Target: aarch64-linux-gnu
Configured with: ../src/configure -v --with-pkgversion='Debian 12.2.0-14+deb12u1' --with-bugurl=file:///usr/share/doc/gcc-12/README.Bugs --enable-languages=c,ada,c++,go,d,fortran,objc,obj-c++,m2 --prefix=/usr --with-gcc-major-version-only --program-suffix=-12 --program-prefix=aarch64-linux-gnu- --enable-shared --enable-linker-build-id --libexecdir=/usr/lib --without-included-gettext --enable-threads=posix --libdir=/usr/lib --enable-nls --enable-clocale=gnu --enable-libstdcxx-debug --enable-libstdcxx-time=yes --with-default-libstdcxx-abi=new --enable-gnu-unique-object --disable-libquadmath --disable-libquadmath-support --enable-plugin --enable-default-pie --with-system-zlib --enable-libphobos-checking=release --with-target-system-zlib=auto --enable-objc-gc=auto --enable-multiarch --enable-fix-cortex-a53-843419 --disable-werror --enable-checking=release --build=aarch64-linux-gnu --host=aarch64-linux-gnu --target=aarch64-linux-gnu
Thread model: posix
Supported LTO compression algorithms: zlib zstd
gcc version 12.2.0 (Debian 12.2.0-14+deb12u1) 
COMPILER_PATH=/usr/lib/gcc/aarch64-linux-gnu/12/:/usr/lib/gcc/aarch64-linux-gnu/12/:/usr/lib/gcc/aarch64-linux-gnu/:/usr/lib/gcc/aarch64-linux-gnu/12/:/usr/lib/gcc/aarch64-linux-gnu/
LIBRARY_PATH=/usr/lib/gcc/aarch64-linux-gnu/12/:/usr/lib/gcc/aarch64-linux-gnu/12/../../../aarch64-linux-gnu/:/usr/lib/gcc/aarch64-linux-gnu/12/../../../../lib/:/lib/aarch64-linux-gnu/:/lib/../lib/:/usr/lib/aarch64-linux-gnu/:/usr/lib/../lib/:/usr/lib/gcc/aarch64-linux-gnu/12/../../../:/lib/:/usr/lib/
COLLECT_GCC_OPTIONS='-v' '-o' 'cmTC_630c6' '-mlittle-endian' '-mabi=lp64' '-dumpdir' 'cmTC_630c6.'
 /usr/lib/gcc/aarch64-linux-gnu/12/collect2 -plugin /usr/lib/gcc/aarch64-linux-gnu/12/liblto_plugin.so -plugin-opt=/usr/lib/gcc/aarch64-linux-gnu/12/lto-wrapper -plugin-opt=-fresolution=/tmp/ccf5Lvia.res -plugin-opt=-pass-through=-lgcc -plugin-opt=-pass-through=-lgcc_s -plugin-opt=-pass-through=-lc -plugin-opt=-pass-through=-lgcc -plugin-opt=-pass-through=-lgcc_s --build-id --eh-frame-hdr --hash-style=gnu --as-needed -dynamic-linker /lib/ld-linux-aarch64.so.1 -X -EL -maarch64linux --fix-cortex-a53-843419 -pie -o cmTC_630c6 /usr/lib/gcc/aarch64-linux-gnu/12/../../../aarch64-linux-gnu/Scrt1.o /usr/lib/gcc/aarch64-linux-gnu/12/../../../aarch64-linux-gnu/crti.o /usr/lib/gcc/aarch64-linux-gnu/12/crtbeginS.o -L/usr/lib/gcc/aarch64-linux-gnu/12 -L/usr/lib/gcc/aarch64-linux-gnu/12/../../../aarch64-linux-gnu -L/usr/lib/gcc/aarch64-linux-gnu/12/../../../../lib -L/lib/aarch64-linux-gnu -L/lib/../lib -L/usr/lib/aarch64-linux-gnu -L/usr/lib/../lib -L/usr/lib/gcc/aarch64-linux-gnu/12/../../.. CMakeFiles/cmTC_630c6.dir/CMakeCCompilerABI.c.o -lgcc --push-state --as-needed -lgcc_s --pop-state -lc -lgcc --push-state --as-needed -lgcc_s --pop-state /usr/lib/gcc/aarch64-linux-gnu/12/crtendS.o /usr/lib/gcc/aarch64-linux-gnu/12/../../../aarch64-linux-gnu/crtn.o
COLLECT_GCC_OPTIONS='-v' '-o' 'cmTC_630c6' '-mlittle-endian' '-mabi=lp64' '-dumpdir' 'cmTC_630c6.'
gmake[1]: Leaving directory '/home/dev/workspace/workspace/build/CMakeFiles/CMakeScratch/TryCompile-RmCImO'



Parsed C implicit include dir info from above output: rv=done
  found start of include info
  found start of implicit include info
    add: [/usr/lib/gcc/aarch64-linux-gnu/12/include]
    add: [/usr/local/include]
    add: [/usr/include/aarch64-linux-gnu]
    add: [/usr/include]
  end of search list found
  collapse include dir [/usr/lib/gcc/aarch64-linux-gnu/12/include] ==> [/usr/lib/gcc/aarch64-linux-gnu/12/include]
  collapse include dir [/usr/local/include] ==> [/usr/local/include]
  collapse include dir [/usr/include/aarch64-linux-gnu] ==> [/usr/include/aarch64-linux-gnu]
  collapse include dir [/usr/include] ==> [/usr/include]
  implicit include dirs: [/usr/lib/gcc/aarch64-linux-gnu/12/include;/usr/local/include;/usr/include/aarch64-linux-gnu;/usr/include]


Parsed C implicit link information from above output:
  link line regex: [^( *|.*[/\])(ld|CMAKE_LINK_STARTFILE-NOTFOUND|([^/\]+-)?ld|collect2)[^/\]*( |$)]
  ignore line: [Change Dir: /home/dev/workspace/workspace/build/CMakeFiles/CMakeScratch/TryCompile-RmCImO]
  ignore line: []
  ignore line: [Run Build Command(s):/usr/bin/gmake -f Makefile cmTC_630c6/fast && /usr/bin/gmake  -f CMakeFiles/cmTC_630c6.dir/build.make CMakeFiles/cmTC_630c6.dir/build]
  ignore line: [gmake[1]: Entering directory '/home/dev/workspace/workspace/build/CMakeFiles/CMakeScratch/TryCompile-RmCImO']
  ignore line: [Building C object CMakeFiles/cmTC_630c6.dir/CMakeCCompilerABI.c.o]
  ignore line: [/usr/bin/cc   -v -o CMakeFiles/cmTC_630c6.dir/CMakeCCompilerABI.c.o -c /usr/share/cmake-3.25/Modules/CMakeCCompilerABI.c]
  ignore line: [Using built-in specs.]
  ignore line: [COLLECT_GCC=/usr/bin/cc]
  ignore line: [Target: aarch64-linux-gnu]
  ignore line: [Configured with: ../src/configure -v --with-pkgversion='Debian 12.2.0-14+deb12u1' --with-bugurl=file:///usr/share/doc/gcc-12/README.Bugs --enable-languages=c ada c++ go d fortran objc obj-c++ m2 --prefix=/usr --with-gcc-major-version-only --program-suffix=-12 --program-prefix=aarch64-linux-gnu- --enable-shared --enable-linker-build-id --libexecdir=/usr/lib --without-included-gettext --enable-threads=posix --libdir=/usr/lib --enable-nls --enable-clocale=gnu --enable-libstdcxx-debug --enable-libstdcxx-time=yes --with-default-libstdcxx-abi=new --enable-gnu-unique-object --disable-libquadmath --disable-libquadmath-support --enable-plugin --enable-default-pie --with-system-zlib --enable-libphobos-checking=release --with-target-system-zlib=auto --enable-objc-gc=auto --enable-multiarch --enable-fix-cortex-a53-843419 --disable-werror --enable-checking=release --build=aarch64-linux-gnu --host=aarch64-linux-gnu --target=aarch64-linux-gnu]
  ignore line: [Thread model: posix]
  ignore line: [Supported LTO compression algorithms: zlib zstd]
  ignore line: [gcc version 12.2.0 (Debian 12.2.0-14+deb12u1) ]
  ignore line: [COLLECT_GCC_OPTIONS='-v' '-o' 'CMakeFiles/cmTC_630c6.dir/CMakeCCompilerABI.c.o' '-c' '-mlittle-endian' '-mabi=lp64' '-dumpdir' 'CMakeFiles/cmTC_630c6.dir/']
  ignore line: [ /usr/lib/gcc/aarch64-linux-gnu/12/cc1 -quiet -v -imultiarch aarch64-linux-gnu /usr/share/cmake-3.25/Modules/CMakeCCompilerABI.c -quiet -dumpdir CMakeFiles/cmTC_630c6.dir/ -dumpbase CMakeCCompilerABI.c.c -dumpbase-ext .c -mlittle-endian -mabi=lp64 -version -fasynchronous-unwind-tables -o /tmp/ccSGUcop.s]
  ignore line: [GNU C17 (Debian 12.2.0-14+deb12u1) version 12.2.0 (aarch64-linux-gnu)]
  ignore line: [	compiled by GNU C version 12.2.0  GMP version 6.2.1  MPFR version 4.2.0  MPC version 1.3.1  isl version isl-0.25-GMP]
  ignore line: []
  ignore line: [GGC heuristics: --param ggc-min-expand=100 --param ggc-min-heapsize=131072]
  ignore line: [ignoring nonexistent directory "/usr/local/include/aarch64-linux-gnu"]
  ignore line: [ignoring nonexistent directory "/usr/lib/gcc/aarch64-linux-gnu/12/include-fixed"]
  ignore line: [ignoring nonexistent directory "/usr/lib/gcc/aarch64-linux-gnu/12/../../../../aarch64-linux-gnu/include"]
  ignore line: [#include "..." search starts here:]
  ignore line: [#include <...> search starts here:]
  ignore line: [ /usr/lib/gcc/aarch64-linux-gnu/12/include]
  ignore line: [ /usr/local/include]
  ignore line: [ /usr/include/aarch64-linux-gnu]
  ignore line: [ /usr/include]
  ignore line: [End of search list.]
  ignore line: [GNU C17 (Debian 12.2.0-14+deb12u1) version 12.2.0 (aarch64-linux-gnu)]
  ignore line: [	compiled by GNU C version 12.2.0  GMP version 6.2.1  MPFR version 4.2.0  MPC version 1.3.1  isl version isl-0.25-GMP]
  ignore line: []
  ignore line: [GGC heuristics: --param ggc-min-expand=100 --param ggc-min-heapsize=131072]
  ignore line: [Compiler executable checksum: 353d9f3bda0709922bce3bd32cc6f6a4]
  ignore line: [COLLECT_GCC_OPTIONS='-v' '-o' 'CMakeFiles/cmTC_630c6.dir/CMakeCCompilerABI.c.o' '-c' '-mlittle-endian' '-mabi=lp64' '-dumpdir' 'CMakeFiles/cmTC_630c6.dir/']
  ignore line: [ as -v -EL -mabi=lp64 -o CMakeFiles/cmTC_630c6.dir/CMakeCCompilerABI.c.o /tmp/ccSGUcop.s]
  ignore line: [GNU assembler version 2.40 (aarch64-linux-gnu) using BFD version (GNU Binutils for Debian) 2.40]
  ignore line: [COMPILER_PATH=/usr/lib/gcc/aarch64-linux-gnu/12/:/usr/lib/gcc/aarch64-linux-gnu/12/:/usr/lib/gcc/aarch64-linux-gnu/:/usr/lib/gcc/aarch64-linux-gnu/12/:/usr/lib/gcc/aarch64-linux-gnu/]
  ignore line: [LIBRARY_PATH=/usr/lib/gcc/aarch64-linux-gnu/12/:/usr/lib/gcc/aarch64-linux-gnu/12/../../../aarch64-linux-gnu/:/usr/lib/gcc/aarch64-linux-gnu/12/../../../../lib/:/lib/aarch64-linux-gnu/:/lib/../lib/:/usr/lib/aarch64-linux-gnu/:/usr/lib/../lib/:/usr/lib/gcc/aarch64-linux-gnu/12/../../../:/lib/:/usr/lib/]
  ignore line: [COLLECT_GCC_OPTIONS='-v' '-o' 'CMakeFiles/cmTC_630c6.dir/CMakeCCompilerABI.c.o' '-c' '-mlittle-endian' '-mabi=lp64' '-dumpdir' 'CMakeFiles/cmTC_630c6.dir/CMakeCCompilerABI.c.']
  ignore line: [Linking C executable cmTC_630c6]
  ignore line: [/usr/bin/cmake -E cmake_link_script CMakeFiles/cmTC_630c6.dir/link.txt --verbose=1]
  ignore line: [/usr/bin/cc  -v CMakeFiles/cmTC_630c6.dir/CMakeCCompilerABI.c.o -o cmTC_630c6 ]
  ignore line: [Using built-in specs.]
  ignore line: [COLLECT_GCC=/usr/bin/cc]
  ignore line: [COLLECT_LTO_WRAPPER=/usr/lib/gcc/aarch64-linux-gnu/12/lto-wrapper]
  ignore line: [Target: aarch64-linux-gnu]
  ignore line: [Configured with: ../src/configure -v --with-pkgversion='Debian 12.2.0-14+deb12u1' --with-bugurl=file:///usr/share/doc/gcc-12/README.Bugs --enable-languages=c ada c++ go d fortran objc obj-c++ m2 --prefix=/usr --with-gcc-major-version-only --program-suffix=-12 --program-prefix=aarch64-linux-gnu- --enable-shared --enable-linker-build-id --libexecdir=/usr/lib --without-included-gettext --enable-threads=posix --libdir=/usr/lib --enable-nls --enable-clocale=gnu --enable-libstdcxx-debug --enable-libstdcxx-time=yes --with-default-libstdcxx-abi=new --enable-gnu-unique-object --disable-libquadmath --disable-libquadmath-support --enable-plugin --enable-default-pie --with-system-zlib --enable-libphobos-checking=release --with-target-system-zlib=auto --enable-objc-gc=auto --enable-multiarch --enable-fix-cortex-a53-843419 --disable-werror --enable-checking=release --build=aarch64-linux-gnu --host=aarch64-linux-gnu --target=aarch64-linux-gnu]
  ignore line: [Thread model: posix]
  ignore line: [Supported LTO compression algorithms: zlib zstd]
  ignore line: [gcc version 12.2.0 (Debian 12.2.0-14+deb12u1) ]
  ignore line: [COMPILER_PATH=/usr/lib/gcc/aarch64-linux-gnu/12/:/usr/lib/gcc/aarch64-linux-gnu/12/:/usr/lib/gcc/aarch64-linux-gnu/:/usr/lib/gcc/aarch64-linux-gnu/12/:/usr/lib/gcc/aarch64-linux-gnu/]
  ignore line: [LIBRARY_PATH=/usr/lib/gcc/aarch64-linux-gnu/12/:/usr/lib/gcc/aarch64-linux-gnu/12/../../../aarch64-linux-gnu/:/usr/lib/gcc/aarch64-linux-gnu/12/../../../../lib/:/lib/aarch64-linux-gnu/:/lib/../lib/:/usr/lib/aarch64-linux-gnu/:/usr/lib/../lib/:/usr/lib/gcc/aarch64-linux-gnu/12/../../../:/lib/:/usr/lib/]
  ignore line: [COLLECT_GCC_OPTIONS='-v' '-o' 'cmTC_630c6' '-mlittle-endian' '-mabi=lp64' '-dumpdir' 'cmTC_630c6.']
  link line: [ /usr/lib/gcc/aarch64-linux-gnu/12/collect2 -plugin /usr/lib/gcc/aarch64-linux-gnu/12/liblto_plugin.so -plugin-opt=/usr/lib/gcc/aarch64-linux-gnu/12/lto-wrapper -plugin-opt=-fresolution=/tmp/ccf5Lvia.res -plugin-opt=-pass-through=-lgcc -plugin-opt=-pass-through=-lgcc_s -plugin-opt=-pass-through=-lc -plugin-opt=-pass-through=-lgcc -plugin-opt=-pass-through=-lgcc_s --build-id --eh-frame-hdr --hash-style=gnu --as-needed -dynamic-linker /lib/ld-linux-aarch64.so.1 -X -EL -maarch64linux --fix-cortex-a53-843419 -pie -o cmTC_630c6 /usr/lib/gcc/aarch64-linux-gnu/12/../../../aarch64-linux-gnu/Scrt1.o /usr/lib/gcc/aarch64-linux-gnu/12/../../../aarch64-linux-gnu/crti.o /usr/lib/gcc/aarch64-linux-gnu/12/crtbeginS.o -L/usr/lib/gcc/aarch64-linux-gnu/12 -L/usr/lib/gcc/aarch64-linux-gnu/12/../../../aarch64-linux-gnu -L/usr/lib/gcc/aarch64-linux-gnu/12/../../../../lib -L/lib/aarch64-linux-gnu -L/lib/../lib -L/usr/lib/aarch64-linux-gnu -L/usr/lib/../lib -L/usr/lib/gcc/aarch64-linux-gnu/12/../../.. CMakeFiles/cmTC_630c6.dir/CMakeCCompilerABI.c.o -lgcc --push-state --as-needed -lgcc_s --pop-state -lc -lgcc --push-state --as-needed -lgcc_s --pop-state /usr/lib/gcc/aarch64-linux-gnu/12/crtendS.o /usr/lib/gcc/aarch64-linux-gnu/12/../../../aarch64-linux-gnu/crtn.o]
    arg [/usr/lib/gcc/aarch64-linux-gnu/12/collect2] ==> ignore
    arg [-plugin] ==> ignore
    arg [/usr/lib/gcc/aarch64-linux-gnu/12/liblto_plugin.so] ==> ignore
    arg [-plugin-opt=/usr/lib/gcc/aarch64-linux-gnu/12/lto-wrapper] ==> ignore
    arg [-plugin-opt=-fresolution=/tmp/ccf5Lvia.res] ==> ignore
    arg [-plugin-opt=-pass-through=-lgcc] ==> ignore
    arg [-plugin-opt=-pass-through=-lgcc_s] ==> ignore
    arg [-plugin-opt=-pass-through=-lc] ==> ignore
    arg [-plugin-opt=-pass-through=-lgcc] ==> ignore
    arg [-plugin-opt=-pass-through=-lgcc_s] ==> ignore
    arg [--build-id] ==> ignore
    arg [--eh-frame-hdr] ==> ignore
    arg [--hash-style=gnu] ==> ignore
    arg [--as-needed] ==> ignore
    arg [-dynamic-linker] ==> ignore
    arg [/lib/ld-linux-aarch64.so.1] ==> ignore
    arg [-X] ==> ignore
    arg [-EL] ==> ignore
    arg [-maarch64linux] ==> ignore
    arg [--fix-cortex-a53-843419] ==> ignore
    arg [-pie] ==> ignore
    arg [-o] ==> ignore
    arg [cmTC_630c6] ==> ignore
    arg [/usr/lib/gcc/aarch64-linux-gnu/12/../../../aarch64-linux-gnu/Scrt1.o] ==> obj [/usr/lib/gcc/aarch64-linux-gnu/12/../../../aarch64-linux-gnu/Scrt1.o]
    arg [/usr/lib/gcc/aarch64-linux-gnu/12/../../../aarch64-linux-gnu/crti.o] ==> obj [/usr/lib/gcc/aarch64-linux-gnu/12/../../../aarch64-linux-gnu/crti.o]
    arg [/usr/lib/gcc/aarch64-linux-gnu/12/crtbeginS.o] ==> obj [/usr/lib/gcc/aarch64-linux-gnu/12/crtbeginS.o]
    arg [-L/usr/lib/gcc/aarch64-linux-gnu/12] ==> dir [/usr/lib/gcc/aarch64-linux-gnu/12]
    arg [-L/usr/lib/gcc/aarch64-linux-gnu/12/../../../aarch64-linux-gnu] ==> dir [/usr/lib/gcc/aarch64-linux-gnu/12/../../../aarch64-linux-gnu]
    arg [-L/usr/lib/gcc/aarch64-linux-gnu/12/../../../../lib] ==> dir [/usr/lib/gcc/aarch64-linux-gnu/12/../../../../lib]
    arg [-L/lib/aarch64-linux-gnu] ==> dir [/lib/aarch64-linux-gnu]
    arg [-L/lib/../lib] ==> dir [/lib/../lib]
    arg [-L/usr/lib/aarch64-linux-gnu] ==> dir [/usr/lib/aarch64-linux-gnu]
    arg [-L/usr/lib/../lib] ==> dir [/usr/lib/../lib]
    arg [-L/usr/lib/gcc/aarch64-linux-gnu/12/../../..] ==> dir [/usr/lib/gcc/aarch64-linux-gnu/12/../../..]
    arg [CMakeFiles/cmTC_630c6.dir/CMakeCCompilerABI.c.o] ==> ignore
    arg [-lgcc] ==> lib [gcc]
    arg [--push-state] ==> ignore
    arg [--as-needed] ==> ignore
    arg [-lgcc_s] ==> lib [gcc_s]
    arg [--pop-state] ==> ignore
    arg [-lc] ==> lib [c]
    arg [-lgcc] ==> lib [gcc]
    arg [--push-state] ==> ignore
    arg [--as-needed] ==> ignore
    arg [-lgcc_s] ==> lib [gcc_s]
    arg [--pop-state] ==> ignore
    arg [/usr/lib/gcc/aarch64-linux-gnu/12/crtendS.o] ==> obj [/usr/lib/gcc/aarch64-linux-gnu/12/crtendS.o]
    arg [/usr/lib/gcc/aarch64-linux-gnu/12/../../../aarch64-linux-gnu/crtn.o] ==> obj [/usr/lib/gcc/aarch64-linux-gnu/12/../../../aarch64-linux-gnu/crtn.o]
  collapse obj [/usr/lib/gcc/aarch64-linux-gnu/12/../../../aarch64-linux-gnu/Scrt1.o] ==> [/usr/lib/aarch64-linux-gnu/Scrt1.o]
  collapse obj [/usr/lib/gcc/aarch64-linux-gnu/12/../../../aarch64-linux-gnu/crti.o] ==> [/usr/lib/aarch64-linux-gnu/crti.o]
  collapse obj [/usr/lib/gcc/aarch64-linux-gnu/12/../../../aarch64-linux-gnu/crtn.o] ==> [/usr/lib/aarch64-linux-gnu/crtn.o]
  collapse library dir [/usr/lib/gcc/aarch64-linux-gnu/12] ==> [/usr/lib/gcc/aarch64-linux-gnu/12]
  collapse library dir [/usr/lib/gcc/aarch64-linux-gnu/12/../../../aarch64-linux-gnu] ==> [/usr/lib/aarch64-linux-gnu]
  collapse library dir [/usr/lib/gcc/aarch64-linux-gnu/12/../../../../lib] ==> [/usr/lib]
  collapse library dir [/lib/aarch64-linux-gnu] ==> [/lib/aarch64-linux-gnu]
  collapse library dir [/lib/../lib] ==> [/lib]
  collapse library dir [/usr/lib/aarch64-linux-gnu] ==> [/usr/lib/aarch64-linux-gnu]
  collapse library dir [/usr/lib/../lib] ==> [/usr/lib]
  collapse library dir [/usr/lib/gcc/aarch64-linux-gnu/12/../../..] ==> [/usr/lib]
  implicit libs: [gcc;gcc_s;c;gcc;gcc_s]
  implicit objs: [/usr/lib/aarch64-linux-gnu/Scrt1.o;/usr/lib/aarch64-linux-gnu/crti.o;/usr/lib/gcc/aarch64-linux-gnu/12/crtbeginS.o;/usr/lib/gcc/aarch64-linux-gnu/12/crtendS.o;/usr/lib/aarch64-linux-gnu/crtn.o]
  implicit dirs: [/usr/lib/gcc/aarch64-linux-gnu/12;/usr/lib/aarch64-linux-gnu;/usr/lib;/lib/aarch64-linux-gnu;/lib]
  implicit fwks: []


The system is: Linux - 6.8.0-1050-oracle - aarch64
Compiling the C compiler identification source file "CMakeCCompilerId.c" succeeded.
Compiler: /usr/bin/cc 
Build flags: 
Id flags:  

The output was:
0


Compilation of the C compiler identification source "CMakeCCompilerId.c" produced "a.out"

The C compiler identification is GNU, found in "/home/dev/workspace/workspace/build/CMakeFiles/3.25.1/CompilerIdC/a.out"

Detecting C compiler ABI info compiled with the following output:
Change Dir: /home/dev/workspace/workspace/build/CMakeFiles/CMakeScratch/TryCompile-flaShR

Run Build Command(s):/usr/bin/gmake -f Makefile cmTC_1c6cd/fast && /usr/bin/gmake  -f CMakeFiles/cmTC_1c6cd.dir/build.make CMakeFiles/cmTC_1c6cd.dir/build
gmake[1]: Entering directory '/home/dev/workspace/workspace/build/CMakeFiles/CMakeScratch/TryCompile-flaShR'
Building C object CMakeFiles/cmTC_1c6cd.dir/CMakeCCompilerABI.c.o
/usr/bin/cc   -v -o CMakeFiles/cmTC_1c6cd.dir/CMakeCCompilerABI.c.o -c /usr/share/cmake-3.25/Modules/CMakeCCompilerABI.c
Using built-in specs.
COLLECT_GCC=/usr/bin/cc
Target: aarch64-linux-gnu
Configured with: ../src/configure -v --with-pkgversion='Debian 12.2.0-14+deb12u1' --with-bugurl=file:///usr/share/doc/gcc-12/README.Bugs --enable-languages=c,ada,c++,go,d,fortran,objc,obj-c++,m2 --prefix=/usr --with-gcc-major-version-only --program-suffix=-12 --program-prefix=aarch64-linux-gnu- --enable-shared --enable-linker-build-id --libexecdir=/usr/lib --without-included-gettext --enable-threads=posix --libdir=/usr/lib --enable-nls --enable-clocale=gnu --enable-libstdcxx-debug --enable-libstdcxx-time=yes --with-default-libstdcxx-abi=new --enable-gnu-unique-object --disable-libquadmath --disable-libquadmath-support --enable-plugin --enable-default-pie --with-system-zlib --enable-libphobos-checking=release --with-target-system-zlib=auto --enable-objc-gc=auto --enable-multiarch --enable-fix-cortex-a53-843419 --disable-werror --enable-checking=release --build=aarch64-linux-gnu --host=aarch64-linux-gnu --target=aarch64-linux-gnu
Thread model: posix
Supported LTO compression algorithms: zlib zstd
gcc version 12.2.0 (Debian 12.2.0-14+deb12u1) 
COLLECT_GCC_OPTIONS='-v' '-o' 'CMakeFiles/cmTC_1c6cd.dir/CMakeCCompilerABI.c.o' '-c' '-mlittle-endian' '-mabi=lp64' '-dumpdir' 'CMakeFiles/cmTC_1c6cd.dir/'
 /usr/lib/gcc/aarch64-linux-gnu/12/cc1 -quiet -v -imultiarch aarch64-linux-gnu /usr/share/cmake-3.25/Modules/CMakeCCompilerABI.c -quiet -dumpdir CMakeFiles/cmTC_1c6cd.dir/ -dumpbase CMakeCCompilerABI.c.c -dumpbase-ext .c -mlittle-endian -mabi=lp64 -version -fasynchronous-unwind-tables -o /tmp/ccbFSah2.s
GNU C17 (Debian 12.2.0-14+deb12u1) version 12.2.0 (aarch64-linux-gnu)
	compiled by GNU C version 12.2.0, GMP version 6.2.1, MPFR version 4.2.0, MPC version 1.3.1, isl version isl-0.25-GMP

GGC heuristics: --param ggc-min-expand=100 --param ggc-min-heapsize=131072
ignoring nonexistent directory "/usr/local/include/aarch64-linux-gnu"
ignoring nonexistent directory "/usr/lib/gcc/aarch64-linux-gnu/12/include-fixed"
ignoring nonexistent directory "/usr/lib/gcc/aarch64-linux-gnu/12/../../../../aarch64-linux-gnu/include"
#include "..." search starts here:
#include <...> search starts here:
 /usr/lib/gcc/aarch64-linux-gnu/12/include
 /usr/local/include
 /usr/include/aarch64-linux-gnu
 /usr/include
End of search list.
GNU C17 (Debian 12.2.0-14+deb12u1) version 12.2.0 (aarch64-linux-gnu)
	compiled by GNU C version 12.2.0, GMP version 6.2.1, MPFR version 4.2.0, MPC version 1.3.1, isl version isl-0.25-GMP

GGC heuristics: --param ggc-min-expand=100 --param ggc-min-heapsize=131072
Compiler executable checksum: 353d9f3bda0709922bce3bd32cc6f6a4
COLLECT_GCC_OPTIONS='-v' '-o' 'CMakeFiles/cmTC_1c6cd.dir/CMakeCCompilerABI.c.o' '-c' '-mlittle-endian' '-mabi=lp64' '-dumpdir' 'CMakeFiles/cmTC_1c6cd.dir/'
 as -v -EL -mabi=lp64 -o CMakeFiles/cmTC_1c6cd.dir/CMakeCCompilerABI.c.o /tmp/ccbFSah2.s
GNU assembler version 2.40 (aarch64-linux-gnu) using BFD version (GNU Binutils for Debian) 2.40
COMPILER_PATH=/usr/lib/gcc/aarch64-linux-gnu/12/:/usr/lib/gcc/aarch64-linux-gnu/12/:/usr/lib/gcc/aarch64-linux-gnu/:/usr/lib/gcc/aarch64-linux-gnu/12/:/usr/lib/gcc/aarch64-linux-gnu/
LIBRARY_PATH=/usr/lib/gcc/aarch64-linux-gnu/12/:/usr/lib/gcc/aarch64-linux-gnu/12/../../../aarch64-linux-gnu/:/usr/lib/gcc/aarch64-linux-gnu/12/../../../../lib/:/lib/aarch64-linux-gnu/:/lib/../lib/:/usr/lib/aarch64-linux-gnu/:/usr/lib/../lib/:/usr/lib/gcc/aarch64-linux-gnu/12/../../../:/lib/:/usr/lib/
COLLECT_GCC_OPTIONS='-v' '-o' 'CMakeFiles/cmTC_1c6cd.dir/CMakeCCompilerABI.c.o' '-c' '-mlittle-endian' '-mabi=lp64' '-dumpdir' 'CMakeFiles/cmTC_1c6cd.dir/CMakeCCompilerABI.c.'
Linking C executable cmTC_1c6cd
/usr/bin/cmake -E cmake_link_script CMakeFiles/cmTC_1c6cd.dir/link.txt --verbose=1
/usr/bin/cc  -v CMakeFiles/cmTC_1c6cd.dir/CMakeCCompilerABI.c.o -o cmTC_1c6cd 
Using built-in specs.
COLLECT_GCC=/usr/bin/cc
COLLECT_LTO_WRAPPER=/usr/lib/gcc/aarch64-linux-gnu/12/lto-wrapper
Target: aarch64-linux-gnu
Configured with: ../src/configure -v --with-pkgversion='Debian 12.2.0-14+deb12u1' --with-bugurl=file:///usr/share/doc/gcc-12/README.Bugs --enable-languages=c,ada,c++,go,d,fortran,objc,obj-c++,m2 --prefix=/usr --with-gcc-major-version-only --program-suffix=-12 --program-prefix=aarch64-linux-gnu- --enable-shared --enable-linker-build-id --libexecdir=/usr/lib --without-included-gettext --enable-threads=posix --libdir=/usr/lib --enable-nls --enable-clocale=gnu --enable-libstdcxx-debug --enable-libstdcxx-time=yes --with-default-libstdcxx-abi=new --enable-gnu-unique-object --disable-libquadmath --disable-libquadmath-support --enable-plugin --enable-default-pie --with-system-zlib --enable-libphobos-checking=release --with-target-system-zlib=auto --enable-objc-gc=auto --enable-multiarch --enable-fix-cortex-a53-843419 --disable-werror --enable-checking=release --build=aarch64-linux-gnu --host=aarch64-linux-gnu --target=aarch64-linux-gnu
Thread model: posix
Supported LTO compression algorithms: zlib zstd
gcc version 12.2.0 (Debian 12.2.0-14+deb12u1) 
COMPILER_PATH=/usr/lib/gcc/aarch64-linux-gnu/12/:/usr/lib/gcc/aarch64-linux-gnu/12/:/usr/lib/gcc/aarch64-linux-gnu/:/usr/lib/gcc/aarch64-linux-gnu/12/:/usr/lib/gcc/aarch64-linux-gnu/
LIBRARY_PATH=/usr/lib/gcc/aarch64-linux-gnu/12/:/usr/lib/gcc/aarch64-linux-gnu/12/../../../aarch64-linux-gnu/:/usr/lib/gcc/aarch64-linux-gnu/12/../../../../lib/:/lib/aarch64-linux-gnu/:/lib/../lib/:/usr/lib/aarch64-linux-gnu/:/usr/lib/../lib/:/usr/lib/gcc/aarch64-linux-gnu/12/../../../:/lib/:/usr/lib/
COLLECT_GCC_OPTIONS='-v' '-o' 'cmTC_1c6cd' '-mlittle-endian' '-mabi=lp64' '-dumpdir' 'cmTC_1c6cd.'
 /usr/lib/gcc/aarch64-linux-gnu/12/collect2 -plugin /usr/lib/gcc/aarch64-linux-gnu/12/liblto_plugin.so -plugin-opt=/usr/lib/gcc/aarch64-linux-gnu/12/lto-wrapper -plugin-opt=-fresolution=/tmp/ccIw7FN2.res -plugin-opt=-pass-through=-lgcc -plugin-opt=-pass-through=-lgcc_s -plugin-opt=-pass-through=-lc -plugin-opt=-pass-through=-lgcc -plugin-opt=-pass-through=-lgcc_s --build-id --eh-frame-hdr --hash-style=gnu --as-needed -dynamic-linker /lib/ld-linux-aarch64.so.1 -X -EL -maarch64linux --fix-cortex-a53-843419 -pie -o cmTC_1c6cd /usr/lib/gcc/aarch64-linux-gnu/12/../../../aarch64-linux-gnu/Scrt1.o /usr/lib/gcc/aarch64-linux-gnu/12/../../../aarch64-linux-gnu/crti.o /usr/lib/gcc/aarch64-linux-gnu/12/crtbeginS.o -L/usr/lib/gcc/aarch64-linux-gnu/12 -L/usr/lib/gcc/aarch64-linux-gnu/12/../../../aarch64-linux-gnu -L/usr/lib/gcc/aarch64-linux-gnu/12/../../../../lib -L/lib/aarch64-linux-gnu -L/lib/../lib -L/usr/lib/aarch64-linux-gnu -L/usr/lib/../lib -L/usr/lib/gcc/aarch64-linux-gnu/12/../../.. CMakeFiles/cmTC_1c6cd.dir/CMakeCCompilerABI.c.o -lgcc --push-state --as-needed -lgcc_s --pop-state -lc -lgcc --push-state --as-needed -lgcc_s --pop-state /usr/lib/gcc/aarch64-linux-gnu/12/crtendS.o /usr/lib/gcc/aarch64-linux-gnu/12/../../../aarch64-linux-gnu/crtn.o
COLLECT_GCC_OPTIONS='-v' '-o' 'cmTC_1c6cd' '-mlittle-endian' '-mabi=lp64' '-dumpdir' 'cmTC_1c6cd.'
gmake[1]: Leaving directory '/home/dev/workspace/workspace/build/CMakeFiles/CMakeScratch/TryCompile-flaShR'



Parsed C implicit include dir info from above output: rv=done
  found start of include info
  found start of implicit include info
    add: [/usr/lib/gcc/aarch64-linux-gnu/12/include]
    add: [/usr/local/include]
    add: [/usr/include/aarch64-linux-gnu]
    add: [/usr/include]
  end of search list found
  collapse include dir [/usr/lib/gcc/aarch64-linux-gnu/12/include] ==> [/usr/lib/gcc/aarch64-linux-gnu/12/include]
  collapse include dir [/usr/local/include] ==> [/usr/local/include]
  collapse include dir [/usr/include/aarch64-linux-gnu] ==> [/usr/include/aarch64-linux-gnu]
  collapse include dir [/usr/include] ==> [/usr/include]
  implicit include dirs: [/usr/lib/gcc/aarch64-linux-gnu/12/include;/usr/local/include;/usr/include/aarch64-linux-gnu;/usr/include]


Parsed C implicit link information from above output:
  link line regex: [^( *|.*[/\])(ld|CMAKE_LINK_STARTFILE-NOTFOUND|([^/\]+-)?ld|collect2)[^/\]*( |$)]
  ignore line: [Change Dir: /home/dev/workspace/workspace/build/CMakeFiles/CMakeScratch/TryCompile-flaShR]
  ignore line: []
  ignore line: [Run Build Command(s):/usr/bin/gmake -f Makefile cmTC_1c6cd/fast && /usr/bin/gmake  -f CMakeFiles/cmTC_1c6cd.dir/build.make CMakeFiles/cmTC_1c6cd.dir/build]
  ignore line: [gmake[1]: Entering directory '/home/dev/workspace/workspace/build/CMakeFiles/CMakeScratch/TryCompile-flaShR']
  ignore line: [Building C object CMakeFiles/cmTC_1c6cd.dir/CMakeCCompilerABI.c.o]
  ignore line: [/usr/bin/cc   -v -o CMakeFiles/cmTC_1c6cd.dir/CMakeCCompilerABI.c.o -c /usr/share/cmake-3.25/Modules/CMakeCCompilerABI.c]
  ignore line: [Using built-in specs.]
  ignore line: [COLLECT_GCC=/usr/bin/cc]
  ignore line: [Target: aarch64-linux-gnu]
  ignore line: [Configured with: ../src/configure -v --with-pkgversion='Debian 12.2.0-14+deb12u1' --with-bugurl=file:///usr/share/doc/gcc-12/README.Bugs --enable-languages=c ada c++ go d fortran objc obj-c++ m2 --prefix=/usr --with-gcc-major-version-only --program-suffix=-12 --program-prefix=aarch64-linux-gnu- --enable-shared --enable-linker-build-id --libexecdir=/usr/lib --without-included-gettext --enable-threads=posix --libdir=/usr/lib --enable-nls --enable-clocale=gnu --enable-libstdcxx-debug --enable-libstdcxx-time=yes --with-default-libstdcxx-abi=new --enable-gnu-unique-object --disable-libquadmath --disable-libquadmath-support --enable-plugin --enable-default-pie --with-system-zlib --enable-libphobos-checking=release --with-target-system-zlib=auto --enable-objc-gc=auto --enable-multiarch --enable-fix-cortex-a53-843419 --disable-werror --enable-checking=release --build=aarch64-linux-gnu --host=aarch64-linux-gnu --target=aarch64-linux-gnu]
  ignore line: [Thread model: posix]
  ignore line: [Supported LTO compression algorithms: zlib zstd]
  ignore line: [gcc version 12.2.0 (Debian 12.2.0-14+deb12u1) ]
  ignore line: [COLLECT_GCC_OPTIONS='-v' '-o' 'CMakeFiles/cmTC_1c6cd.dir/CMakeCCompilerABI.c.o' '-c' '-mlittle-endian' '-mabi=lp64' '-dumpdir' 'CMakeFiles/cmTC_1c6cd.dir/']
  ignore line: [ /usr/lib/gcc/aarch64-linux-gnu/12/cc1 -quiet -v -imultiarch aarch64-linux-gnu /usr/share/cmake-3.25/Modules/CMakeCCompilerABI.c -quiet -dumpdir CMakeFiles/cmTC_1c6cd.dir/ -dumpbase CMakeCCompilerABI.c.c -dumpbase-ext .c -mlittle-endian -mabi=lp64 -version -fasynchronous-unwind-tables -o /tmp/ccbFSah2.s]
  ignore line: [GNU C17 (Debian 12.2.0-14+deb12u1) version 12.2.0 (aarch64-linux-gnu)]
  ignore line: [	compiled by GNU C version 12.2.0  GMP version 6.2.1  MPFR version 4.2.0  MPC version 1.3.1  isl version isl-0.25-GMP]
  ignore line: []
  ignore line: [GGC heuristics: --param ggc-min-expand=100 --param ggc-min-heapsize=131072]
  ignore line: [ignoring nonexistent directory "/usr/local/include/aarch64-linux-gnu"]
  ignore line: [ignoring nonexistent directory "/usr/lib/gcc/aarch64-linux-gnu/12/include-fixed"]
  ignore line: [ignoring nonexistent directory "/usr/lib/gcc/aarch64-linux-gnu/12/../../../../aarch64-linux-gnu/include"]
  ignore line: [#include "..." search starts here:]
  ignore line: [#include <...> search starts here:]
  ignore line: [ /usr/lib/gcc/aarch64-linux-gnu/12/include]
  ignore line: [ /usr/local/include]
  ignore line: [ /usr/include/aarch64-linux-gnu]
  ignore line: [ /usr/include]
  ignore line: [End of search list.]
  ignore line: [GNU C17 (Debian 12.2.0-14+deb12u1) version 12.2.0 (aarch64-linux-gnu)]
  ignore line: [	compiled by GNU C version 12.2.0  GMP version 6.2.1  MPFR version 4.2.0  MPC version 1.3.1  isl version isl-0.25-GMP]
  ignore line: []
  ignore line: [GGC heuristics: --param ggc-min-expand=100 --param ggc-min-heapsize=131072]
  ignore line: [Compiler executable checksum: 353d9f3bda0709922bce3bd32cc6f6a4]
  ignore line: [COLLECT_GCC_OPTIONS='-v' '-o' 'CMakeFiles/cmTC_1c6cd.dir/CMakeCCompilerABI.c.o' '-c' '-mlittle-endian' '-mabi=lp64' '-dumpdir' 'CMakeFiles/cmTC_1c6cd.dir/']
  ignore line: [ as -v -EL -mabi=lp64 -o CMakeFiles/cmTC_1c6cd.dir/CMakeCCompilerABI.c.o /tmp/ccbFSah2.s]
  ignore line: [GNU assembler version 2.40 (aarch64-linux-gnu) using BFD version (GNU Binutils for Debian) 2.40]
  ignore line: [COMPILER_PATH=/usr/lib/gcc/aarch64-linux-gnu/12/:/usr/lib/gcc/aarch64-linux-gnu/12/:/usr/lib/gcc/aarch64-linux-gnu/:/usr/lib/gcc/aarch64-linux-gnu/12/:/usr/lib/gcc/aarch64-linux-gnu/]
  ignore line: [LIBRARY_PATH=/usr/lib/gcc/aarch64-linux-gnu/12/:/usr/lib/gcc/aarch64-linux-gnu/12/../../../aarch64-linux-gnu/:/usr/lib/gcc/aarch64-linux-gnu/12/../../../../lib/:/lib/aarch64-linux-gnu/:/lib/../lib/:/usr/lib/aarch64-linux-gnu/:/usr/lib/../lib/:/usr/lib/gcc/aarch64-linux-gnu/12/../../../:/lib/:/usr/lib/]
  ignore line: [COLLECT_GCC_OPTIONS='-v' '-o' 'CMakeFiles/cmTC_1c6cd.dir/CMakeCCompilerABI.c.o' '-c' '-mlittle-endian' '-mabi=lp64' '-dumpdir' 'CMakeFiles/cmTC_1c6cd.dir/CMakeCCompilerABI.c.']
  ignore line: [Linking C executable cmTC_1c6cd]
  ignore line: [/usr/bin/cmake -E cmake_link_script CMakeFiles/cmTC_1c6cd.dir/link.txt --verbose=1]
  ignore line: [/usr/bin/cc  -v CMakeFiles/cmTC_1c6cd.dir/CMakeCCompilerABI.c.o -o cmTC_1c6cd ]
  ignore line: [Using built-in specs.]
  ignore line: [COLLECT_GCC=/usr/bin/cc]
  ignore line: [COLLECT_LTO_WRAPPER=/usr/lib/gcc/aarch64-linux-gnu/12/lto-wrapper]
  ignore line: [Target: aarch64-linux-gnu]
  ignore line: [Configured with: ../src/configure -v --with-pkgversion='Debian 12.2.0-14+deb12u1' --with-bugurl=file:///usr/share/doc/gcc-12/README.Bugs --enable-languages=c ada c++ go d fortran objc obj-c++ m2 --prefix=/usr --with-gcc-major-version-only --program-suffix=-12 --program-prefix=aarch64-linux-gnu- --enable-shared --enable-linker-build-id --libexecdir=/usr/lib --without-included-gettext --enable-threads=posix --libdir=/usr/lib --enable-nls --enable-clocale=gnu --enable-libstdcxx-debug --enable-libstdcxx-time=yes --with-default-libstdcxx-abi=new --enable-gnu-unique-object --disable-libquadmath --disable-libquadmath-support --enable-plugin --enable-default-pie --with-system-zlib --enable-libphobos-checking=release --with-target-system-zlib=auto --enable-objc-gc=auto --enable-multiarch --enable-fix-cortex-a53-843419 --disable-werror --enable-checking=release --build=aarch64-linux-gnu --host=aarch64-linux-gnu --target=aarch64-linux-gnu]
  ignore line: [Thread model: posix]
  ignore line: [Supported LTO compression algorithms: zlib zstd]
  ignore line: [gcc version 12.2.0 (Debian 12.2.0-14+deb12u1) ]
  ignore line: [COMPILER_PATH=/usr/lib/gcc/aarch64-linux-gnu/12/:/usr/lib/gcc/aarch64-linux-gnu/12/:/usr/lib/gcc/aarch64-linux-gnu/:/usr/lib/gcc/aarch64-linux-gnu/12/:/usr/lib/gcc/aarch64-linux-gnu/]
  ignore line: [LIBRARY_PATH=/usr/lib/gcc/aarch64-linux-gnu/12/:/usr/lib/gcc/aarch64-linux-gnu/12/../../../aarch64-linux-gnu/:/usr/lib/gcc/aarch64-linux-gnu/12/../../../../lib/:/lib/aarch64-linux-gnu/:/lib/../lib/:/usr/lib/aarch64-linux-gnu/:/usr/lib/../lib/:/usr/lib/gcc/aarch64-linux-gnu/12/../../../:/lib/:/usr/lib/]
  ignore line: [COLLECT_GCC_OPTIONS='-v' '-o' 'cmTC_1c6cd' '-mlittle-endian' '-mabi=lp64' '-dumpdir' 'cmTC_1c6cd.']
  link line: [ /usr/lib/gcc/aarch64-linux-gnu/12/collect2 -plugin /usr/lib/gcc/aarch64-linux-gnu/12/liblto_plugin.so -plugin-opt=/usr/lib/gcc/aarch64-linux-gnu/12/lto-wrapper -plugin-opt=-fresolution=/tmp/ccIw7FN2.res -plugin-opt=-pass-through=-lgcc -plugin-opt=-pass-through=-lgcc_s -plugin-opt=-pass-through=-lc -plugin-opt=-pass-through=-lgcc -plugin-opt=-pass-through=-lgcc_s --build-id --eh-frame-hdr --hash-style=gnu --as-needed -dynamic-linker /lib/ld-linux-aarch64.so.1 -X -EL -maarch64linux --fix-cortex-a53-843419 -pie -o cmTC_1c6cd /usr/lib/gcc/aarch64-linux-gnu/12/../../../aarch64-linux-gnu/Scrt1.o /usr/lib/gcc/aarch64-linux-gnu/12/../../../aarch64-linux-gnu/crti.o /usr/lib/gcc/aarch64-linux-gnu/12/crtbeginS.o -L/usr/lib/gcc/aarch64-linux-gnu/12 -L/usr/lib/gcc/aarch64-linux-gnu/12/../../../aarch64-linux-gnu -L/usr/lib/gcc/aarch64-linux-gnu/12/../../../../lib -L/lib/aarch64-linux-gnu -L/lib/../lib -L/usr/lib/aarch64-linux-gnu -L/usr/lib/../lib -L/usr/lib/gcc/aarch64-linux-gnu/12/../../.. CMakeFiles/cmTC_1c6cd.dir/CMakeCCompilerABI.c.o -lgcc --push-state --as-needed -lgcc_s --pop-state -lc -lgcc --push-state --as-needed -lgcc_s --pop-state /usr/lib/gcc/aarch64-linux-gnu/12/crtendS.o /usr/lib/gcc/aarch64-linux-gnu/12/../../../aarch64-linux-gnu/crtn.o]
    arg [/usr/lib/gcc/aarch64-linux-gnu/12/collect2] ==> ignore
    arg [-plugin] ==> ignore
    arg [/usr/lib/gcc/aarch64-linux-gnu/12/liblto_plugin.so] ==> ignore
    arg [-plugin-opt=/usr/lib/gcc/aarch64-linux-gnu/12/lto-wrapper] ==> ignore
    arg [-plugin-opt=-fresolution=/tmp/ccIw7FN2.res] ==> ignore
    arg [-plugin-opt=-pass-through=-lgcc] ==> ignore
    arg [-plugin-opt=-pass-through=-lgcc_s] ==> ignore
    arg [-plugin-opt=-pass-through=-lc] ==> ignore
    arg [-plugin-opt=-pass-through=-lgcc] ==> ignore
    arg [-plugin-opt=-pass-through=-lgcc_s] ==> ignore
    arg [--build-id] ==> ignore
    arg [--eh-frame-hdr] ==> ignore
    arg [--hash-style=gnu] ==> ignore
    arg [--as-needed] ==> ignore
    arg [-dynamic-linker] ==> ignore
    arg [/lib/ld-linux-aarch64.so.1] ==> ignore
    arg [-X] ==> ignore
    arg [-EL] ==> ignore
    arg [-maarch64linux] ==> ignore
    arg [--fix-cortex-a53-843419] ==> ignore
    arg [-pie] ==> ignore
    arg [-o] ==> ignore
    arg [cmTC_1c6cd] ==> ignore
    arg [/usr/lib/gcc/aarch64-linux-gnu/12/../../../aarch64-linux-gnu/Scrt1.o] ==> obj [/usr/lib/gcc/aarch64-linux-gnu/12/../../../aarch64-linux-gnu/Scrt1.o]
    arg [/usr/lib/gcc/aarch64-linux-gnu/12/../../../aarch64-linux-gnu/crti.o] ==> obj [/usr/lib/gcc/aarch64-linux-gnu/12/../../../aarch64-linux-gnu/crti.o]
    arg [/usr/lib/gcc/aarch64-linux-gnu/12/crtbeginS.o] ==> obj [/usr/lib/gcc/aarch64-linux-gnu/12/crtbeginS.o]
    arg [-L/usr/lib/gcc/aarch64-linux-gnu/12] ==> dir [/usr/lib/gcc/aarch64-linux-gnu/12]
    arg [-L/usr/lib/gcc/aarch64-linux-gnu/12/../../../aarch64-linux-gnu] ==> dir [/usr/lib/gcc/aarch64-linux-gnu/12/../../../aarch64-linux-gnu]
    arg [-L/usr/lib/gcc/aarch64-linux-gnu/12/../../../../lib] ==> dir [/usr/lib/gcc/aarch64-linux-gnu/12/../../../../lib]
    arg [-L/lib/aarch64-linux-gnu] ==> dir [/lib/aarch64-linux-gnu]
    arg [-L/lib/../lib] ==> dir [/lib/../lib]
    arg [-L/usr/lib/aarch64-linux-gnu] ==> dir [/usr/lib/aarch64-linux-gnu]
    arg [-L/usr/lib/../lib] ==> dir [/usr/lib/../lib]
    arg [-L/usr/lib/gcc/aarch64-linux-gnu/12/../../..] ==> dir [/usr/lib/gcc/aarch64-linux-gnu/12/../../..]
    arg [CMakeFiles/cmTC_1c6cd.dir/CMakeCCompilerABI.c.o] ==> ignore
    arg [-lgcc] ==> lib [gcc]
    arg [--push-state] ==> ignore
    arg [--as-needed] ==> ignore
    arg [-lgcc_s] ==> lib [gcc_s]
    arg [--pop-state] ==> ignore
    arg [-lc] ==> lib [c]
    arg [-lgcc] ==> lib [gcc]
    arg [--push-state] ==> ignore
    arg [--as-needed] ==> ignore
    arg [-lgcc_s] ==> lib [gcc_s]
    arg [--pop-state] ==> ignore
    arg [/usr/lib/gcc/aarch64-linux-gnu/12/crtendS.o] ==> obj [/usr/lib/gcc/aarch64-linux-gnu/12/crtendS.o]
    arg [/usr/lib/gcc/aarch64-linux-gnu/12/../../../aarch64-linux-gnu/crtn.o] ==> obj [/usr/lib/gcc/aarch64-linux-gnu/12/../../../aarch64-linux-gnu/crtn.o]
  collapse obj [/usr/lib/gcc/aarch64-linux-gnu/12/../../../aarch64-linux-gnu/Scrt1.o] ==> [/usr/lib/aarch64-linux-gnu/Scrt1.o]
  collapse obj [/usr/lib/gcc/aarch64-linux-gnu/12/../../../aarch64-linux-gnu/crti.o] ==> [/usr/lib/aarch64-linux-gnu/crti.o]
  collapse obj [/usr/lib/gcc/aarch64-linux-gnu/12/../../../aarch64-linux-gnu/crtn.o] ==> [/usr/lib/aarch64-linux-gnu/crtn.o]
  collapse library dir [/usr/lib/gcc/aarch64-linux-gnu/12] ==> [/usr/lib/gcc/aarch64-linux-gnu/12]
  collapse library dir [/usr/lib/gcc/aarch64-linux-gnu/12/../../../aarch64-linux-gnu] ==> [/usr/lib/aarch64-linux-gnu]
  collapse library dir [/usr/lib/gcc/aarch64-linux-gnu/12/../../../../lib] ==> [/usr/lib]
  collapse library dir [/lib/aarch64-linux-gnu] ==> [/lib/aarch64-linux-gnu]
  collapse library dir [/lib/../lib] ==> [/lib]
  collapse library dir [/usr/lib/aarch64-linux-gnu] ==> [/usr/lib/aarch64-linux-gnu]
  collapse library dir [/usr/lib/../lib] ==> [/usr/lib]
  collapse library dir [/usr/lib/gcc/aarch64-linux-gnu/12/../../..] ==> [/usr/lib]
  implicit libs: [gcc;gcc_s;c;gcc;gcc_s]
  implicit objs: [/usr/lib/aarch64-linux-gnu/Scrt1.o;/usr/lib/aarch64-linux-gnu/crti.o;/usr/lib/gcc/aarch64-linux-gnu/12/crtbeginS.o;/usr/lib/gcc/aarch64-linux-gnu/12/crtendS.o;/usr/lib/aarch64-linux-gnu/crtn.o]
  implicit dirs: [/usr/lib/gcc/aarch64-linux-gnu/12;/usr/lib/aarch64-linux-gnu;/usr/lib;/lib/aarch64-linux-gnu;/lib]
  implicit fwks: []


The system is: Linux - 6.8.0-1050-oracle - aarch64
Compiling the C compiler identification source file "CMakeCCompilerId.c" succeeded.
Compiler: /usr/bin/cc 
Build flags: 
Id flags:  

The output was:
0


Compilation of the C compiler identification source "CMakeCCompilerId.c" produced "a.out"

The C compiler identification is GNU, found in "/home/dev/workspace/workspace/build/CMakeFiles/3.25.1/CompilerIdC/a.out"

Detecting C compiler ABI info compiled with the following output:
Change Dir: /home/dev/workspace/workspace/build/CMakeFiles/CMakeScratch/TryCompile-mSSyBf

Run Build Command(s):/usr/bin/gmake -f Makefile cmTC_dce22/fast && /usr/bin/gmake  -f CMakeFiles/cmTC_dce22.dir/build.make CMakeFiles/cmTC_dce22.dir/build
gmake[1]: Entering directory '/home/dev/workspace/workspace/build/CMakeFiles/CMakeScratch/TryCompile-mSSyBf'
Building C object CMakeFiles/cmTC_dce22.dir/CMakeCCompilerABI.c.o
/usr/bin/cc   -v -o CMakeFiles/cmTC_dce22.dir/CMakeCCompilerABI.c.o -c /usr/share/cmake-3.25/Modules/CMakeCCompilerABI.c
Using built-in specs.
COLLECT_GCC=/usr/bin/cc
Target: aarch64-linux-gnu
Configured with: ../src/configure -v --with-pkgversion='Debian 12.2.0-14+deb12u1' --with-bugurl=file:///usr/share/doc/gcc-12/README.Bugs --enable-languages=c,ada,c++,go,d,fortran,objc,obj-c++,m2 --prefix=/usr --with-gcc-major-version-only --program-suffix=-12 --program-prefix=aarch64-linux-gnu- --enable-shared --enable-linker-build-id --libexecdir=/usr/lib --without-included-gettext --enable-threads=posix --libdir=/usr/lib --enable-nls --enable-clocale=gnu --enable-libstdcxx-debug --enable-libstdcxx-time=yes --with-default-libstdcxx-abi=new --enable-gnu-unique-object --disable-libquadmath --disable-libquadmath-support --enable-plugin --enable-default-pie --with-system-zlib --enable-libphobos-checking=release --with-target-system-zlib=auto --enable-objc-gc=auto --enable-multiarch --enable-fix-cortex-a53-843419 --disable-werror --enable-checking=release --build=aarch64-linux-gnu --host=aarch64-linux-gnu --target=aarch64-linux-gnu
Thread model: posix
Supported LTO compression algorithms: zlib zstd
gcc version 12.2.0 (Debian 12.2.0-14+deb12u1) 
COLLECT_GCC_OPTIONS='-v' '-o' 'CMakeFiles/cmTC_dce22.dir/CMakeCCompilerABI.c.o' '-c' '-mlittle-endian' '-mabi=lp64' '-dumpdir' 'CMakeFiles/cmTC_dce22.dir/'
 /usr/lib/gcc/aarch64-linux-gnu/12/cc1 -quiet -v -imultiarch aarch64-linux-gnu /usr/share/cmake-3.25/Modules/CMakeCCompilerABI.c -quiet -dumpdir CMakeFiles/cmTC_dce22.dir/ -dumpbase CMakeCCompilerABI.c.c -dumpbase-ext .c -mlittle-endian -mabi=lp64 -version -fasynchronous-unwind-tables -o /tmp/ccpWCS01.s
GNU C17 (Debian 12.2.0-14+deb12u1) version 12.2.0 (aarch64-linux-gnu)
	compiled by GNU C version 12.2.0, GMP version 6.2.1, MPFR version 4.2.0, MPC version 1.3.1, isl version isl-0.25-GMP

GGC heuristics: --param ggc-min-expand=100 --param ggc-min-heapsize=131072
ignoring nonexistent directory "/usr/local/include/aarch64-linux-gnu"
ignoring nonexistent directory "/usr/lib/gcc/aarch64-linux-gnu/12/include-fixed"
ignoring nonexistent directory "/usr/lib/gcc/aarch64-linux-gnu/12/../../../../aarch64-linux-gnu/include"
#include "..." search starts here:
#include <...> search starts here:
 /usr/lib/gcc/aarch64-linux-gnu/12/include
 /usr/local/include
 /usr/include/aarch64-linux-gnu
 /usr/include
End of search list.
GNU C17 (Debian 12.2.0-14+deb12u1) version 12.2.0 (aarch64-linux-gnu)
	compiled by GNU C version 12.2.0, GMP version 6.2.1, MPFR version 4.2.0, MPC version 1.3.1, isl version isl-0.25-GMP

GGC heuristics: --param ggc-min-expand=100 --param ggc-min-heapsize=131072
Compiler executable checksum: 353d9f3bda0709922bce3bd32cc6f6a4
COLLECT_GCC_OPTIONS='-v' '-o' 'CMakeFiles/cmTC_dce22.dir/CMakeCCompilerABI.c.o' '-c' '-mlittle-endian' '-mabi=lp64' '-dumpdir' 'CMakeFiles/cmTC_dce22.dir/'
 as -v -EL -mabi=lp64 -o CMakeFiles/cmTC_dce22.dir/CMakeCCompilerABI.c.o /tmp/ccpWCS01.s
GNU assembler version 2.40 (aarch64-linux-gnu) using BFD version (GNU Binutils for Debian) 2.40
COMPILER_PATH=/usr/lib/gcc/aarch64-linux-gnu/12/:/usr/lib/gcc/aarch64-linux-gnu/12/:/usr/lib/gcc/aarch64-linux-gnu/:/usr/lib/gcc/aarch64-linux-gnu/12/:/usr/lib/gcc/aarch64-linux-gnu/
LIBRARY_PATH=/usr/lib/gcc/aarch64-linux-gnu/12/:/usr/lib/gcc/aarch64-linux-gnu/12/../../../aarch64-linux-gnu/:/usr/lib/gcc/aarch64-linux-gnu/12/../../../../lib/:/lib/aarch64-linux-gnu/:/lib/../lib/:/usr/lib/aarch64-linux-gnu/:/usr/lib/../lib/:/usr/lib/gcc/aarch64-linux-gnu/12/../../../:/lib/:/usr/lib/
COLLECT_GCC_OPTIONS='-v' '-o' 'CMakeFiles/cmTC_dce22.dir/CMakeCCompilerABI.c.o' '-c' '-mlittle-endian' '-mabi=lp64' '-dumpdir' 'CMakeFiles/cmTC_dce22.dir/CMakeCCompilerABI.c.'
Linking C executable cmTC_dce22
/usr/bin/cmake -E cmake_link_script CMakeFiles/cmTC_dce22.dir/link.txt --verbose=1
/usr/bin/cc  -v CMakeFiles/cmTC_dce22.dir/CMakeCCompilerABI.c.o -o cmTC_dce22 
Using built-in specs.
COLLECT_GCC=/usr/bin/cc
COLLECT_LTO_WRAPPER=/usr/lib/gcc/aarch64-linux-gnu/12/lto-wrapper
Target: aarch64-linux-gnu
Configured with: ../src/configure -v --with-pkgversion='Debian 12.2.0-14+deb12u1' --with-bugurl=file:///usr/share/doc/gcc-12/README.Bugs --enable-languages=c,ada,c++,go,d,fortran,objc,obj-c++,m2 --prefix=/usr --with-gcc-major-version-only --program-suffix=-12 --program-prefix=aarch64-linux-gnu- --enable-shared --enable-linker-build-id --libexecdir=/usr/lib --without-included-gettext --enable-threads=posix --libdir=/usr/lib --enable-nls --enable-clocale=gnu --enable-libstdcxx-debug --enable-libstdcxx-time=yes --with-default-libstdcxx-abi=new --enable-gnu-unique-object --disable-libquadmath --disable-libquadmath-support --enable-plugin --enable-default-pie --with-system-zlib --enable-libphobos-checking=release --with-target-system-zlib=auto --enable-objc-gc=auto --enable-multiarch --enable-fix-cortex-a53-843419 --disable-werror --enable-checking=release --build=aarch64-linux-gnu --host=aarch64-linux-gnu --target=aarch64-linux-gnu
Thread model: posix
Supported LTO compression algorithms: zlib zstd
gcc version 12.2.0 (Debian 12.2.0-14+deb12u1) 
COMPILER_PATH=/usr/lib/gcc/aarch64-linux-gnu/12/:/usr/lib/gcc/aarch64-linux-gnu/12/:/usr/lib/gcc/aarch64-linux-gnu/:/usr/lib/gcc/aarch64-linux-gnu/12/:/usr/lib/gcc/aarch64-linux-gnu/
LIBRARY_PATH=/usr/lib/gcc/aarch64-linux-gnu/12/:/usr/lib/gcc/aarch64-linux-gnu/12/../../../aarch64-linux-gnu/:/usr/lib/gcc/aarch64-linux-gnu/12/../../../../lib/:/lib/aarch64-linux-gnu/:/lib/../lib/:/usr/lib/aarch64-linux-gnu/:/usr/lib/../lib/:/usr/lib/gcc/aarch64-linux-gnu/12/../../../:/lib/:/usr/lib/
COLLECT_GCC_OPTIONS='-v' '-o' 'cmTC_dce22' '-mlittle-endian' '-mabi=lp64' '-dumpdir' 'cmTC_dce22.'
 /usr/lib/gcc/aarch64-linux-gnu/12/collect2 -plugin /usr/lib/gcc/aarch64-linux-gnu/12/liblto_plugin.so -plugin-opt=/usr/lib/gcc/aarch64-linux-gnu/12/lto-wrapper -plugin-opt=-fresolution=/tmp/ccXElYl9.res -plugin-opt=-pass-through=-lgcc -plugin-opt=-pass-through=-lgcc_s -plugin-opt=-pass-through=-lc -plugin-opt=-pass-through=-lgcc -plugin-opt=-pass-through=-lgcc_s --build-id --eh-frame-hdr --hash-style=gnu --as-needed -dynamic-linker /lib/ld-linux-aarch64.so.1 -X -EL -maarch64linux --fix-cortex-a53-843419 -pie -o cmTC_dce22 /usr/lib/gcc/aarch64-linux-gnu/12/../../../aarch64-linux-gnu/Scrt1.o /usr/lib/gcc/aarch64-linux-gnu/12/../../../aarch64-linux-gnu/crti.o /usr/lib/gcc/aarch64-linux-gnu/12/crtbeginS.o -L/usr/lib/gcc/aarch64-linux-gnu/12 -L/usr/lib/gcc/aarch64-linux-gnu/12/../../../aarch64-linux-gnu -L/usr/lib/gcc/aarch64-linux-gnu/12/../../../../lib -L/lib/aarch64-linux-gnu -L/lib/../lib -L/usr/lib/aarch64-linux-gnu -L/usr/lib/../lib -L/usr/lib/gcc/aarch64-linux-gnu/12/../../.. CMakeFiles/cmTC_dce22.dir/CMakeCCompilerABI.c.o -lgcc --push-state --as-needed -lgcc_s --pop-state -lc -lgcc --push-state --as-needed -lgcc_s --pop-state /usr/lib/gcc/aarch64-linux-gnu/12/crtendS.o /usr/lib/gcc/aarch64-linux-gnu/12/../../../aarch64-linux-gnu/crtn.o
COLLECT_GCC_OPTIONS='-v' '-o' 'cmTC_dce22' '-mlittle-endian' '-mabi=lp64' '-dumpdir' 'cmTC_dce22.'
gmake[1]: Leaving directory '/home/dev/workspace/workspace/build/CMakeFiles/CMakeScratch/TryCompile-mSSyBf'



Parsed C implicit include dir info from above output: rv=done
  found start of include info
  found start of implicit include info
    add: [/usr/lib/gcc/aarch64-linux-gnu/12/include]
    add: [/usr/local/include]
    add: [/usr/include/aarch64-linux-gnu]
    add: [/usr/include]
  end of search list found
  collapse include dir [/usr/lib/gcc/aarch64-linux-gnu/12/include] ==> [/usr/lib/gcc/aarch64-linux-gnu/12/include]
  collapse include dir [/usr/local/include] ==> [/usr/local/include]
  collapse include dir [/usr/include/aarch64-linux-gnu] ==> [/usr/include/aarch64-linux-gnu]
  collapse include dir [/usr/include] ==> [/usr/include]
  implicit include dirs: [/usr/lib/gcc/aarch64-linux-gnu/12/include;/usr/local/include;/usr/include/aarch64-linux-gnu;/usr/include]


Parsed C implicit link information from above output:
  link line regex: [^( *|.*[/\])(ld|CMAKE_LINK_STARTFILE-NOTFOUND|([^/\]+-)?ld|collect2)[^/\]*( |$)]
  ignore line: [Change Dir: /home/dev/workspace/workspace/build/CMakeFiles/CMakeScratch/TryCompile-mSSyBf]
  ignore line: []
  ignore line: [Run Build Command(s):/usr/bin/gmake -f Makefile cmTC_dce22/fast && /usr/bin/gmake  -f CMakeFiles/cmTC_dce22.dir/build.make CMakeFiles/cmTC_dce22.dir/build]
  ignore line: [gmake[1]: Entering directory '/home/dev/workspace/workspace/build/CMakeFiles/CMakeScratch/TryCompile-mSSyBf']
  ignore line: [Building C object CMakeFiles/cmTC_dce22.dir/CMakeCCompilerABI.c.o]
  ignore line: [/usr/bin/cc   -v -o CMakeFiles/cmTC_dce22.dir/CMakeCCompilerABI.c.o -c /usr/share/cmake-3.25/Modules/CMakeCCompilerABI.c]
  ignore line: [Using built-in specs.]
  ignore line: [COLLECT_GCC=/usr/bin/cc]
  ignore line: [Target: aarch64-linux-gnu]
  ignore line: [Configured with: ../src/configure -v --with-pkgversion='Debian 12.2.0-14+deb12u1' --with-bugurl=file:///usr/share/doc/gcc-12/README.Bugs --enable-languages=c ada c++ go d fortran objc obj-c++ m2 --prefix=/usr --with-gcc-major-version-only --program-suffix=-12 --program-prefix=aarch64-linux-gnu- --enable-shared --enable-linker-build-id --libexecdir=/usr/lib --without-included-gettext --enable-threads=posix --libdir=/usr/lib --enable-nls --enable-clocale=gnu --enable-libstdcxx-debug --enable-libstdcxx-time=yes --with-default-libstdcxx-abi=new --enable-gnu-unique-object --disable-libquadmath --disable-libquadmath-support --enable-plugin --enable-default-pie --with-system-zlib --enable-libphobos-checking=release --with-target-system-zlib=auto --enable-objc-gc=auto --enable-multiarch --enable-fix-cortex-a53-843419 --disable-werror --enable-checking=release --build=aarch64-linux-gnu --host=aarch64-linux-gnu --target=aarch64-linux-gnu]
  ignore line: [Thread model: posix]
  ignore line: [Supported LTO compression algorithms: zlib zstd]
  ignore line: [gcc version 12.2.0 (Debian 12.2.0-14+deb12u1) ]
  ignore line: [COLLECT_GCC_OPTIONS='-v' '-o' 'CMakeFiles/cmTC_dce22.dir/CMakeCCompilerABI.c.o' '-c' '-mlittle-endian' '-mabi=lp64' '-dumpdir' 'CMakeFiles/cmTC_dce22.dir/']
  ignore line: [ /usr/lib/gcc/aarch64-linux-gnu/12/cc1 -quiet -v -imultiarch aarch64-linux-gnu /usr/share/cmake-3.25/Modules/CMakeCCompilerABI.c -quiet -dumpdir CMakeFiles/cmTC_dce22.dir/ -dumpbase CMakeCCompilerABI.c.c -dumpbase-ext .c -mlittle-endian -mabi=lp64 -version -fasynchronous-unwind-tables -o /tmp/ccpWCS01.s]
  ignore line: [GNU C17 (Debian 12.2.0-14+deb12u1) version 12.2.0 (aarch64-linux-gnu)]
  ignore line: [	compiled by GNU C version 12.2.0  GMP version 6.2.1  MPFR version 4.2.0  MPC version 1.3.1  isl version isl-0.25-GMP]
  ignore line: []
  ignore line: [GGC heuristics: --param ggc-min-expand=100 --param ggc-min-heapsize=131072]
  ignore line: [ignoring nonexistent directory "/usr/local/include/aarch64-linux-gnu"]
  ignore line: [ignoring nonexistent directory "/usr/lib/gcc/aarch64-linux-gnu/12/include-fixed"]
  ignore line: [ignoring nonexistent directory "/usr/lib/gcc/aarch64-linux-gnu/12/../../../../aarch64-linux-gnu/include"]
  ignore line: [#include "..." search starts here:]
  ignore line: [#include <...> search starts here:]
  ignore line: [ /usr/lib/gcc/aarch64-linux-gnu/12/include]
  ignore line: [ /usr/local/include]
  ignore line: [ /usr/include/aarch64-linux-gnu]
  ignore line: [ /usr/include]
  ignore line: [End of search list.]
  ignore line: [GNU C17 (Debian 12.2.0-14+deb12u1) version 12.2.0 (aarch64-linux-gnu)]
  ignore line: [	compiled by GNU C version 12.2.0  GMP version 6.2.1  MPFR version 4.2.0  MPC version 1.3.1  isl version isl-0.25-GMP]
  ignore line: []
  ignore line: [GGC heuristics: --param ggc-min-expand=100 --param ggc-min-heapsize=131072]
  ignore line: [Compiler executable checksum: 353d9f3bda0709922bce3bd32cc6f6a4]
  ignore line: [COLLECT_GCC_OPTIONS='-v' '-o' 'CMakeFiles/cmTC_dce22.dir/CMakeCCompilerABI.c.o' '-c' '-mlittle-endian' '-mabi=lp64' '-dumpdir' 'CMakeFiles/cmTC_dce22.dir/']
  ignore line: [ as -v -EL -mabi=lp64 -o CMakeFiles/cmTC_dce22.dir/CMakeCCompilerABI.c.o /tmp/ccpWCS01.s]
  ignore line: [GNU assembler version 2.40 (aarch64-linux-gnu) using BFD version (GNU Binutils for Debian) 2.40]
  ignore line: [COMPILER_PATH=/usr/lib/gcc/aarch64-linux-gnu/12/:/usr/lib/gcc/aarch64-linux-gnu/12/:/usr/lib/gcc/aarch64-linux-gnu/:/usr/lib/gcc/aarch64-linux-gnu/12/:/usr/lib/gcc/aarch64-linux-gnu/]
  ignore line: [LIBRARY_PATH=/usr/lib/gcc/aarch64-linux-gnu/12/:/usr/lib/gcc/aarch64-linux-gnu/12/../../../aarch64-linux-gnu/:/usr/lib/gcc/aarch64-linux-gnu/12/../../../../lib/:/lib/aarch64-linux-gnu/:/lib/../lib/:/usr/lib/aarch64-linux-gnu/:/usr/lib/../lib/:/usr/lib/gcc/aarch64-linux-gnu/12/../../../:/lib/:/usr/lib/]
  ignore line: [COLLECT_GCC_OPTIONS='-v' '-o' 'CMakeFiles/cmTC_dce22.dir/CMakeCCompilerABI.c.o' '-c' '-mlittle-endian' '-mabi=lp64' '-dumpdir' 'CMakeFiles/cmTC_dce22.dir/CMakeCCompilerABI.c.']
  ignore line: [Linking C executable cmTC_dce22]
  ignore line: [/usr/bin/cmake -E cmake_link_script CMakeFiles/cmTC_dce22.dir/link.txt --verbose=1]
  ignore line: [/usr/bin/cc  -v CMakeFiles/cmTC_dce22.dir/CMakeCCompilerABI.c.o -o cmTC_dce22 ]
  ignore line: [Using built-in specs.]
  ignore line: [COLLECT_GCC=/usr/bin/cc]
  ignore line: [COLLECT_LTO_WRAPPER=/usr/lib/gcc/aarch64-linux-gnu/12/lto-wrapper]
  ignore line: [Target: aarch64-linux-gnu]
  ignore line: [Configured with: ../src/configure -v --with-pkgversion='Debian 12.2.0-14+deb12u1' --with-bugurl=file:///usr/share/doc/gcc-12/README.Bugs --enable-languages=c ada c++ go d fortran objc obj-c++ m2 --prefix=/usr --with-gcc-major-version-only --program-suffix=-12 --program-prefix=aarch64-linux-gnu- --enable-shared --enable-linker-build-id --libexecdir=/usr/lib --without-included-gettext --enable-threads=posix --libdir=/usr/lib --enable-nls --enable-clocale=gnu --enable-libstdcxx-debug --enable-libstdcxx-time=yes --with-default-libstdcxx-abi=new --enable-gnu-unique-object --disable-libquadmath --disable-libquadmath-support --enable-plugin --enable-default-pie --with-system-zlib --enable-libphobos-checking=release --with-target-system-zlib=auto --enable-objc-gc=auto --enable-multiarch --enable-fix-cortex-a53-843419 --disable-werror --enable-checking=release --build=aarch64-linux-gnu --host=aarch64-linux-gnu --target=aarch64-linux-gnu]
  ignore line: [Thread model: posix]
  ignore line: [Supported LTO compression algorithms: zlib zstd]
  ignore line: [gcc version 12.2.0 (Debian 12.2.0-14+deb12u1) ]
  ignore line: [COMPILER_PATH=/usr/lib/gcc/aarch64-linux-gnu/12/:/usr/lib/gcc/aarch64-linux-gnu/12/:/usr/lib/gcc/aarch64-linux-gnu/:/usr/lib/gcc/aarch64-linux-gnu/12/:/usr/lib/gcc/aarch64-linux-gnu/]
  ignore line: [LIBRARY_PATH=/usr/lib/gcc/aarch64-linux-gnu/12/:/usr/lib/gcc/aarch64-linux-gnu/12/../../../aarch64-linux-gnu/:/usr/lib/gcc/aarch64-linux-gnu/12/../../../../lib/:/lib/aarch64-linux-gnu/:/lib/../lib/:/usr/lib/aarch64-linux-gnu/:/usr/lib/../lib/:/usr/lib/gcc/aarch64-linux-gnu/12/../../../:/lib/:/usr/lib/]
  ignore line: [COLLECT_GCC_OPTIONS='-v' '-o' 'cmTC_dce22' '-mlittle-endian' '-mabi=lp64' '-dumpdir' 'cmTC_dce22.']
  link line: [ /usr/lib/gcc/aarch64-linux-gnu/12/collect2 -plugin /usr/lib/gcc/aarch64-linux-gnu/12/liblto_plugin.so -plugin-opt=/usr/lib/gcc/aarch64-linux-gnu/12/lto-wrapper -plugin-opt=-fresolution=/tmp/ccXElYl9.res -plugin-opt=-pass-through=-lgcc -plugin-opt=-pass-through=-lgcc_s -plugin-opt=-pass-through=-lc -plugin-opt=-pass-through=-lgcc -plugin-opt=-pass-through=-lgcc_s --build-id --eh-frame-hdr --hash-style=gnu --as-needed -dynamic-linker /lib/ld-linux-aarch64.so.1 -X -EL -maarch64linux --fix-cortex-a53-843419 -pie -o cmTC_dce22 /usr/lib/gcc/aarch64-linux-gnu/12/../../../aarch64-linux-gnu/Scrt1.o /usr/lib/gcc/aarch64-linux-gnu/12/../../../aarch64-linux-gnu/crti.o /usr/lib/gcc/aarch64-linux-gnu/12/crtbeginS.o -L/usr/lib/gcc/aarch64-linux-gnu/12 -L/usr/lib/gcc/aarch64-linux-gnu/12/../../../aarch64-linux-gnu -L/usr/lib/gcc/aarch64-linux-gnu/12/../../../../lib -L/lib/aarch64-linux-gnu -L/lib/../lib -L/usr/lib/aarch64-linux-gnu -L/usr/lib/../lib -L/usr/lib/gcc/aarch64-linux-gnu/12/../../.. CMakeFiles/cmTC_dce22.dir/CMakeCCompilerABI.c.o -lgcc --push-state --as-needed -lgcc_s --pop-state -lc -lgcc --push-state --as-needed -lgcc_s --pop-state /usr/lib/gcc/aarch64-linux-gnu/12/crtendS.o /usr/lib/gcc/aarch64-linux-gnu/12/../../../aarch64-linux-gnu/crtn.o]
    arg [/usr/lib/gcc/aarch64-linux-gnu/12/collect2] ==> ignore
    arg [-plugin] ==> ignore
    arg [/usr/lib/gcc/aarch64-linux-gnu/12/liblto_plugin.so] ==> ignore
    arg [-plugin-opt=/usr/lib/gcc/aarch64-linux-gnu/12/lto-wrapper] ==> ignore
    arg [-plugin-opt=-fresolution=/tmp/ccXElYl9.res] ==> ignore
    arg [-plugin-opt=-pass-through=-lgcc] ==> ignore
    arg [-plugin-opt=-pass-through=-lgcc_s] ==> ignore
    arg [-plugin-opt=-pass-through=-lc] ==> ignore
    arg [-plugin-opt=-pass-through=-lgcc] ==> ignore
    arg [-plugin-opt=-pass-through=-lgcc_s] ==> ignore
    arg [--build-id] ==> ignore
    arg [--eh-frame-hdr] ==> ignore
    arg [--hash-style=gnu] ==> ignore
    arg [--as-needed] ==> ignore
    arg [-dynamic-linker] ==> ignore
    arg [/lib/ld-linux-aarch64.so.1] ==> ignore
    arg [-X] ==> ignore
    arg [-EL] ==> ignore
    arg [-maarch64linux] ==> ignore
    arg [--fix-cortex-a53-843419] ==> ignore
    arg [-pie] ==> ignore
    arg [-o] ==> ignore
    arg [cmTC_dce22] ==> ignore
    arg [/usr/lib/gcc/aarch64-linux-gnu/12/../../../aarch64-linux-gnu/Scrt1.o] ==> obj [/usr/lib/gcc/aarch64-linux-gnu/12/../../../aarch64-linux-gnu/Scrt1.o]
    arg [/usr/lib/gcc/aarch64-linux-gnu/12/../../../aarch64-linux-gnu/crti.o] ==> obj [/usr/lib/gcc/aarch64-linux-gnu/12/../../../aarch64-linux-gnu/crti.o]
    arg [/usr/lib/gcc/aarch64-linux-gnu/12/crtbeginS.o] ==> obj [/usr/lib/gcc/aarch64-linux-gnu/12/crtbeginS.o]
    arg [-L/usr/lib/gcc/aarch64-linux-gnu/12] ==> dir [/usr/lib/gcc/aarch64-linux-gnu/12]
    arg [-L/usr/lib/gcc/aarch64-linux-gnu/12/../../../aarch64-linux-gnu] ==> dir [/usr/lib/gcc/aarch64-linux-gnu/12/../../../aarch64-linux-gnu]
    arg [-L/usr/lib/gcc/aarch64-linux-gnu/12/../../../../lib] ==> dir [/usr/lib/gcc/aarch64-linux-gnu/12/../../../../lib]
    arg [-L/lib/aarch64-linux-gnu] ==> dir [/lib/aarch64-linux-gnu]
    arg [-L/lib/../lib] ==> dir [/lib/../lib]
    arg [-L/usr/lib/aarch64-linux-gnu] ==> dir [/usr/lib/aarch64-linux-gnu]
    arg [-L/usr/lib/../lib] ==> dir [/usr/lib/../lib]
    arg [-L/usr/lib/gcc/aarch64-linux-gnu/12/../../..] ==> dir [/usr/lib/gcc/aarch64-linux-gnu/12/../../..]
    arg [CMakeFiles/cmTC_dce22.dir/CMakeCCompilerABI.c.o] ==> ignore
    arg [-lgcc] ==> lib [gcc]
    arg [--push-state] ==> ignore
    arg [--as-needed] ==> ignore
    arg [-lgcc_s] ==> lib [gcc_s]
    arg [--pop-state] ==> ignore
    arg [-lc] ==> lib [c]
    arg [-lgcc] ==> lib [gcc]
    arg [--push-state] ==> ignore
    arg [--as-needed] ==> ignore
    arg [-lgcc_s] ==> lib [gcc_s]
    arg [--pop-state] ==> ignore
    arg [/usr/lib/gcc/aarch64-linux-gnu/12/crtendS.o] ==> obj [/usr/lib/gcc/aarch64-linux-gnu/12/crtendS.o]
    arg [/usr/lib/gcc/aarch64-linux-gnu/12/../../../aarch64-linux-gnu/crtn.o] ==> obj [/usr/lib/gcc/aarch64-linux-gnu/12/../../../aarch64-linux-gnu/crtn.o]
  collapse obj [/usr/lib/gcc/aarch64-linux-gnu/12/../../../aarch64-linux-gnu/Scrt1.o] ==> [/usr/lib/aarch64-linux-gnu/Scrt1.o]
  collapse obj [/usr/lib/gcc/aarch64-linux-gnu/12/../../../aarch64-linux-gnu/crti.o] ==> [/usr/lib/aarch64-linux-gnu/crti.o]
  collapse obj [/usr/lib/gcc/aarch64-linux-gnu/12/../../../aarch64-linux-gnu/crtn.o] ==> [/usr/lib/aarch64-linux-gnu/crtn.o]
  collapse library dir [/usr/lib/gcc/aarch64-linux-gnu/12] ==> [/usr/lib/gcc/aarch64-linux-gnu/12]
  collapse library dir [/usr/lib/gcc/aarch64-linux-gnu/12/../../../aarch64-linux-gnu] ==> [/usr/lib/aarch64-linux-gnu]
  collapse library dir [/usr/lib/gcc/aarch64-linux-gnu/12/../../../../lib] ==> [/usr/lib]
  collapse library dir [/lib/aarch64-linux-gnu] ==> [/lib/aarch64-linux-gnu]
  collapse library dir [/lib/../lib] ==> [/lib]
  collapse library dir [/usr/lib/aarch64-linux-gnu] ==> [/usr/lib/aarch64-linux-gnu]
  collapse library dir [/usr/lib/../lib] ==> [/usr/lib]
  collapse library dir [/usr/lib/gcc/aarch64-linux-gnu/12/../../..] ==> [/usr/lib]
  implicit libs: [gcc;gcc_s;c;gcc;gcc_s]
  implicit objs: [/usr/lib/aarch64-linux-gnu/Scrt1.o;/usr/lib/aarch64-linux-gnu/crti.o;/usr/lib/gcc/aarch64-linux-gnu/12/crtbeginS.o;/usr/lib/gcc/aarch64-linux-gnu/12/crtendS.o;/usr/lib/aarch64-linux-gnu/crtn.o]
  implicit dirs: [/usr/lib/gcc/aarch64-linux-gnu/12;/usr/lib/aarch64-linux-gnu;/usr/lib;/lib/aarch64-linux-gnu;/lib]
  implicit fwks: []


